symbol,date,return_1d,return_5d,return_20d,rsi,macd_hist,bb_position,vol_ratio,volatility,label,future_return
SPY,day_50,0.009635552670671288,0.005062744111028694,-0.02660946294284061,35.65738749324858,-483.06673877663843,19.74504023020336,0.8156455996805809,0.03972858090417936,1,0.0754747180021226
SPY,day_100,0.07673069922230602,0.1600654806322115,0.043008653754831316,60.33802087177628,-515.7797005727232,82.70116852727203,0.8658728016858737,0.03297026604907426,1,0.040553556446545284
SPY,day_150,0.008606053249563317,0.07058235774489785,0.11321010081841498,44.27014813562668,-646.9457744783809,71.83730068093774,1.032711245144122,0.02727714932019345,1,0.0318321593154388
SPY,day_200,0.015214152322863495,0.02117717717092371,0.15104620706075855,61.88045963870619,-794.2392290838364,79.36476834193448,0.8296400342494585,0.03502258666150355,1,0.039490631037324225
SPY,day_250,-0.04463004749013055,-0.03273569783422037,0.04517123510026533,56.889423951211725,-913.9211227203836,64.16806378339153,1.2989713306179094,0.034680195670882936,-1,-0.10621539948707545
SPY,day_300,0.047608451648698535,0.05811209199874101,0.29474008972619803,79.12332708567568,-1158.364849293344,92.99954491281987,0.938530978338749,0.035217264052380626,-1,-0.04290130378182142
SPY,day_350,0.046588665381846806,0.1420846576931849,0.1649100364933509,52.57955999033536,-1657.1482944391626,95.91369237207267,0.991966562670615,0.03850537346373911,1,0.041889309097778465
SPY,day_400,0.03210056725895427,0.04492419910044387,0.12004698320310436,54.60484368695024,-2119.4508529002683,85.74817603378281,0.9406656577087561,0.03280353185626929,0,-0.009171703474409402
SPY,day_450,-0.03795738713479191,-0.0013810873690954795,0.11120705683506671,59.78148057657108,-2910.4077887698363,73.93585004425604,0.9546928267174934,0.030230247462754756,-1,-0.06078023101028605
SPY,day_50,0.0032283514173683248,0.023359389544588716,-0.04768987943922154,34.01860678016121,-248.5791946609798,43.62133927714108,1.1299272829898381,0.01175602260383163,-1,-0.030859067821975533
SPY,day_100,0.009624559740951444,0.033910189811246605,0.033768997561664404,53.250041377098384,-248.0009518261912,80.93521312209882,1.02286490631701,0.01152113389971391,-1,-0.01951193993015426
SPY,day_150,-0.0006401643164590798,-0.029082898304268356,0.009621503174983781,39.49975452106068,-247.58747162906013,29.188172938918367,0.8661119556460652,0.00979957716907863,1,0.016562821975549428
SPY,day_200,-0.016041970053203958,-0.05809301988392768,-0.046871640401362824,31.718672430665677,-238.37883744434842,-12.709403763427272,1.1021764831543717,0.011110855288432442,-1,-0.025252794002357994
SPY,day_250,-7.853928762602269e-05,-0.0024594028747126906,-0.02407656825617921,47.45005355571914,-202.3775294797267,25.875922815801765,0.9119454802488461,0.010429899850417942,0,-0.009469706775967052
SPY,day_300,0.005390043484458262,-0.020533118290061214,-0.08514251324220534,26.340070435411505,-175.8872775978043,11.315118918792894,0.8232316235408347,0.010111349838587788,-1,-0.030100353362428535
SPY,day_350,-0.011381758211980064,0.00019086391181089013,-0.05845577847220207,42.8232682325605,-147.82538515041395,44.97011681651581,0.8749221462283095,0.013285193129356455,-1,-0.01810840116070438
SPY,day_400,-0.005785485258482437,-0.004187938880077735,-0.015931156566291738,48.1196379944828,-135.1623233144728,37.60873859095754,0.9276796469440012,0.010511747093106974,1,0.013946063939302162
SPY,day_450,0.011805756638979092,-0.021995432028035555,0.00048114307224400577,45.45601213210292,-125.24653649717708,10.03246130099563,0.6830432957021292,0.011914710622318626,1,0.05479830547680013
SPY,day_50,-0.0045298951954548805,0.018555147335834965,-0.17446648052202396,19.605591168186052,-427.3401585238594,22.634092924955038,0.9555024544777193,0.020541144386891315,0,-0.0001914839096160655
SPY,day_100,-0.04536202389234911,-0.05321455773428185,0.305028188179264,80.07527853282183,-513.7252791186436,75.87714070270583,0.9581212287100226,0.02571416608822341,1,0.036871094827826766
SPY,day_150,-0.009877776449581654,0.07754686672636035,0.05721096615447241,51.72451890130494,-652.7198540283963,89.67620968580287,0.7745157425900114,0.021036382701667147,1,0.03572998156374005
SPY,day_200,0.04004574382116166,-0.0276987090513795,-0.07099088253575958,35.77398157751527,-649.8036803086218,-5.9646944386505005,1.0925016144823172,0.024391580802374198,-1,-0.042823500165522846
SPY,day_250,0.019443496855111153,-0.05984627665165421,-0.019096448459302806,32.048445385502774,-687.1492354690453,0.011414336092365788,1.1188552317485878,0.021485180330290832,1,0.01811184915467034
SPY,day_300,-0.013353748857162784,-0.04855642763684731,-0.1315850165689022,42.04726354096945,-759.2145096207045,21.500676269943657,1.7727911462771284,0.022528973762584375,-1,-0.027249671287271574
SPY,day_350,-0.009333936599641213,0.09593723309267643,-0.001844276072048845,74.64888375945009,-632.459364589157,93.2557612560326,1.1198222144037928,0.022578947248669184,1,0.06184747501875196
SPY,day_400,0.036556478854210095,0.06742989396710297,0.06660468122538421,48.79753578724702,-786.5255983328725,74.85610242472302,0.8776516547860452,0.02100722864161663,1,0.07928793909298232
SPY,day_450,0.02723110088292735,0.06566726637750175,0.11694413433527973,57.60405810133471,-1008.3558702042583,91.76194913336543,0.9174929780546781,0.019078054900642526,-1,-0.06614409310262057
SPY,day_50,0.013024446998320949,-0.015387362606016364,-0.08594115952549786,47.009633696235866,-130.8169981504025,27.13077857137781,0.8844573521771729,0.017381591573270162,0,-0.007153310951506288
SPY,day_100,-0.0020823502670204164,-0.03722870576646298,-0.0014013853907315355,54.389301684990585,-129.39272606809666,60.715567958594306,1.2203984532063752,0.014973777423947053,1,0.01803918959805895
SPY,day_150,0.003046144618279012,0.015032941593591032,-0.012933528619694212,39.16650609515203,-145.8956770472361,33.263853184530625,0.6969341071793449,0.01690041080887091,-1,-0.02000824632149338
SPY,day_200,0.008511528098754884,0.03035614908515183,0.026131727501465418,60.87080728015911,-140.59430204005292,78.73146612234643,0.9260117526641586,0.015192652730938774,1,0.03497134871830324
SPY,day_250,-0.014347051286283441,-0.03785705428402075,-0.1157345336861606,25.60120287108461,-121.84630128474694,20.662318598727012,1.0341847199928849,0.016160848894074323,0,0.004566497365513413
SPY,day_300,0.004032213157345144,0.04075298107231751,0.052061222469590884,62.14789874404171,-119.9151126332254,93.38011635939637,1.3368518610336382,0.016988639441159314,0,0.0021318518146108516
SPY,day_350,-0.013405883757558468,-0.05952763393221372,0.01588255058717758,37.20030196040869,-117.35672237174181,22.881564837732366,0.8513368540499454,0.01770349883751085,-1,-0.021572030785638345
SPY,day_400,-0.031443776347274244,-0.028259489742269994,-0.008899107919103866,84.24079545813235,-119.90316722286694,86.2840507474539,1.1704577421711386,0.016353354528368558,-1,-0.019674134437250034
SPY,day_450,-0.008119151040405392,0.026137172624810745,0.03874126690620705,60.7203475145592,-110.91781563608616,107.24142945167954,0.8681207219748344,0.019287983871439915,-1,-0.012054950846255892
SPY,day_50,-0.001814072506163611,-0.05802512145381389,0.11887394428722531,53.397870879339344,-200.16685620393253,51.31166408387677,0.7126418534351051,0.036212891113619625,1,0.05107572005139839
SPY,day_100,-0.030001450616456093,-0.00822937688836134,-0.24625546920361097,38.144711341113364,-251.92745216615188,28.896880845996474,1.0273987159154083,0.03768994759206214,1,0.03467213836039587
SPY,day_150,0.01749833353950736,0.07569461941548283,-0.029038561656695383,49.76240574568936,-282.0612167409074,57.9528140349148,1.4110252870517723,0.03370262063793251,-1,-0.06600115494445752
SPY,day_200,0.08121188221095244,0.05665354719679416,-0.07323185762733575,36.17674614238374,-204.3591660627531,-5.725653067990537,0.9323928796465683,0.035692223971517945,1,0.018947007135442166
SPY,day_250,-0.0029028644964926853,0.01737764309709733,-0.10501344615504915,44.03829330373572,-172.74118511943888,48.45731831136763,0.6493909812183127,0.030866021446807362,-1,-0.03401517739727291
SPY,day_300,-0.019031796837949866,0.08134463181376783,0.33735285755648126,70.45608102310122,-186.2282849922426,86.93117836214333,1.001069685205619,0.037227790619756104,-1,-0.049582007957464626
SPY,day_350,-0.00022853029305902606,0.0702611736882035,-0.028842975222763356,46.72401890294869,-175.1553533403031,68.86958203063548,0.9870282729248135,0.037876890405021776,-1,-0.019630957190705903
SPY,day_400,0.018572471940567326,0.10856852135891759,0.3131496170829078,83.64015206770277,-183.09198768245415,96.6090500381171,0.9201874793782138,0.03393684783967848,-1,-0.08711023815424572
SPY,day_450,0.012956879838863733,0.04600299064371138,0.28207772799886843,95.44074369124012,-183.4890592600667,89.08798596591765,1.0248771932921268,0.029539399618962906,-1,-0.013735355989378696
SPY,day_50,-0.006136364841406561,-0.033747506225322854,-0.022198241582286338,39.601973158488136,-463.78415602252016,36.478129553337816,0.9744212729988825,0.02752589688772821,1,0.1585078893846515
SPY,day_100,-0.0015924194804316505,0.013623978058433961,0.07626961020524003,58.13803841623255,-575.4457322955407,71.03667872537676,1.0607534453161027,0.03191845843260164,-1,-0.13101933163186838
SPY,day_150,0.027437007407566272,0.06737599694389407,-0.047624431095918296,41.33745029949446,-345.4282818593989,44.740573924980325,0.7365770465873006,0.035360937162161564,-1,-0.07159152345425202
SPY,day_200,0.006530632933761327,-0.03211691155390428,0.12632500342812336,70.58051257472255,-404.0817585881504,66.10822927975593,0.9225794182330489,0.02872829932687025,0,0.004992788547239034
SPY,day_250,0.006277337991711818,-0.08764957467342382,-0.15114688261674591,34.126482837082236,-354.3957568069141,3.155657625839154,0.7902651438977638,0.027494531947671336,1,0.1448343393362304
SPY,day_300,0.0015357876436679074,-0.017812698796016213,-0.06401369696599002,47.66811911173103,-437.8915904749062,32.654911140514216,1.4103933526957684,0.035757268596349916,-1,-0.029255515062320783
SPY,day_350,-0.02312292681300865,0.05061692985393229,0.00775983946836778,49.795034942611,-436.8615527917159,86.88659656294662,1.1127529931357205,0.024848827398437485,-1,-0.03813709713190987
SPY,day_400,0.0340396097829061,0.10067230174465291,0.25424365730259724,58.60620565314232,-444.53255374057693,68.11793959642787,0.9300423594323295,0.03407144163647464,1,0.04836799471609401
SPY,day_450,-0.024721342322316042,-0.11424483154418763,0.003153779246969135,45.67288453451558,-493.44678603418333,26.739019522438785,1.0725099783034522,0.03433266829140238,-1,-0.09288263195117351
SPY,day_50,0.005293322947719448,0.04576350647783145,0.14380894792091703,80.5049740449144,-279.01848960125017,108.25449827624342,0.933978498193811,0.02308623877735323,1,0.0837380419324258
SPY,day_100,0.03174351461004843,0.05228134331127454,-0.044178439785832135,46.06111400336903,-315.1933825817917,49.843525823612204,1.0664044656766016,0.02453900277209007,1,0.09486747827252673
SPY,day_150,0.0019050538821911989,-0.0028323314312425074,0.05438130145329367,54.46022306463542,-376.9393189476538,53.11609346491056,0.8220353513975273,0.02626930869641925,1,0.055700419066077575
SPY,day_200,0.026629390979488576,0.039378562992004706,0.12212391795242872,56.978081923875074,-381.5450020352609,85.3022747055978,0.8109819864797012,0.027215676413362356,1,0.03959807178167239
SPY,day_250,0.015938285838527966,0.07047720838922733,0.11336243618387543,62.163423604747365,-428.1245017496542,84.82047693536707,1.2162797756732733,0.030682773860783143,1,0.05853288113870054
SPY,day_300,0.02818779981606223,0.10318059848446715,0.03571108459349248,65.69821393171007,-425.9122814178078,84.90023768311353,1.1730891057664041,0.02796365096666884,-1,-0.03582087654955169
SPY,day_350,-0.03671550503909837,-0.006670418831124847,-0.08164258323679241,34.41542588372863,-451.23498607094893,29.721374563289633,0.813688112642218,0.034902871888744316,1,0.18832402202469353
SPY,day_400,0.02500817998324978,-0.02132749961968783,-0.15814701554952648,42.526814371531124,-419.2439675376581,37.94356965239026,0.8658979390701284,0.032044800138907766,-1,-0.02551384840538357
SPY,day_450,-0.0388032641760675,-0.08483955648754726,-0.10076736288701815,34.53872485361087,-351.885907190902,6.8804033892082535,1.0202776498814687,0.02869162451696173,0,0.007382399069799441
SPY,day_50,0.02909694554878106,-0.0926957021824425,-0.07332931915579455,34.74968510273011,-223.85850582317644,-3.1151782965874846,1.0219957339572423,0.031554129925889914,-1,-0.010824191134526009
SPY,day_100,0.05302228979839363,-0.10913268364582174,-0.4475511042433399,1.1859490706024332,-166.83065340115425,9.004685961085283,0.8602997114421063,0.040368210145317315,1,0.06668800299910209
SPY,day_150,0.0007007967978156504,-0.0025325662041111308,-0.1282864543507395,41.414842578095964,-122.8572041469338,20.090315015603906,0.8013337133576816,0.04295336406657357,-1,-0.03810814945409166
SPY,day_200,-0.009150048490465967,-0.03491029366603515,0.0277540878624416,44.00848147483551,-117.68111046212914,26.971328100677315,1.2828532828637182,0.03303507115608301,1,0.025077942046947837
SPY,day_250,0.036222099584023226,-0.08059433034821095,-0.32776668986115076,23.302249282922403,-69.86697247124411,17.95558127711246,0.6467154919540211,0.039062220429149155,-1,-0.13321746076357402
SPY,day_300,0.015036212298056961,-0.08716710118715121,-0.2385729702543753,26.67718671343009,-56.99641187291613,8.693812175332981,0.8236216924746198,0.038299702204274734,1,0.02027959565894011
SPY,day_350,0.007932287106359848,0.021888678406847495,-0.06820958739189231,53.07263064957053,-48.85369711525389,52.74601778269902,0.7263950439170395,0.028871078949412474,1,0.14252529612634715
SPY,day_400,-0.02222850192547221,0.02026346798284484,-0.08510421966487791,43.41799881361518,-71.29978127388279,56.18363067158224,1.049673301689491,0.03860655403698588,-1,-0.05631811923716001
SPY,day_450,0.029979888317702263,0.06239236201958298,-0.03328273981156893,44.39703746115399,-80.76608131595367,36.723900190767864,0.8885979620091138,0.031475732394661296,1,0.02107456438195433
SPY,day_50,-0.0011861497988572278,0.00476345418006785,0.13360924007674368,86.28373883120207,-360.7597237540975,79.02189483518562,0.9147197659596791,0.013509051324412928,0,0.007462681182761081
SPY,day_100,0.013300678276094047,-0.007541595935668943,0.024041603155312785,43.624899026299225,-451.5247289085091,23.65231484164182,0.9503139050582586,0.013914219199587387,0,-0.0060498402393478435
SPY,day_150,-0.011397705200287045,-0.053773738613888455,0.061848066639791144,60.601862812386834,-543.3051038460608,68.84316048737637,0.7455344951339742,0.013769779997248134,1,0.03641140875663922
SPY,day_200,-0.004012595048148215,-0.022737928480792924,0.09274404009905513,56.61865775197173,-650.8489639649775,54.573330331654546,0.8905353127119917,0.016152109900971604,1,0.04447126378217747
SPY,day_250,-0.0041850164048166105,0.01866922814276517,0.0016446533171246003,56.40049777168344,-746.1723115796326,69.68224517670244,1.0249567030608775,0.0152355322246761,1,0.06828384267385197
SPY,day_300,0.01808331782859307,-0.009958658518793406,0.0440847235579489,52.50905020652555,-999.0644097427863,49.01917254186044,0.7334649241284794,0.01663701934070014,0,-0.002753296237524006
SPY,day_350,-0.008501610449896502,-0.011433566749455282,0.02978001633820493,58.63403955505571,-1203.0817337354165,63.89964978528527,0.879032915916135,0.015076698339934825,-1,-0.040550133395067474
SPY,day_400,0.03946524212623159,0.021394434327107748,0.01631555838442833,41.66261530027822,-1184.3177685044639,20.77304226393033,1.124063335181671,0.016490197218118025,1,0.045945160222477896
SPY,day_450,0.005460733368791271,0.039014140895342386,-0.030276082138589344,36.76854619579488,-1338.55039820524,39.77128819373341,0.9843014494086856,0.014348142518694092,1,0.035624454258688765
SPY,day_50,-0.021421993008290174,-0.04686594792904519,0.3920103306635916,80.98042828712319,-450.3669290742044,80.2911627787487,0.9649624238932679,0.025194079827254696,-1,-0.08095065694756524
SPY,day_100,0.04227606696383179,0.10678920709966211,0.043991344391684395,60.79543662395619,-409.2691429876062,93.86933442105513,0.9734028371014951,0.02793997699590722,-1,-0.06549908554730602
SPY,day_150,-0.04665542512718057,-0.0621354530974052,0.10034642566151342,61.674670973730066,-436.9235549810124,87.15136972812917,0.9337861159427129,0.032969478141470665,1,0.05063794404505728
SPY,day_200,-0.02637080129776126,0.0775861012370389,0.2636623305767247,79.77036808661579,-461.8747097888646,107.49630884725052,1.0395331473797278,0.03283816344839066,1,0.09673649497516759
SPY,day_250,0.012856561981612113,0.11211500073509484,-0.009176371237919811,56.551204654444334,-510.6473165298623,68.79893866177402,0.9353601697989959,0.028064667119942762,-1,-0.09973245040639185
SPY,day_300,0.011645283044136034,-0.045180532401547846,-0.15110409602793862,12.435582253655213,-381.1578889690186,9.4989288568802,1.4965708185811508,0.02612583497644668,0,-0.0010130532397490666
SPY,day_350,0.023789673062765804,0.04447986405630777,0.052196367685432676,67.60917430364961,-367.0167014355569,74.05898372176476,1.0343356041291762,0.02417783600154561,1,0.043442355166230455
SPY,day_400,0.0019043957290805213,-0.0021133913761395284,0.10214384136955657,67.01510581702112,-529.9497100798181,84.3648341823097,1.2263894882852615,0.024808923728198654,-1,-0.03248387180448011
SPY,day_450,0.003282471428507794,0.019065139002494513,0.047026511848215824,51.24902493586834,-607.3027470936279,72.51624677796408,1.153171001280837,0.029210780855732792,0,0.004162044004664044
SPY,day_50,0.010552475556760754,0.030408317079173353,0.09460633302450394,67.49555937857937,-491.07414303861265,115.14450805068721,1.2312575113476325,0.01783441709496463,0,0.0012621886612736955
SPY,day_100,0.01064734947877799,0.0723826401821781,-0.045549730790828136,44.511454317063084,-538.7340802969735,47.905806951589085,1.1949366086810196,0.01871171743537246,0,-0.006883950946261625
SPY,day_150,-0.008748372293277074,0.015459952809290689,-0.010471843984370177,55.68798256348155,-552.0627290599897,70.51349345768024,1.011310140560433,0.016727003046097127,-1,-0.10653921270024722
SPY,day_200,0.029146420909481607,0.01277682886584719,0.08234635857105044,64.66817132287154,-466.60942858735075,67.26944999235087,1.2307343033472526,0.017296370182555695,-1,-0.05816338406147103
SPY,day_250,0.004299183496052406,-0.02404161934803495,-0.09621656270755419,40.16348380921999,-416.4601155524936,19.836179799936716,1.0201463186322244,0.019847204637233988,-1,-0.018559740487201024
SPY,day_300,-0.0008065914564222565,0.03247187432236509,-0.048860814445384704,49.23642167477115,-358.4747213044256,43.08591072695342,1.139302030031665,0.019329919160466644,1,0.012313653081657003
SPY,day_350,0.004931580754952369,-0.046843972416285795,-0.01884832861946595,36.87887193938166,-421.24530388709763,1.1692011798360213,0.9313137145760821,0.016771669687226945,0,0.009277594314439983
SPY,day_400,0.01041694804186477,0.026968744457601668,0.025890062471728204,58.15551762095428,-426.78398635896036,67.12981659253835,1.149144982044677,0.019116063290156696,1,0.017445861276552895
SPY,day_450,-0.0070174105717421,0.0064989173731087035,0.0394080707436919,55.52268991072164,-436.2490337216355,67.24736861809244,0.7480565068162466,0.018019904505435953,1,0.03665705671636934
SPY,day_50,0.05462398361521248,0.060534085163681084,-0.10800746025348507,27.301014670490943,-55.88762673872825,28.747245279875383,1.0498170988067197,0.03341208720051881,1,0.02840791903691346
SPY,day_100,0.06498640301368352,0.07608176569223235,-0.04005892745420003,45.012813859394896,-38.75816166942607,25.01149712829242,0.8603069458937269,0.027399956530109123,-1,-0.010204845616640612
SPY,day_150,0.013977597788786156,0.007272106535005429,0.168395233801778,59.44645187845266,-40.600704027203875,62.29917027316522,0.8018394400688207,0.037799668619077714,-1,-0.022888241362412038
SPY,day_200,-0.026047899503802263,0.012778843924347472,0.18067561291046186,65.53052593391794,-40.01968219836293,91.30199556578343,1.3390952041297626,0.026911580853998262,1,0.08329007167269072
SPY,day_250,0.10562531130111319,0.028507254929997616,-0.24027595202159768,15.078491377399857,-35.585565163744256,16.319395066266175,1.0600862157835942,0.03407021052157916,1,0.15362353164464537
SPY,day_300,-0.03728888585927281,-0.0388607910843245,-0.08309321763185562,53.89738553315459,-36.04815999563016,45.887232434225325,1.1266874935749467,0.03192506256266042,1,0.053843555937693965
SPY,day_350,-0.029867711183889534,-0.05155177206766948,-0.14868557911091274,50.83793442956603,-29.902848782688597,21.58774676888684,0.9841911700245985,0.030980881324683303,1,0.05109955870644749
SPY,day_400,-0.012325173658045863,-0.07596419040611091,-0.11639018995288275,26.489692725885433,-28.39063623334152,4.654522896904976,0.9730370644654514,0.0298661593201728,-1,-0.08311916536380407
SPY,day_450,-0.01053502177308463,0.050209534476991946,0.2657857558111323,68.80762494226994,-24.97570616666435,82.98397528383165,1.3675651054361264,0.03283451984020748,0,0.0016757409889911346
SPY,day_50,0.00511744743851672,-0.005743694621830775,-0.17065742659682037,23.476648379851113,-268.99750600311387,13.127318138601948,0.9366854407696047,0.02865020976189332,-1,-0.18843110627584692
SPY,day_100,0.06028410239960236,0.0016903284841707222,-0.002037132155248589,39.200102440333275,-191.8383806499214,15.410124028392493,0.8934529197751917,0.02919847959226143,1,0.1680805975985624
SPY,day_150,-0.08225012683640676,-0.02145984110868926,-0.057808146022404805,69.98167233091979,-221.15070626243977,77.91033831609981,1.0403887310868367,0.03240616285604865,1,0.010112323628645633
SPY,day_200,-0.013184405219435313,-0.015829886529132864,-0.25676822291083146,30.97901828179387,-149.07530517872257,22.333912878240973,1.2085492587673528,0.028174259037915716,1,0.024581337194337118
SPY,day_250,0.004951258475273113,-0.057326431340366635,-0.10691431652168992,24.897605620854378,-95.36482405371842,-4.959491157389834,1.0317436434271758,0.028469984342171253,-1,-0.02291223231771031
SPY,day_300,0.015164670609175257,-0.10720041182858275,-0.11435531522706166,38.15557286451312,-75.12434135799569,-14.397741775694362,1.3437441014500777,0.02989719975233663,-1,-0.01657001919599182
SPY,day_350,-0.0298102984850237,0.030634790640423848,0.057156329576490084,58.80122658188844,-62.70643040010052,89.62311469383812,0.9566348520550595,0.030990556603976125,1,0.03814797422391432
SPY,day_400,0.011119776962546624,0.05851701705224799,-0.02102377350139839,58.37730619115501,-61.71271091931709,48.6333750284569,0.8329028977006216,0.028125133520202416,-1,-0.041657511253779395
SPY,day_450,-0.02834256223412035,-0.011144105761367262,0.017316467716347317,56.84200059195598,-56.52750916212731,73.56781109621647,1.061825108277222,0.026503808122340978,1,0.14675000086935838
SPY,day_50,0.004575743950382405,0.10024457423462407,-0.08072977915098556,34.0699851546716,-79.01125172542817,44.687567536032425,0.6127609571000391,0.02495792953519719,1,0.040428347462098495
SPY,day_100,0.011642458409735434,-0.014912508975823968,-0.020934329839164656,54.51527340766711,-75.95301283087875,43.00469882499598,1.1741325647063434,0.02684576893260534,-1,-0.010227361140420723
SPY,day_150,-0.017797610811913778,-0.04334415207403508,-0.002265611727061856,43.64440009920563,-75.85642269879479,27.341517196318843,0.9166692237796992,0.023818584237563008,1,0.03379799417863647
SPY,day_200,0.013000732005950422,0.07093985612710996,0.2714831411776808,83.47551295123051,-76.48880672991815,97.01478728093844,0.6480510288849766,0.02802766377986606,1,0.10072431962821261
SPY,day_250,0.012306048153240212,-0.04279205927308827,-0.05094139079784499,34.65103099400223,-83.75050527840389,-13.62580535860152,1.032768206269408,0.027169779426017046,1,0.05133471268857458
SPY,day_300,0.010660171815165542,-0.004060838572931158,0.07602719240495626,52.75467539230093,-85.98924847351948,54.52666004560726,1.0116112124745609,0.03090550867293861,1,0.021655300813142715
SPY,day_350,0.014429831710693897,0.09228539939478808,0.12795638790304986,62.82967304897618,-109.47701442737086,88.74453004998126,1.1477985147873564,0.025285156664185463,-1,-0.20299330467088347
SPY,day_400,0.016506738497584772,0.02377253659530454,-0.006699608628186082,36.829505719970726,-107.21364395567028,23.15246185633398,0.7904033246972932,0.027431803799723264,1,0.013368495526727388
SPY,day_450,-0.008412457945028873,0.0046304055067156735,-0.020889549710819022,45.999202589200145,-104.50039769678483,28.856367157321582,1.0164942795701837,0.02364511213259385,-1,-0.026742861324973537
SPY,day_50,-0.006634470338010345,-0.024380718354331865,0.008684564877383671,59.63040896799859,-445.27473315770703,45.33499608530209,1.2151861655045906,0.009540757904544948,1,0.0292086009006354
SPY,day_100,0.020252564034588305,0.06122616313650031,0.1887483100408729,98.39324520561495,-502.7538588739769,96.82384965302478,1.101298139305468,0.009144631291574125,1,0.012765231707545713
SPY,day_150,0.002460950536336881,0.014604452077966013,0.023312659703626393,52.736274345709326,-625.7028397655557,52.14827688138389,1.0278971759990465,0.009775355628790205,0,-0.00347876115299308
SPY,day_200,-0.0042288274171015106,0.014776055869936577,0.04425421024797882,67.97610900491894,-685.9049955150773,89.43175024437447,1.1118531739394262,0.00872451759621404,1,0.053085082878863876
SPY,day_250,-0.02097749137237337,-0.03434330372799099,-0.04398136659274776,47.41967832828039,-752.2695708027775,27.3871914098259,0.825892431226179,0.011955047793615645,-1,-0.0109172173057478
SPY,day_300,0.014509226352130478,0.040821911438518876,0.08383371139440499,81.37786210943585,-777.5767739773645,104.32179603061948,0.9668583549540731,0.009818124744028128,1,0.040908924167021236
SPY,day_350,0.003818564651354217,-0.007988870392958924,0.023027843428082395,46.80133634314279,-764.2215213205498,24.966979963909647,0.8192600941485528,0.008980349071682525,0,-0.005918864424966728
SPY,day_400,0.011318169197741312,0.04366380137452186,0.11992159926684476,93.89539862395341,-894.1534350978188,98.52024018472223,0.7733118427344937,0.011224008160439357,-1,-0.03143938004723931
SPY,day_450,-0.0012489498996300918,-0.0402371401675079,-0.0027635799042973197,38.52095385662855,-1009.3173127491609,8.97290105850895,0.7631777269315988,0.011335356979272277,-1,-0.011631660315327893
SPY,day_50,0.009733766810748445,-0.007503015382290923,0.009901758646095438,33.27460344534927,-426.5371706980254,24.506218635013656,1.062049327444323,0.029263003424469285,1,0.061203818457888894
SPY,day_100,0.04657359580581488,0.12677601376122705,0.23979999213784842,72.26549604728439,-421.63110857962573,100.2235427341007,0.8419433720815422,0.03560625586994247,0,-0.00813043496967742
SPY,day_150,-0.06881914583989746,-0.1151015623694287,-0.2647260846392181,11.81271857395376,-457.91184764146357,11.34049479069056,0.7177339183438651,0.032365754738121096,-1,-0.09593879430094643
SPY,day_200,-0.02747897846285019,0.006998041113770226,0.10575352978524433,65.81764646346727,-311.9104128285745,79.47316156394393,0.8021187355199704,0.03710191778088959,-1,-0.07626559369662711
SPY,day_250,0.06550009388704336,0.11753178305397682,0.3554173957381308,62.250708143968765,-296.251061519616,86.46447044894498,0.8424489843761134,0.034819078835131315,-1,-0.014353177009390974
SPY,day_300,-0.053352449524918355,-0.18878708847510517,-0.28675812912021126,8.618237462945487,-233.5368164340578,2.5658461008059392,1.1665039731527618,0.025966584186350106,1,0.04179217082932926
SPY,day_350,-0.03443070805584747,-0.01460580361234809,-0.1528511914725269,33.970384015922264,-137.6957800182523,33.139184765787434,0.8110884778407897,0.026869029840962774,-1,-0.05471817555539287
SPY,day_400,-0.030482037509561022,-0.015417444278364889,-0.03401404642898742,62.129415043960776,-150.89854522199775,57.71031163745543,1.1137805825228408,0.033220936583561296,-1,-0.162487348437792
SPY,day_450,-0.07129257772973652,-0.11988489339678676,-0.08100166996253033,50.241431499551666,-95.60207788405526,60.475146455533135,0.896421890372403,0.03962331601358912,1,0.020868754227779198
SPY,day_50,0.017668633578101778,-0.0728156157840627,-0.3145088935005653,31.537769792176917,-238.98157294794737,18.796224454337374,1.127022089821112,0.04940930545237445,-1,-0.07940949194108159
SPY,day_100,-0.011221582149309683,-0.025210654658898157,0.055270488010096264,51.645906351393386,-156.6969889071525,62.238149241963846,1.237662991406347,0.03749957306490446,1,0.042722432372579895
SPY,day_150,0.0002485901403601609,0.17183610183442855,-0.10377798402488847,36.98454922876735,-176.79391838888986,45.54274172508577,1.0675724460546374,0.04323418235271353,1,0.02725345047070468
SPY,day_200,0.0387870103787924,0.10019059454957113,-0.025667018704221167,56.07130934946943,-139.14770435044218,78.71631721870095,0.8546484193522454,0.0404457871118515,0,0.000917009511039599
SPY,day_250,-0.026701588746427363,-0.12096169937698276,-0.04761529331294645,53.10521772576339,-119.12507018889245,25.593234604992382,0.842403314393724,0.042286765814950965,1,0.2509778459828725
SPY,day_300,0.007336231721463582,-0.019056127471438034,0.4173466314935106,60.45841144540621,-180.55898852525135,75.22418926019027,0.8897329095929575,0.045555322455678955,1,0.02802181888329676
SPY,day_350,0.0495746323298929,0.1199580973111043,0.2162988566140951,69.74276764408336,-240.26626475815752,87.37605311337784,1.0253119896683396,0.032924183600123,1,0.06478824027593129
SPY,day_400,0.013316560313027637,-0.07949844795834948,-0.1605931698687333,22.720457083314315,-234.50384380599937,-6.031457676924529,1.0347475118868248,0.04275065004649599,-1,-0.027201393806197606
SPY,day_450,-0.007904448201481284,0.08654148297123077,-0.12685971361455106,42.28569355028593,-193.20433898298404,48.30637694903048,0.8167853572056282,0.039997728832641154,-1,-0.022570729271629352
SPY,day_50,-0.02350113828684275,-0.09412136763378864,-0.30215756830540696,30.767608314764445,-290.3702374861412,9.19056127148193,1.0900890587795231,0.03464876828506614,1,0.07317803453935677
SPY,day_100,-0.05767649641021311,-0.07098210188727994,-0.14216106009692164,43.20074425096872,-246.26755142696442,21.984977077670262,0.8704522656102763,0.02798227877159655,1,0.05680339352591029
SPY,day_150,0.015352956832943798,0.06539213119127019,-0.21252593633054273,27.642122743764148,-211.67464015145157,33.41730156687217,0.9249223708139173,0.03400829494610087,-1,-0.1235097290421878
SPY,day_200,-0.006671079280284764,-0.044239267529640136,0.08237505922403865,69.29506147715588,-220.28837201018374,75.25541538342732,0.7270176930259216,0.030895310254176023,1,0.06844495037122006
SPY,day_250,0.009910467289088398,-0.022416071225694334,0.15346054441731316,57.21085140844849,-208.8722071522254,68.46514616121499,0.9134368150683242,0.032382272980664206,1,0.02250255092607574
SPY,day_300,-0.03526274510633132,-0.05865422421443511,-0.1037367394571439,41.798053675975794,-174.3622171834358,18.46311810873489,0.9945482137698181,0.03375279369019208,-1,-0.0904245404169395
SPY,day_350,0.027999654993242418,0.05089995250238588,-0.03528012575790096,46.41407743387179,-139.61139036780295,59.35139892485396,0.7261455417356449,0.03381244406822027,1,0.053549480193437846
SPY,day_400,-0.031265572991073465,0.001979273548531113,0.07767253425463072,71.81602326452409,-134.6022728043408,98.03441826206232,0.933675323320522,0.0329862329535002,0,0.0006614369377400606
SPY,day_450,0.006418654058391038,0.05564095659207813,-0.24507762706635694,32.48250335691171,-107.68447537184979,30.74437320703643,0.9834738440702823,0.030487174258059167,-1,-0.14317560597297127
SPY,day_50,-0.013881727135235722,0.014325065744575705,0.05140562896809642,68.10272880787083,-115.56365379133786,103.39777054844586,0.8958806460834176,0.017426233545181923,-1,-0.03460839591880206
SPY,day_100,0.015573289323192352,-0.025037987302758524,-0.05426800193837067,32.95454397830089,-111.86092845995077,3.4711453985791474,1.2403779702051259,0.014945943007927733,1,0.014571207785995653
SPY,day_150,0.0072275465346993695,0.021648901232722118,0.02363742346710085,51.05932850209384,-113.9069702373611,42.57288284850402,1.1501723054028883,0.01693656825372212,1,0.025833558580327168
SPY,day_200,-0.02624974772400479,-0.03567160282361592,-0.058957131532821117,34.77234659218071,-119.54741159205392,20.134339045914963,0.994323753246038,0.017692991671295795,1,0.05377517987200567
SPY,day_250,0.008486001429929724,-0.024357536778320088,-0.08799697969041831,44.37839985456102,-115.1693911976526,14.671488096342749,1.0001949070938938,0.01553321107308715,-1,-0.09108187682076317
SPY,day_300,0.011897329769533949,0.015129919669664371,-0.06770125132871951,41.20328483976585,-86.56297517690723,32.20731850836359,0.9717126027127133,0.02057004730280032,1,0.050499513833759786
SPY,day_350,0.008648583674727428,0.02182486233285874,0.041710571804982166,70.16257883447649,-86.00146879557668,89.86240794503522,0.7664270195550491,0.01857167366199791,1,0.016889900945464557
SPY,day_400,-0.017436175233944584,-0.029109277333183803,-0.184053791401672,23.79219834420391,-83.98879729878531,26.730378013367577,0.9732023130559215,0.019196855439303474,0,-0.007826176342613587
SPY,day_450,-0.02236496027333057,-0.024417252744671103,0.08724003136659286,53.07054848605261,-78.7669820025943,75.11026913884432,0.7403606118863938,0.019268936410245772,1,0.0584296371549528
SPY,day_50,-0.02692777386696199,-0.04502373167674034,0.0188739270808993,48.54521353662036,-87.93769341530407,65.06523121335766,1.000194408253284,0.014609534212616335,-1,-0.033669375673699306
SPY,day_100,0.04330026780995855,0.05614281307815583,0.05498280092741292,47.307917821425896,-84.79145853266549,40.93316687828128,0.9578501106409477,0.013691535836973244,1,0.023938210521679448
SPY,day_150,0.009128086299635685,-0.0217975917244444,-0.08062126534755765,26.76990293659894,-101.02254102259027,-1.9695709115233166,0.8274387431954716,0.013460937457884369,0,-0.008103263248958359
SPY,day_200,0.008184242011617604,0.006295040266434571,0.04265142758630924,67.2566454894972,-100.52983868417549,85.79130160725353,0.901053053149602,0.014698352607143987,1,0.010711283499254185
SPY,day_250,0.01860161511143854,0.010171218806837468,0.014437616067416892,56.50238077114472,-104.99803528358561,57.78366635882227,0.7944173742381736,0.013051821878536847,0,0.009741260284303829
SPY,day_300,0.0013524208541837446,0.0323536103338542,-0.054720386219276884,32.163960487175274,-100.89209733872362,27.470787918645396,0.7276874248763244,0.015491704421075413,-1,-0.015264369086099535
SPY,day_350,0.010056504005485412,0.00815591710627861,-0.042118456735420584,41.645850223784336,-93.17279027568532,23.94859702662539,0.9108252126155736,0.015772742380341112,1,0.03472998037344585
SPY,day_400,0.043110648233849025,0.0903455276706846,0.08945427636133885,71.83412445725727,-100.95127681110391,92.17445780367666,1.4670440485065233,0.01352271177696837,-1,-0.03399813811508086
SPY,day_450,0.0008131453049937676,-0.02322881372355845,-0.0902124083428123,37.194951480718274,-100.01591844652307,12.459933288074227,1.3861180306211958,0.014871677084909506,-1,-0.012295020484311043
SPY,day_50,0.05653749175740774,0.09531873174678385,0.045589131857777465,44.89760530189493,-410.91751449059296,46.95990234547492,0.949728641659711,0.027913509526962664,-1,-0.059790200348752626
SPY,day_100,-0.06187206928628752,-0.026607531781857152,-0.11490863908280313,42.955186651871685,-334.7563862318983,53.752379179570084,0.8046296048285675,0.027976524780162652,0,-0.009531413013032484
SPY,day_150,-0.007816926402156588,-0.03232801175822997,0.21885901374738337,57.922295692444564,-332.66771151433176,73.62712795637103,1.0545803202134172,0.034160405983314865,1,0.09654903906162038
SPY,day_200,-0.0036620465903353105,0.00639290916930646,-0.1534203966421106,34.7290468082433,-307.6269655563983,18.687152264258263,0.5959164105168999,0.029489851775243187,-1,-0.02011166697278051
SPY,day_250,-0.005381726281736943,-0.048963244841428,-0.18778652667949425,13.05940430827539,-244.03376302101435,10.920824996425841,1.1292492893232688,0.02240342915186213,1,0.14671538677583093
SPY,day_300,-0.015869694853409277,0.03924318151650841,0.019666902991650304,64.22146671925128,-226.28980855162658,101.65078489536938,0.7802656882823427,0.025080066067339115,1,0.011216851727178814
SPY,day_350,-0.0010876687865515322,-0.06176397106910181,-0.1353305352731139,50.72273573187592,-266.69907644846006,37.8220289678733,1.0073472157396393,0.032871864257701305,1,0.03460527382825494
SPY,day_400,-0.006289131628689937,-0.05482121993401723,-0.08872481974952529,47.7935634927246,-241.01516694027407,22.536638023916804,0.7846089266834458,0.02683357675750701,-1,-0.02147240424902018
SPY,day_450,-0.04159387294122252,-0.12171767800603606,-0.13391075040240563,25.761113182273178,-241.95188634877138,-6.755301922581418,1.012245531383214,0.02538432873285324,0,-0.006210311507990485
SPY,day_50,-0.02966799389007968,0.038050620075153585,-0.04058952980217634,42.978212929843615,-357.7258768340311,38.24921325554633,0.7417696423447989,0.029679350173570308,1,0.07629891191372216
SPY,day_100,0.0017028170144799404,-0.0958849872953591,-0.041646297416834566,47.472540772607005,-362.4511617426272,15.936923462657635,0.7828106706270974,0.03137294327851262,1,0.11680296613730123
SPY,day_150,-0.0539098877868911,-0.04824587421311721,-0.002774445348206034,56.00268813928873,-466.1233745951927,61.834493461437965,1.1201247720241754,0.018661137069285214,-1,-0.055734457034518986
SPY,day_200,-0.06217020314150279,-0.05947920827251485,-0.09145379941212206,26.933741482883406,-393.7964018080737,27.338864452259333,1.5666921476090256,0.024132494494042374,0,-0.0017675126351276477
SPY,day_250,0.010050393469300811,0.010857031722024013,0.010198683841548872,56.20613405324218,-346.9939742971866,42.169871762588116,1.4008621364398495,0.030486976159971858,1,0.06462873271690162
SPY,day_300,0.01692367910409942,-0.008912618800884009,0.00963949516082696,46.65560813253544,-344.3271880437786,6.127853878169516,0.7263706740028407,0.02914218522000019,-1,-0.017312348374918102
SPY,day_350,0.013148095268912696,-0.03246039482396457,-0.10539513492249464,27.562232361118603,-289.5848778119164,5.7703977595631075,0.8758440204920172,0.02342110992538085,-1,-0.028868016844206215
SPY,day_400,-0.006311789216361108,-0.04988690441326116,-0.05810053413305216,37.86595541189797,-336.0934429918349,17.864865827183884,0.8711070260950646,0.025850177860765915,1,0.09397951867993558
SPY,day_450,0.0063976110940657804,0.016488157753165034,0.015575237454393598,49.303075889421734,-335.4835702792705,57.736182923285085,1.3448571565135046,0.02306496112454441,1,0.020499379986402576
SPY,day_50,-0.021616746879752124,0.11971372565772209,0.19845965426308587,79.55526922196444,-150.60959440267695,120.8688633835294,1.4660724456958412,0.03094482776114454,-1,-0.05292448514963704
SPY,day_100,0.03755044998638701,0.09052837396100077,0.10880545352766413,46.718093330867006,-148.43940092778047,76.71832632842053,1.1172094982558303,0.034023359264292063,-1,-0.10928038690460938
SPY,day_150,-0.0074101322813546755,-0.006602223928221074,0.1398760948276796,65.34569626575909,-182.57221833529843,84.11815586447776,1.1437805598764523,0.026766552052861776,-1,-0.08533012821666217
SPY,day_200,-0.026141301204819722,-0.09432572065808087,-0.270600951299763,14.796895523702474,-203.78352766228934,7.172848622175512,1.1201184697909121,0.033727453246513835,0,-0.009838737490614006
SPY,day_250,0.03032872295685851,0.08839940808095359,-0.18043847630388232,16.758026287226613,-155.92997869747015,21.86273377604333,0.907886084436643,0.031867160224394085,-1,-0.15683719899101758
SPY,day_300,0.012132842404747546,-0.07394102611422093,-0.181136975648315,15.47269361752069,-111.97832702373947,1.854265545324445,1.0902955253922,0.02532197064331976,1,0.04100582253290701
SPY,day_350,-0.03833969612174837,0.15440817525474437,-0.06874471472676225,57.34701508412925,-107.92340785858612,72.29592395733015,1.3181569210664241,0.03799231729892414,1,0.026518811021542268
SPY,day_400,0.032851405841057835,-0.0027154682596236546,-0.10950162796269691,31.111103159659024,-81.19700736228374,14.319120817430155,0.8164702774789276,0.03327637912065062,-1,-0.059271524091045594
SPY,day_450,0.019752683149548478,0.1343717445523398,-0.09556194191961398,36.93051732358037,-58.736384795756194,39.11378705135291,1.1090505823022567,0.03395924295276665,1,0.03653581889338737
SPY,day_50,0.028889198622574774,-0.027572517953368014,-0.29617970114481884,15.524353904399177,-139.72377699846018,13.347229660269209,0.9399944809348579,0.030855172599613533,1,0.07041444086998208
SPY,day_100,0.022466337564712724,-0.030081015669258804,-0.16423395695583132,24.464868103203457,-108.03549536975308,13.063360636057261,0.9339125529031641,0.0326328399937738,-1,-0.1781428959940169
SPY,day_150,-0.03527576566160173,-0.01973803831252574,-0.1016153156584021,51.62042767625868,-67.66352408598848,41.398141824783686,1.352297068875005,0.02757013011095468,-1,-0.05293078421450682
SPY,day_200,0.04187096296290771,0.0601280298726945,-0.1777959061456258,29.46381714716894,-52.779807421480825,26.79640736907793,0.6860278911520247,0.03169381652377127,-1,-0.049919782030000824
SPY,day_250,-0.012726565107300525,0.025300698223767792,-0.021392532912836715,54.584220678302025,-51.322508622253565,73.33459869231022,0.8739533294575634,0.03254008047726818,1,0.04248685033115731
SPY,day_300,-0.04028754042270477,0.02632939609570295,0.04649641031308893,59.264092914366316,-63.65867471934994,92.87987606236446,1.2289856802789965,0.02821407518184331,-1,-0.011879014803038662
SPY,day_350,0.004399221790662322,-0.07551127243793432,-0.08783144886756888,53.242013684047876,-58.34303359128888,29.64878100936511,1.1705446759260354,0.02630460182277601,1,0.04160086683758321
SPY,day_400,-0.038617112681910815,-0.10938712272996398,-0.19455958427054254,18.47380312602803,-44.53216591900941,-0.3596764772709494,1.5365880133969034,0.029443718060155256,1,0.05109271744692452
SPY,day_450,0.037445071029432064,-0.08390236454293565,-0.1838455233461468,21.08916004662464,-29.923877250835947,2.7981610040853733,0.8439322154694502,0.03231776703421888,-1,-0.041791449941184035
SPY,day_50,-0.021719117697219015,0.021456782835870047,-0.13418854941456615,41.11339045499102,-369.1736141036992,30.09834164700219,0.8467533853552349,0.027251632374739803,1,0.028622987594938205
SPY,day_100,0.04296700079150706,0.06666662309669436,0.1137760207098697,67.65902172340904,-410.7551816482251,88.76664077705229,1.0734207557130413,0.02397800552957734,1,0.023382367080794827
SPY,day_150,0.006038999423612079,-0.074743543491955,-0.05000507925370934,53.48853317239883,-502.8092559568367,25.693007305975563,0.8535103728488578,0.026977613918466203,-1,-0.0846626077922732
SPY,day_200,0.028785271956903502,-0.058524003830548454,-0.18574538601138646,34.8938679270089,-477.992174804393,1.8030354896136975,0.9081831523480578,0.030025959455588377,-1,-0.08651778735824717
SPY,day_250,0.016343903693167183,0.0036082487224284865,-0.13460924202811386,35.136183167289744,-361.49085166481495,12.800887377190909,1.0037101213260042,0.025908328125866655,0,0.004887736341600863
SPY,day_300,0.026201542301976577,0.07434232931490037,-0.18027774619542725,32.89511269341146,-318.70987875847595,28.445637768918232,1.2126312635506833,0.03250204840744586,0,-0.0005087081848185306
SPY,day_350,0.014862515893711903,0.06840655366109183,0.07145997982325936,53.887850728756305,-369.81078396738815,88.3169505552803,1.153755584637514,0.02889352495052918,1,0.037834760845601466
SPY,day_400,0.03404076189835581,-0.013220440398378441,0.057788390538137335,51.510904972918375,-408.2138154637758,59.85921996585477,1.0192679412996222,0.029546011438196674,-1,-0.059710699427720705
SPY,day_450,0.007895399018537308,0.011122494039714326,-0.002044914884649196,42.34299605308303,-445.88154874926494,40.76756732321531,1.059145963267854,0.026218942293999955,1,0.045538995859780385
SPY,day_50,0.024985919054478112,-0.0016033105304651407,0.07309744424591513,62.951026784641,-250.95257802365984,58.32149920677557,1.0711724700545147,0.016166873624702392,-1,-0.028331173517521374
SPY,day_100,-0.0010071845294153947,-0.06511509551159989,-0.07087357986255194,26.865573197915126,-267.0080510126718,-16.924126430451704,1.1377473412949002,0.014274530803805708,-1,-0.021551065740348162
SPY,day_150,-0.024639014746093868,-0.01700335036929379,-0.03352188137099221,48.63280516415432,-237.96822986181442,59.62138234265596,1.201611861702917,0.01748845936311634,1,0.04951716619089743
SPY,day_200,0.008900295317499252,0.03737420289268778,0.06952809551467865,62.60616201063075,-273.6061552326319,85.29889549015672,1.1001433833622993,0.016985595510294698,1,0.025382535430770525
SPY,day_250,0.011576172094096338,0.014663092159984181,0.028764645634526964,50.176435537098214,-266.8493331056649,81.09253136837657,0.8677928813194408,0.014884702083365016,1,0.015195017030897349
SPY,day_300,-0.004973739465789162,-0.0002798536234484006,0.01530218325094479,46.07282979429828,-293.51585724960296,47.80570841482235,0.9001551217303261,0.013680340200746858,-1,-0.018885297055895096
SPY,day_350,-0.006144814959409883,-0.01922668108175385,0.010683897567600464,43.028704977062624,-307.56642951081795,44.07280486343518,1.0381123696003114,0.014488736444369262,-1,-0.0252340737553907
SPY,day_400,-0.011529268877954801,0.011508619011026067,0.042117754097173554,65.95512775472429,-282.885813793786,90.88216111086605,0.9622554354324329,0.015580463800391202,1,0.015921895876509277
SPY,day_450,-0.026674040483971817,-0.030261724912565624,-0.00011980805667433092,48.544485099060665,-276.7794853321915,65.41168952482215,1.1148251885308893,0.015199864477788913,-1,-0.06732749145785984
SPY,day_50,-0.027035883254791226,-0.06233242705425468,-0.05971768609133277,59.199495192495995,-356.139716639003,39.79781284102118,0.9150084849155828,0.02296627652430524,1,0.02560838005453162
SPY,day_100,0.0005169669080393735,-0.008926295062549938,-0.037291671324513165,50.01550125725397,-365.61055729092976,43.61299003815719,0.9776662667660055,0.022800118197230615,1,0.010432509922821269
SPY,day_150,0.009486000652665583,0.02762602205741893,-0.05643258299236675,47.56992360434057,-348.8956215058077,52.19142946492269,1.044742771640852,0.022856615958979015,1,0.05080295943532232
SPY,day_200,-0.0010987205707113645,0.055490106841664,0.1035601189918276,66.94898690338266,-464.60462710446217,100.98042191986272,1.1389037533677204,0.020194084409626042,0,-0.0059154854309267325
SPY,day_250,-0.02439486972657412,-0.06659812225859318,0.01701050267642157,48.44311310328043,-550.1410414220218,36.47003787037548,0.7207166652196975,0.018666733242239237,-1,-0.048616832887304035
SPY,day_300,0.021611373504939912,0.037301295915626476,0.05147009010071013,64.40380916014688,-494.6644719890274,93.83491656443458,0.9761815668528085,0.02127672637737035,-1,-0.022526601199793155
SPY,day_350,-0.0059662476822981425,-0.04407827075799353,0.025455062647700144,45.14611532238363,-536.3100534372477,35.172502317268986,0.6992940696723579,0.02453934406983264,-1,-0.012845781380264565
SPY,day_400,-0.035785518322166365,-0.022868867209062782,-0.10121863816780707,51.97165019033139,-544.7056886506407,49.095141666631456,0.8124911756547029,0.020221732471714656,1,0.05621242802088564
SPY,day_450,-0.005719190587551326,-0.013186211857123875,-0.17810658632269627,23.0487606516363,-470.9569951588856,22.30373337660297,0.9321512284731283,0.02192190966179822,1,0.01886705924797133
SPY,day_50,0.01409413481921784,-0.006699382960361877,-0.05280845859589245,40.50355406557441,-231.108488576979,22.599084491579248,1.2024003620262944,0.017750017105489162,1,0.04739242504091554
SPY,day_100,0.012433589600161943,-0.03829340425785577,-0.03123503043760978,37.37944726803909,-212.90555153407985,-9.249047322687925,1.1374660042628904,0.01352501477954238,0,0.004361095941416648
SPY,day_150,-0.014392173506069805,-0.0028830006323871116,0.039726264511616094,56.033144365235025,-208.00130300483818,65.75303088035686,1.0686231752246023,0.014183019784417945,-1,-0.012223690781322486
SPY,day_200,0.007776823926884724,0.024153212954862946,0.04333158624727318,47.02226334341115,-194.59481460418303,75.90708752446015,0.8290305486176232,0.012855122463136397,-1,-0.03874439545269653
SPY,day_250,0.0017855986351316133,-0.00757545170214502,0.1317040377009553,60.797655048714304,-213.34223521634027,68.88860825712763,1.124939817441675,0.014504236067469051,0,-0.002475019344968086
SPY,day_300,0.008761470748664957,-0.0347048450025198,-0.16385853044010446,3.7129950404202248,-216.03035691212074,12.188668034255322,1.0064445514216744,0.016546236628320686,-1,-0.03156039594137219
SPY,day_350,-0.016431008743379105,0.011735602305540604,-0.0038895916089847216,61.17997812993473,-180.4591723521735,82.31872517395425,1.0632860355293234,0.016026265919338974,0,-0.009332534428309825
SPY,day_400,0.017120848823242163,-0.02677812146850278,-0.06219791399931118,23.009756033432524,-162.66223623262067,7.840899996363314,1.0158633603360272,0.015117341882823527,-1,-0.01249202529041497
SPY,day_450,0.0007636606902512444,0.011137340804806772,0.07828307156666581,74.11915346663318,-147.01682356274608,86.43069563394896,1.2447978882015445,0.01599163200866526,-1,-0.032701078608108364
SPY,day_50,0.012539995627999456,-0.10742285615709468,-0.1456480656447534,30.475992843621086,-188.9632297029488,8.746088076163165,1.1754223380171331,0.032360744930844836,1,0.017550405181719946
SPY,day_100,-4.229313245396327e-06,-0.05488796629706183,0.15188379426628362,56.426396639919545,-176.53632300188062,64.3485833721354,0.8047469675730721,0.03820702351781483,1,0.10832589319191317
SPY,day_150,-0.06348507965090355,-0.13512503563672296,-0.2601360180396636,25.373619169992608,-193.42023251378905,-1.7549724904721453,0.9425439489323734,0.03432890878968403,-1,-0.046522745063860775
SPY,day_200,0.013681624628820277,-0.0054247852378697115,0.02556604433829124,49.614282944646746,-116.21435873558312,49.79473006591396,1.0758233649884752,0.031723361064295776,-1,-0.14177755554880597
SPY,day_250,-0.06734321966650092,-0.16562633591795028,-0.22372448983862425,18.02467818795816,-97.91706018724635,-5.158498118357897,0.9118479087282645,0.039993516278984405,-1,-0.05422205535702929
SPY,day_300,0.08873827914048449,0.09515819858359453,0.037858853885424315,43.51489772944863,-70.03102866485375,51.95978044657576,1.3331094857888772,0.03063896147861609,-1,-0.14388942603442745
SPY,day_350,-0.04872917862935,0.01656990513017087,-0.07723039042791158,48.2819738170563,-78.00067804926593,56.53102841063372,0.7971853297765144,0.03760182303885368,1,0.1525353996766304
SPY,day_400,-0.0432999262965289,0.014151269137699263,0.008885867517883783,42.64200404331159,-67.06607809514594,69.15460534536018,1.005189094464627,0.04821903730277618,1,0.019148401093928128
SPY,day_450,-0.03263682457455652,-0.05757479700663004,0.00889241042885458,47.5388357177035,-62.196889869056925,43.16561093010455,1.0448838334471116,0.03820537543813122,-1,-0.08063616915568515
SPY,day_50,0.0021331202968810636,0.010151394089280785,0.0360542151662242,84.6976063070029,-476.80703463850085,81.18338949675903,1.1846697608847576,0.015200914380080246,1,0.01563684995253323
SPY,day_100,0.008380771854083147,-0.0028225321906989453,-0.20220509161108047,10.501488430547383,-472.2832390751528,18.58357781140585,0.8762255572506065,0.02037574849074414,-1,-0.02298248998654007
SPY,day_150,-0.03391146907466136,-0.040916479041842035,0.02989692418716161,66.02899426211542,-402.34886323065297,76.28071236629287,0.9307833105938239,0.01564368875157842,-1,-0.01759425909708049
SPY,day_200,0.025619937491720313,0.03455603780987149,0.0793572782390648,53.94807439884806,-350.5393513690841,76.29767611062599,1.3601592222645735,0.01354769560322176,1,0.071710506516851
SPY,day_250,-0.01497011316932595,-0.030103718518606937,0.12634006389626462,68.03247224911959,-466.16578902590766,81.24407817895563,0.8918494171112822,0.01934248136248031,1,0.04837545100841947
SPY,day_300,0.04119494489008457,0.06179095631121889,0.006511008816955988,51.94847543206676,-548.3817696200756,52.236710397213,1.3028946856412842,0.01855284984163686,-1,-0.02099277829019929
SPY,day_350,0.011679344576553508,0.017143116116853374,0.09319362287204669,56.328541669619284,-613.4173698884036,61.91431460052996,1.14944687325677,0.01899505522410566,1,0.024590947726583486
SPY,day_400,0.02697728382488851,0.1190324996533001,0.24022734889295894,84.8332389408516,-811.4322653953952,108.75457755874302,1.3227997918747245,0.016767026109581442,1,0.052310805968225106
SPY,day_450,-0.021117009599926018,-0.07592721419379234,-0.11103310029657565,34.08475299969824,-837.064083942478,-12.313203168742788,0.9933494397062183,0.016156196827699858,1,0.0296839970955979
SPY,day_50,-0.03684770496474843,-0.053264382613436134,-0.05609358999208891,45.451071986886596,-173.38103241473203,27.735576063903206,0.7777617807933261,0.03304875317541039,-1,-0.01553512684092906
SPY,day_100,-0.07418474128440689,-0.14456130152845958,0.03367826622120984,52.29576674829782,-191.73432794516228,44.42912611529644,1.095252413232017,0.03391398279980471,-1,-0.034441164730711474
SPY,day_150,0.0007491830647303743,-0.1477541588342155,-0.2756890040071739,18.70928154429781,-134.8441841922501,1.2634640739354066,1.0401926117453058,0.031233494239191247,-1,-0.07726738132587846
SPY,day_200,-0.03239303888474887,-0.08543450018599963,-0.04937529783107919,47.03648599927556,-82.47023822082804,38.67857899664446,1.2257130353605392,0.034979406395118956,-1,-0.055098898930529425
SPY,day_250,-0.007098691289750048,-0.039845524033657265,-0.07790035539297102,30.08629317429454,-54.79363402694222,10.903497863117488,1.1977115728043164,0.03578124810666441,1,0.019125873011488503
SPY,day_300,-0.014735038249646393,0.003423201257864328,-0.1401149696593632,44.737114075756494,-36.194317430968376,44.6326380424512,1.1060823097562356,0.029955741518880443,-1,-0.041699816631631755
SPY,day_350,0.0032960844235996323,-0.10375334438597095,-0.23561545092873537,22.786239316297383,-19.705894209292513,-2.0446134215535334,0.927210415016078,0.028702605332351656,1,0.020552973888303534
SPY,day_400,0.0021010916123120893,0.0322499221853878,0.1847776437826012,55.03881373620926,-18.87819657108992,62.841323113168635,1.1000508866225103,0.028456234262205747,1,0.07682968299322349
SPY,day_450,-0.006799150495898187,-0.005301879326000569,-0.01643716785717142,48.24497305888138,-16.42990186174577,62.38170416156746,1.0046909293152675,0.03711435887649927,0,0.009110961919369977
SPY,day_50,0.019495991229361298,0.03379280602661194,0.1273333471199929,79.18051895219985,-328.77657506340904,80.30618836000501,1.0931194918548588,0.010381027767988224,1,0.024155805894354135
SPY,day_100,-0.003319548751659851,0.012053825274375374,0.014509907167967073,50.93964572762365,-352.42936852461565,69.95057245527427,0.7873994663520562,0.00954517953935871,0,-0.009305590130203602
SPY,day_150,0.0010660053510667122,0.016129726467097205,0.089118786313928,69.74653789844334,-375.423324466895,78.49240107114582,1.28760854160824,0.010670860470172055,1,0.04053730156560361
SPY,day_200,-0.00641557337699783,-0.0004642368540752617,-0.04292316090172632,39.35234104034295,-396.16484676160024,26.006372008039964,0.8587898204429427,0.011453147915449394,0,-0.002161707697858003
SPY,day_250,0.0002868707483607569,-0.0011100531348000597,-0.03892818565583123,37.56360945037859,-390.785004751183,28.2955854096935,1.0250303021614293,0.011261052833800888,-1,-0.036660226650817467
SPY,day_300,-0.0036769687808153595,0.023469536631339105,0.044363935568624946,59.593874711767256,-388.433131555909,98.86917527881035,0.8634074925990628,0.010745771168003399,-1,-0.051499529019421224
SPY,day_350,0.018747948117127322,0.004597320466761978,0.054000188692933326,46.58048569668221,-372.4357998119757,37.687183539375184,0.6935892512826252,0.01219679213946694,0,0.005200323366646081
SPY,day_400,0.0056172160945529015,-0.02928380652619278,0.01695341282758922,52.559665481065515,-392.8863474482832,41.326646595859394,0.7202247025676817,0.012040776800327136,0,-0.0038536486802046997
SPY,day_450,-0.014403952554105537,0.007715171298216195,-0.02327556758661853,49.43766916156798,-440.71891788232847,55.35399715504962,1.1734899124199352,0.01134175505554488,1,0.01928657299158463
SPY,day_50,-0.027555704927463176,-0.08179704369158158,-0.038946397589734505,44.52305476907767,-375.70434996809144,19.033483520274057,0.9576888698664093,0.03348439844884507,1,0.01662628579542566
SPY,day_100,-0.005297249561191153,0.011526356602468368,0.045233129266921246,61.38070784820201,-330.03517269745373,71.39352590072589,0.8226732223915701,0.03078445615016017,-1,-0.03594384781174094
SPY,day_150,0.01454750890002221,-0.08152094629374174,0.02737498512672465,49.62529606826821,-302.1730601014656,24.22442608804191,0.9219566705309566,0.03100813867851821,-1,-0.01296812080700218
SPY,day_200,-0.030950454172688713,0.025890055283904756,-0.004997719808857215,74.16708515663618,-281.4877219424767,91.12257729522108,0.8336891341268312,0.02595395591591392,0,0.00898469173966973
SPY,day_250,0.043707311825628814,0.12551295281278407,0.1635501142947653,59.09500764390651,-284.4034952401982,92.1900378543963,1.0361218519300985,0.02969476549636095,-1,-0.01948287640067809
SPY,day_300,-0.007305740990080967,-0.012545864433971987,-0.22160528582120576,25.45621924090942,-333.4421059525703,21.713704489892503,0.9291831925001989,0.032096489591983635,-1,-0.0504054407189567
SPY,day_350,0.03901111254033607,0.09219247401969288,-0.057837058046832146,49.75342366596092,-308.452332220345,44.06541602982124,1.1135197945707211,0.03110767567986348,-1,-0.05047303080487654
SPY,day_400,-0.055765848987673894,-0.06958381477569597,-0.13380326041300716,41.707169879199185,-314.9099372491263,27.175944297937182,0.7583152797383639,0.024525790143521718,1,0.013811047903691502
SPY,day_450,-0.015677613107092925,-0.10333914698890123,-0.20808653770251917,27.532805370540927,-267.3556251652372,16.051177715494937,0.724304444538257,0.03189526235432875,-1,-0.05517686105464267
SPY,day_50,0.018009051865290227,0.13077148000126693,0.04129229824685132,53.247530995335886,-207.74690948240772,69.95683003114283,1.1016636360095242,0.03131849419766423,1,0.01299881310461586
SPY,day_100,-0.02862108728138768,0.05734207623187659,0.003339153688906249,73.83473529922739,-167.0762876240966,94.71286311843224,1.364122959185059,0.03372839172355696,1,0.05909270751824379
SPY,day_150,-0.10307420737964657,-0.06154751078343201,0.0592359042385453,55.59724272286607,-202.18924036074793,82.74526638113915,0.9686386206374444,0.03319286060654281,-1,-0.015156996834352204
SPY,day_200,0.006715465588142733,-0.037378262314569644,0.0701904756812548,42.84014141329979,-250.7146988732384,34.24928542891933,0.9508591003223242,0.032340558347321594,1,0.06688227691779247
SPY,day_250,0.018163732628667884,0.10515690014872714,0.05521574811481389,45.34129380397494,-319.7242461272388,53.635352899087366,1.3449491658450836,0.0342839698223802,1,0.09217345588155569
SPY,day_300,-0.009210118650951782,-0.005818303676209835,0.346833482257102,68.36126340957684,-458.29974251745847,72.44828892703839,0.6777839559540164,0.03224752561205755,-1,-0.03280152700769808
SPY,day_350,-0.019277860246418865,0.18436348943049663,0.007581539071400689,48.454167888152135,-489.7527776013717,79.0366304872893,1.2569207111026268,0.03647149854217139,0,0.007238818833687156
SPY,day_400,-0.004884407844417349,0.05532369344922872,0.15024167183923942,64.28739768883364,-634.6434040807487,94.30414902190753,0.7460968253211466,0.03261737062607223,-1,-0.057839503262849236
SPY,day_450,0.05492612367544325,-0.008175610143472567,0.05879542438988028,59.73262479641446,-821.1918852988579,52.854729876392796,0.899637482330177,0.031247299543384975,1,0.010326508766711678
SPY,day_50,-0.0008583373697108598,-0.06829953766817753,-0.04548016112275122,44.660262179934435,-125.14451651762879,-3.5203299176336476,0.7786032822557385,0.02452703164684129,1,0.054268754635194746
SPY,day_100,0.02702668080860038,-0.09044489613043794,-0.05210309708880734,38.610945505969156,-136.31106746689525,-23.911071703932514,1.1537728395372362,0.02319418563457944,1,0.04228184223424879
SPY,day_150,0.04411272842153746,0.07307230451131796,0.0035808766912026613,43.2673318033874,-158.83992642298057,32.7852055229479,0.903195632117601,0.0281395458079207,-1,-0.052430910600905385
SPY,day_200,0.05157986831988004,-0.03480654461641597,-0.0817334151639969,27.299489897246545,-153.11998198441927,-5.90595471393524,0.9069102662332444,0.02670618854267809,1,0.027170095741155743
SPY,day_250,-0.006164980261720188,0.009788638613877465,0.040001524196180416,56.387625185303726,-143.64947801411634,82.187980433199,1.3180573221399345,0.027092759099033827,1,0.01912087779877632
SPY,day_300,-0.043974668886292534,-0.054752611124352146,-0.039835955036025994,64.84051635414994,-173.104801400743,65.15097665139746,1.1907078956946269,0.02241580407437565,1,0.10471615149542382
SPY,day_350,0.041248554760584755,0.13663276451396933,0.36390635741394495,91.92431444361918,-216.5847332981559,102.96843786540192,1.248154157954879,0.024686670905545244,1,0.05285320917262143
SPY,day_400,0.003320317687350638,-0.02270277761329742,0.0015464098978419383,55.82240313969936,-225.97840563554385,47.02359319194115,1.0360150472722318,0.02675836253427047,1,0.05129707446514135
SPY,day_450,-0.025815366876743462,-0.08850353926523158,-0.09603327321170196,37.61439242196458,-242.38480544238223,-7.71932261645053,1.0133986113333155,0.024064599631400552,1,0.037658168844132846
SPY,day_50,0.008783307200275647,0.03059684038532673,-0.0686842906684787,48.23449184701625,-158.20854941504348,36.92348619640775,1.0925774983430327,0.01958493867150074,1,0.04397341518792599
SPY,day_100,-0.008576458824930522,0.006395797555652116,0.021426168407959523,53.43557399559737,-139.7582401701551,66.51537899426756,0.7754116663905511,0.024208455019390174,0,-0.007434790823456657
SPY,day_150,0.01697959061440324,0.11852174042698582,0.11224841558866183,71.56746305309984,-142.5257118339098,116.58135163607145,1.2149869726882154,0.02025819121752203,0,0.0038643382359754915
SPY,day_200,-0.0298452361316226,-0.05428587930481821,-0.0010731989864173341,45.59542497490156,-166.36056741214918,44.591835206112826,0.7310429032279074,0.021444105728516235,0,0.005422129535882831
SPY,day_250,0.02394812943235114,0.05086127802203988,-0.06607921054718224,14.295505307641037,-166.71357392232557,27.976536035632105,1.052780875770836,0.018594669728657844,-1,-0.015000016703261052
SPY,day_300,-0.03592703766744554,-0.002808579899943653,-0.18288469665398255,27.927223989325142,-150.28717335692355,29.888716356469708,0.8783122207806483,0.01972899313308554,-1,-0.048970651015653295
SPY,day_350,-0.0066858511697436285,0.020037239403761564,0.07798416382079765,67.91799106316819,-146.98260448520222,84.10471788313409,1.0296253132938422,0.020610824203940142,-1,-0.03958258142437121
SPY,day_400,0.011873100890534172,-0.0044112339129163125,0.05335847275186634,59.77974582968244,-150.60078053040556,59.491954025434765,1.1484540123842741,0.019214210722627176,1,0.015896443188086553
SPY,day_450,-0.045632858047697566,-0.04747885763942716,0.027323830354934797,48.3448006152085,-168.72833382878127,57.46597966712087,1.1442957527842257,0.01963862608926851,1,0.016557041639267786
SPY,day_50,-0.007127313022819992,-0.020746251211038902,0.10250661977575803,71.46182070329871,-201.27315778374162,77.61121911157299,0.7843474114889574,0.013968341417070436,0,-0.004786247164089568
SPY,day_100,0.006524016420222933,-0.019625638877166174,-0.030958729935906648,27.02127886130357,-225.08196882405295,6.651432597657787,1.0698639071359708,0.013638076191777315,0,-0.007484478686016129
SPY,day_150,-0.01462699796595801,0.019409644662649495,0.03808772940214289,63.47262230458304,-238.70677871490628,106.41866632257435,0.6468803187181887,0.014041162078593319,0,-0.0016487007884215766
SPY,day_200,0.0020143109772152723,0.02170163010841253,0.07619371406193243,66.58711637254217,-261.26105484514557,86.98643726419685,1.025604899446855,0.015498800400455984,-1,-0.02336105252043822
SPY,day_250,-0.005198611687419419,-0.0032986721282634024,-0.010577865853420354,49.73672128417459,-280.149161590363,61.64449159069066,0.8757738095527259,0.01404366776430005,-1,-0.022674706759057098
SPY,day_300,0.0036890520029557727,0.023156076300569817,0.08204745970603766,70.85442544910445,-300.3205738342891,83.88002350120661,1.2403237390737418,0.011824318273848023,1,0.08087846431061989
SPY,day_350,0.000325363059470396,-0.036551822028949466,0.04442762605317063,63.780079817176244,-337.979318336102,63.0310173141203,0.8388438335261553,0.014580245732724529,-1,-0.015543959342709855
SPY,day_400,0.0025793989205351586,-0.04129000828170326,0.006591448526336086,37.94795986302571,-328.5407691880424,7.497067847751017,1.1206569534368234,0.013612523890829698,1,0.03254675548095927
SPY,day_450,0.007830936513513187,-0.030771662570164948,-0.04996671914974582,31.10542483921536,-330.33854413232876,-4.0850445791311,1.0992572280581636,0.01215224076836615,-1,-0.03153842999407678
SPY,day_50,0.005421037343206425,0.016611360691884958,-0.05376707151073434,28.430990394816348,-298.9372898406996,23.053026877122917,0.7445085117358337,0.012583017897908763,1,0.04611189725400225
SPY,day_100,-0.008640639428169172,-0.04280097560502072,0.00798237266584123,66.71130113846877,-304.81358840656736,60.31365125380474,0.897579532459643,0.014157859532462855,-1,-0.04236895456970123
SPY,day_150,-0.009583223519037953,0.014154357797426353,0.047322886046349044,75.2468747600208,-231.43645438250655,89.71173409134339,1.1080915380966168,0.013765537288942262,0,-0.004140504156541133
SPY,day_200,-0.005800168262649952,0.006720554183324845,-0.014046627480372775,52.8593536846244,-221.2741038400757,36.066934550079296,1.0854251968983009,0.011435362861702256,0,-0.0090476866889987
SPY,day_250,-0.0031577055194460524,-0.02276712603640052,-0.01688810554611142,41.096356229372404,-237.06199281244173,3.9001255351795954,0.7397615878294226,0.013151302295927822,-1,-0.023108944688318183
SPY,day_300,0.004149925896199225,-0.007607495986033608,0.06052070782827479,59.627561952780674,-238.84122817826722,70.65778653486309,0.8533649591610801,0.011610154004439694,-1,-0.023207044628099093
SPY,day_350,-0.020880588961060598,-0.014880912341851515,-0.0801769725469772,35.67067632341313,-216.29939554284795,24.61611156109486,1.044872378410407,0.013501732861174362,-1,-0.03331406564451523
SPY,day_400,0.017586017572801094,0.02457078954215164,0.010340466882359012,45.15698883082546,-190.32464814961395,40.19055149107116,1.0875866807510874,0.011200548573427942,0,-0.0051606747247689546
SPY,day_450,-0.014497986100851956,-0.04780117683027829,-0.0972677536770521,41.82997740874903,-162.5878356905304,36.741439558093475,0.9313445817764029,0.015753353204865983,1,0.03070404234203599
SPY,day_50,-0.03011834650528944,-0.018867862577691796,-0.08470920829837014,19.34171544478815,-501.86968233659996,28.45154309331775,1.3600634311246955,0.016876362158086005,0,0.009767474564307
SPY,day_100,-0.02922656563934345,-0.0410995682252715,-0.12959699471380026,38.304690262746526,-431.4416437225746,13.59119636000396,0.884392353459683,0.01418565615517526,-1,-0.08597867543505433
SPY,day_150,-0.023506697240382346,-0.03844124944641869,-0.08196186859415033,37.48789500846379,-339.8439059346826,5.686021872684278,0.8921262792896493,0.015817959430471863,1,0.01124524305220316
SPY,day_200,-0.040651675699217904,-0.04147064337794559,-0.09091031834183039,35.7507296333884,-312.23800222698827,40.65951629285771,0.7215517441516582,0.015278588968400623,1,0.049150112706866984
SPY,day_250,-0.013144843854841715,-0.001842947755865021,0.015057509918681822,49.56910207484689,-314.08283667824674,71.2571515615084,0.8512769388046618,0.017135914165769504,-1,-0.02927626525940294
SPY,day_300,0.03336051156569764,-0.005549909525933372,-0.03286634289029988,33.388489198575044,-282.75998190208384,-6.621585304516008,0.9299703582781146,0.014503225827437015,-1,-0.0759030123083341
SPY,day_350,-0.0026764559081451367,0.029369100021279237,0.020267585238754382,36.56661840988615,-266.1949377230657,53.515288480666435,1.1368388496666828,0.015887134964955973,-1,-0.04638337150047155
SPY,day_400,0.01005341282664518,0.023322153409641277,0.012108242815695558,43.72673409755457,-282.7284644329038,46.64106403441461,1.074379499782751,0.016262776443218097,0,-0.003500698373120248
SPY,day_450,0.01052053340678083,0.017029594912516766,0.055658963463536715,52.46805501773723,-295.79865829932345,63.57890549075616,1.4515155173260588,0.01653560422149865,0,-0.0026652783995461376
SPY,day_50,-0.0028298615341614264,0.025687397398926226,0.0683808357906126,70.74006588523292,-482.82725537582087,93.61403721425997,1.2050417613869253,0.014794252471921178,1,0.0448871732277822
SPY,day_100,0.006482884314322757,-0.003685276615931543,-0.07217924113071195,53.25987729038885,-440.1283426577179,31.67126345857198,1.1653705670887733,0.016576129985774457,-1,-0.03164344763945091
SPY,day_150,0.0054952563129713194,-0.015367467424202697,0.020105042598992817,48.62528394078498,-457.6502971965462,27.160804282911105,0.9146982611611443,0.013173928766931358,1,0.02948621536771865
SPY,day_200,0.023523678262955094,0.038876183408987686,0.014476044237850427,37.983302433649975,-455.7152977600746,45.17432179615367,1.1388856814989992,0.014532445764839622,-1,-0.016885411731217236
SPY,day_250,-0.017720635244066307,0.0033462317284864707,0.026797806232540466,68.11308240898684,-485.052739251043,93.20541252745876,0.9886165516470176,0.01162886531772576,1,0.011491969783870978
SPY,day_300,0.004186703945221026,0.023340364680335624,0.037508625194603074,64.47881053932534,-566.3957217627925,86.73044604160029,0.9322436555696978,0.011598008195480342,0,-0.003568265806764183
SPY,day_350,0.02090322255100574,0.033423161847339955,0.16382850820399586,77.42709998898074,-602.1832029153483,78.84283647422647,1.1193700187287383,0.01395756653462723,-1,-0.015737258817401657
SPY,day_400,-0.008402586276914037,0.007424243626703353,0.014073443989752521,58.827834263914326,-641.1243484029978,77.72385245983006,1.0222506726114893,0.012435248988921867,-1,-0.03081485553250401
SPY,day_450,0.006633821791656613,0.003254003763816904,0.03280732619561655,38.07678868550726,-683.3464217455478,31.899003081543224,0.9142571506427479,0.013638478646009453,1,0.03580403253166604
SPY,day_50,0.02047911349850895,0.1357739203224051,0.31430987676079547,87.83215525125824,-201.18380144780494,101.74089390256478,1.1245226396043986,0.027610698400181023,1,0.08767590340852982
SPY,day_100,0.013700671458636071,-0.021932600054618834,-0.07654443853384973,16.160573608817728,-254.99106822704914,7.509899865096132,0.8875165254283409,0.02421980469096736,1,0.040086655956869305
SPY,day_150,-0.0230589919062556,-0.04840405076821919,0.04162687198596915,41.85673279283012,-269.54613695086954,38.274150162150086,1.2234698582268202,0.02950792484813362,-1,-0.014122749947095288
SPY,day_200,0.024943086732580166,-0.05136879180424525,-0.052133507207799745,29.832059144256263,-244.8510208371529,-14.825696952690182,0.8538451504922454,0.02580623919852843,1,0.09194561820002618
SPY,day_250,-0.0033654805392091536,-0.0035703562351070417,0.0635528681947728,59.942253182711106,-266.1729094302726,73.98013504196045,1.288004393636746,0.027970841517067208,1,0.08290992309885632
SPY,day_300,0.03110865843449062,-0.008317427643927067,0.09829126374740826,54.66176558995976,-316.5316444636993,53.06767294050281,1.1506685699461967,0.027753241434616684,-1,-0.01960442089007699
SPY,day_350,-0.029317031996519693,-0.04344177128168347,-0.06102945876343291,55.504561410573785,-392.54661290332405,52.88107421190571,1.0396954537594534,0.03272448771266319,1,0.05231128529093566
SPY,day_400,-0.040705119770118814,0.0072643241994436725,-0.016421883937174253,57.227398245676625,-397.18887925690626,102.07703875365604,1.103265147797556,0.02585084056579519,1,0.030421516827709903
SPY,day_450,0.0367241895627326,-0.03178839031930791,-0.10215744404569316,32.41150249164566,-397.3948256191037,3.253349796706522,1.0968962460723926,0.027351872114106068,-1,-0.0200363282368487
SPY,day_50,-0.003857200201316302,0.024699877650560476,-0.00628263252258765,55.49802336204804,-377.64508261523423,82.20154095420662,0.8716558324171715,0.017075684443409896,0,-0.005398659410275435
SPY,day_100,-0.015204560880945572,-0.04615894620753114,-0.16080348382688603,6.047874958965082,-422.9613668674725,9.977406965430864,0.9215963989445237,0.01764608224182916,-1,-0.03764829768373632
SPY,day_150,-0.004993125978936308,0.012657014694107627,-0.05512399629152742,39.478934822353885,-368.48656292588396,40.1687830736739,0.9804478901599007,0.01897397357318573,0,-0.005762525266416066
SPY,day_200,0.02111111281563982,-0.009633959155165184,-0.0020419402479384674,40.116897472309766,-364.78610859776126,23.22964318109625,1.256234269178432,0.02181584374116281,-1,-0.046122982665007695
SPY,day_250,-0.0023540005509342654,-0.0009591554742368613,-0.02750201955025089,61.13856108967242,-353.2790676219187,58.09415944912604,0.8161155775158739,0.017151784765666284,0,0.00793618528917278
SPY,day_300,0.003041495466110211,-0.09907435970174383,-0.050308436193553296,41.181625004212485,-322.63019948492473,0.31278764399217646,0.9988891128669066,0.01874773854987002,1,0.03975098460344821
SPY,day_350,-0.03566542424693564,-0.014824745458443478,-0.13532126956442525,32.15487241582818,-267.91346348307906,31.97622062131603,0.9223786694280376,0.018291374150464446,-1,-0.030239286745749886
SPY,day_400,0.016111580815066695,-0.0006037685228084122,0.14176535480167018,82.11212208811489,-247.28764213116224,69.94111087470745,1.1438179192587856,0.017952455442882556,-1,-0.016977834913551853
SPY,day_450,0.007349927098652342,0.012890554508931507,0.018931009582145775,62.94980045552432,-228.01966626649892,73.52868408995668,0.8407776592787534,0.016470947044146672,0,0.004259605383714259
SPY,day_50,-0.02466357681172493,0.020925279481349257,0.20668802512353968,75.93748661774467,-104.20249594959301,94.01883466759415,0.9272693198412737,0.02647287441945922,0,0.008128354912404287
SPY,day_100,0.029090017236579335,-0.0037901099855666143,-0.03285346256692967,44.992237848400684,-91.72245962612539,21.132135116636515,1.0769439745081033,0.025385994130964682,1,0.04022650923459889
SPY,day_150,0.01697662001223632,0.04375253539093982,0.04379363631651634,55.609576849506276,-82.00819699381856,69.21433510710517,1.0862820902468504,0.027105851840381803,-1,-0.04796152797025173
SPY,day_200,-0.04546093656670647,0.043289969851979526,0.11665566624080981,85.53980124018408,-93.35243162352819,101.75337132439198,0.682418386776753,0.03125523057191739,-1,-0.026857698668831788
SPY,day_250,0.02257436574683913,0.005376673183611125,0.08852650407538509,67.08821357817705,-100.41232306052517,90.99261481491632,0.9476292837062772,0.02188732943618395,-1,-0.04355807948736323
SPY,day_300,0.05535059838799006,-0.02935759691409323,-0.04078957217441781,30.445516640671585,-102.01099933839576,-1.5793749524289635,0.865799866825114,0.02810227749125103,1,0.04198081761007225
SPY,day_350,0.024598646124778023,-0.02198413076568062,0.11325892255576298,50.29340586431076,-104.23766099073265,65.05492630780616,1.0589400992124436,0.027648339732797275,1,0.10179886268063633
SPY,day_400,0.023665006208002604,0.07398926944677897,0.23346613013435658,75.53940120290596,-118.77056616370952,97.8201695870521,0.8628957433883744,0.02752747853521671,-1,-0.04128624828785597
SPY,day_450,0.004243521812971052,-0.07526982698487716,-0.0761923408659686,33.134825617800985,-100.58725070182703,-23.434134599391584,1.0292255571046158,0.0281404368849409,0,0.0032873648835381143
SPY,day_50,0.008824456061719665,0.00956279188318554,0.17323785458596475,81.21724360885275,-220.55775178027739,88.05292652492975,1.099860673718143,0.017645820969998945,-1,-0.024544318808886342
SPY,day_100,-0.009277108445243654,-0.004010658614530871,-0.045229382313274114,53.81811412369585,-221.04186097691766,30.725812171169274,0.8997601404034772,0.015994846879256147,1,0.03598827507406202
SPY,day_150,-0.015674102868911688,0.00017559055745430818,0.028667485724655606,61.513334361673664,-251.3347663188951,71.16192483217657,0.9823154212500813,0.014603178880361162,1,0.04007301228701517
SPY,day_200,0.028637496442621924,0.004849352612725788,0.013734215331696387,45.64072248633077,-261.2339564230951,29.87507034440276,0.6433379041252223,0.01557426406377291,0,-0.0028393461268326164
SPY,day_250,-0.031053664978894502,-0.06681933043156874,-0.06923207368242135,47.71624205823691,-255.62107206255743,47.80728975216712,1.0025735447828366,0.020167550091967162,0,0.0023068814776908753
SPY,day_300,0.003179873595985372,0.006823405187534659,0.08870058915042067,77.36632480865468,-258.76149074459136,93.67389316213298,0.7198718709967427,0.017801549016535682,1,0.03871845860106498
SPY,day_350,-0.008338426816917321,0.06789562096180712,0.18662505710853883,79.43778955339235,-280.15105260040013,103.35763460099001,1.2056242499535985,0.018738442985569103,-1,-0.02148250592524162
SPY,day_400,-0.01924987262869471,-0.007515791398263305,0.03296426396935681,51.38185455368954,-307.6097050277688,67.68600787782819,1.0218033267786235,0.015829453528303696,-1,-0.035093647585583275
SPY,day_450,-0.03060160289004421,-0.03800227251221899,-0.09286334102837224,31.88878184790326,-271.3128143080608,16.69995848341495,1.3924587269584923,0.016777595362378512,-1,-0.09151567679777656
SPY,day_50,0.032686815539115566,0.03974465819033268,-0.07670096890601741,44.37051466223327,-492.770117707469,38.125668399312225,1.3515743861112317,0.02327187542228691,-1,-0.055372371145851654
SPY,day_100,0.026072665591135857,0.1345928165295902,-0.07518529006303898,52.231867064179326,-351.3338444534133,72.71344707860273,0.8231615749338747,0.0348287884068503,-1,-0.048511359126145535
SPY,day_150,0.05008372606252043,0.07913068017886782,0.22118090430370252,63.27878113740375,-407.343420787412,78.00631055315243,1.1305101194303537,0.0343210323253293,-1,-0.04913441276342954
SPY,day_200,-0.05337664379743423,-0.07633609472693192,0.09343422324624573,58.764349699092385,-592.3475662485147,56.721505158657735,0.629927955165572,0.035308429853355784,1,0.04414686227802147
SPY,day_250,0.03085513666535089,0.003876423019644193,0.11119093872071839,51.25695918146214,-690.1693080846493,62.854775216489585,0.8630299384482486,0.029500067302902156,1,0.08531166301132195
SPY,day_300,-0.04589229792913074,-0.07187909995245656,-0.05194623319116698,52.892989532866494,-693.8176448577171,62.36448460324181,1.1968313182694277,0.024696409334285015,-1,-0.033154998685154216
SPY,day_350,-0.03139660271376743,0.016626886187415035,-0.005610385627700221,61.51321890446961,-626.8819382301406,93.18279404629664,1.0713263879726336,0.027288144479625735,-1,-0.04548990615936917
SPY,day_400,0.026938120508768204,0.044954281204547364,0.006967816548870243,54.356152841764995,-732.0461084505565,59.473804794789686,1.0821340161601891,0.029661480479913054,1,0.08105133437563213
SPY,day_450,0.017215351634041642,0.0708442192296761,0.15866977696391893,67.1726101293097,-911.7783644108634,83.43467876849029,1.2208849577423975,0.035804914574970446,1,0.0407061024484312
SPY,day_50,0.029831065930260525,0.020409375771770932,-0.018853582108450007,48.84213855524989,-102.25785854411603,37.801235203353365,0.817731719668973,0.01623093485505164,1,0.05119874553407698
SPY,day_100,0.03662942411792813,0.009071789352026682,0.0628583944474892,54.19320375889883,-103.28249957559498,37.50548039882229,1.02895636251116,0.0194004299462322,1,0.06516893796411792
SPY,day_150,-0.0011463122488548638,0.03841732561542588,0.09295379953543592,68.68628250998322,-110.55767582636436,101.05329916643286,1.2187278031141429,0.01899483666785114,0,0.007521218670780872
SPY,day_200,-0.029100250207192313,-0.023385343383813706,-0.06190698845647491,43.439203182306244,-110.11538382412758,43.15712181201874,0.901281198243157,0.019508069527357192,0,-0.003942956630484118
SPY,day_250,0.005287692543917366,-0.03882403376458832,0.018397721380489562,37.97739318849753,-113.36301776257767,13.989615419570125,0.7428705376570287,0.018008946751316812,1,0.02693569328263434
SPY,day_300,-0.011158308592558397,0.01584935433952439,-0.06525161358440412,32.02962287542525,-104.93963450459184,26.521823818656433,0.6243916928033818,0.022660027273151497,-1,-0.018783528623373808
SPY,day_350,-0.0025193733071167124,-0.036057640763809906,-0.004693203448907557,46.74934816362355,-108.17662425874522,44.51283144439016,0.9062434812406307,0.01624070864280632,-1,-0.03316663927296984
SPY,day_400,0.0070677167054902235,0.020028271089207017,-0.15153479416019378,10.054489043211646,-84.41502177678399,21.229260529579992,0.7616705780466365,0.014582825804620071,-1,-0.08219668884675582
SPY,day_450,-0.009004731407899813,0.04754563091776909,0.05512891938240205,74.78830776320486,-68.71251703302386,111.53545043906328,1.2543899279584407,0.015743209468960094,0,-0.0011136698664506368
SPY,day_50,-0.00972756795139329,0.045573086997257706,0.168849410841162,86.81813975836425,-312.1304449541225,105.61603916226491,0.8495225432553483,0.01619382067306567,-1,-0.07889026830080012
SPY,day_100,0.010832244939601665,-1.9155614735866244e-05,-0.030190777465317287,28.476340130818684,-249.93409805026744,15.47132063365134,0.7285580398377403,0.015536334915350634,1,0.10473139701819635
SPY,day_150,0.0014400162774599323,-0.004161567486046902,-0.07517393343254719,29.13899800292461,-285.6824764492103,20.748403550886135,1.0374680617599248,0.017539873644276106,1,0.014215446236928697
SPY,day_200,0.020166906865362044,0.06934496918160171,0.15177491000258914,75.06380593451323,-312.783642176863,86.43845758724518,0.8457837580490656,0.01656742938739463,-1,-0.014243705502790959
SPY,day_250,0.0180297352347647,-0.00946417161433133,0.0176091763723778,48.36386425004584,-365.69390280392724,39.11614713377052,1.1137061570033326,0.016274454081387744,1,0.025481262442699337
SPY,day_300,-0.01679150875295954,-0.0301360224790429,-0.04749912756758112,37.53508759132156,-348.1970546187267,-6.221933567137555,1.4292677654533517,0.016970129751184806,1,0.04689879275729061
SPY,day_350,0.018193450803271505,0.023627968860966853,0.052622736187461605,47.50113531415949,-347.09275018365133,47.78576675144543,1.014810594910315,0.015006134574128936,-1,-0.04692469950512015
SPY,day_400,0.0014650495200716485,0.03389275669284997,0.09702703759763964,86.46398694064499,-355.6399294421929,89.28845275672481,0.9835882656778597,0.017176070310380754,-1,-0.024583060592817837
SPY,day_450,0.015815925126632324,-0.004591764697662093,0.004172975741303153,41.16771927192181,-347.8084533067186,-1.2782353156161068,0.9072688986923526,0.014676508172583707,-1,-0.017075896156759557
SPY,day_50,-0.015745282163510788,0.002919137175270814,0.016615959937343883,76.49277398757172,-215.88615027517628,91.49729707667011,0.7794699874559761,0.02459561976366825,1,0.07529871047394956
SPY,day_100,0.03402151996097835,-0.06514006219350532,-0.09037441747320529,30.372683320415206,-252.80166685310414,-8.783460155409593,1.0430775446513392,0.03327074289487586,1,0.019860938440907614
SPY,day_150,-0.020749729373841008,-0.05409178298121442,0.05545057912159024,61.69531952964847,-292.96073043085266,73.61141790102096,0.964113796555767,0.025830440288574483,-1,-0.0874299499795975
SPY,day_200,0.01397831687940676,-0.04707878567069279,-0.04549326924679287,35.6655918246325,-307.8884958414673,-8.79374066352863,1.0272909709235374,0.023137168845172206,-1,-0.011883687441601957
SPY,day_250,0.0013568441026516886,0.011246164748498044,-0.04649769246178115,41.4396307574534,-303.5001345868639,32.94030533914991,0.9731811847094436,0.023462374024291195,-1,-0.02419754479022893
SPY,day_300,-0.016602546234246174,-0.040047780971115055,0.08841505202940869,64.58307658810395,-316.17440625647833,74.18719186799895,0.8947779679934104,0.022453001561550664,1,0.06459059765960319
SPY,day_350,0.049246840992427376,0.028945732614638287,0.13639101042093005,56.72650568969232,-416.0111117684667,56.54180999460937,1.2168923131785088,0.02819983101417072,1,0.05594280907915927
SPY,day_400,-0.01390820432590023,-0.027308026933910434,-0.04751551999835224,34.006605178779324,-493.3089297439038,21.006284357406116,0.9246820965193273,0.025929882795536294,1,0.034687634712944636
SPY,day_450,-0.0031781742044592054,-0.03467421947225202,0.03970579925745055,69.54913215191442,-515.9537792595947,71.0638733911103,0.9982600968262197,0.02157081390936316,-1,-0.03421544752893268
SPY,day_50,-0.012493628493671638,0.10781152198731392,0.19638597214587605,83.69399468520268,-533.0124139730758,107.08061095707895,0.8512111378078917,0.02150753956254833,1,0.05190130772556157
SPY,day_100,-0.0028938923696465446,0.027943819094525812,0.11863400623015408,55.95801238224041,-667.2699260227447,96.80334146177213,1.303869060435398,0.02288795275281704,-1,-0.01967081853155751
SPY,day_150,-0.0007275671245748905,-0.004154918431662602,-0.06587291955573849,36.552023173660146,-531.7193067197079,9.291583917276796,0.7613503692458042,0.019755530969139904,-1,-0.06394307003017549
SPY,day_200,-0.01428681614608629,0.05258121822486084,0.10601060391725436,48.717392735369835,-586.222235183391,79.49815989071813,1.3748719334550856,0.020467486157607854,-1,-0.049741367899321216
SPY,day_250,-0.023645910811655235,-0.07348188576113535,0.05275143977449237,57.92718094376052,-565.6757750658523,61.555991112048446,0.790648328409924,0.02409114263576798,1,0.12198652468692436
SPY,day_300,-0.0010584658440482286,-0.014334501740028927,-0.038808311944942164,53.22095462576787,-501.6083466560574,49.58492509811063,0.6795962018966195,0.023022875386644263,1,0.021767093964571643
SPY,day_350,-0.05374549821453811,-0.10425618786440038,-0.19492573091585985,38.027647426524,-465.25038325194157,-5.755916484471094,1.0190039010785072,0.022905601931239805,1,0.04298926217027924
SPY,day_400,-0.0011265802872698627,0.013477426490795086,0.0168165458165761,47.68923968825444,-416.89762023717384,56.55600591292428,1.0817419024009707,0.024960318004949262,-1,-0.06675536642609041
SPY,day_450,0.030159769195397423,0.07311172634885033,-0.01838858883508565,48.94012097896325,-359.8222459299845,68.02723681660893,0.9756627982978203,0.022482297166431367,1,0.020107218123647665
SPY,day_50,0.01200925294048849,0.24245950885143808,0.09399968715992979,49.399385924901644,-486.35023229094196,65.23620519108655,1.1356373153603683,0.04077455277612019,1,0.11673951557510308
SPY,day_100,-0.003915557022571847,-0.04668264042629211,0.2939935507567071,54.062361818566174,-800.8193778801484,62.60039042318167,1.4429283386863443,0.03934821810054243,1,0.05680900651388565
SPY,day_150,-0.027039982073647884,-0.04573158694300172,0.1746082558979487,68.42676514661447,-1296.1252462968105,71.19510784027443,0.965348466767921,0.03210622204533941,1,0.0781993595096612
SPY,day_200,-0.029339751359197197,-0.0382497894300351,0.0733605735507259,52.261742149257586,-2415.3070454874482,55.14230633199462,0.9238993459866365,0.03915547841527671,0,-0.001811539513040474
SPY,day_250,0.05631533691704549,0.12412836988416043,0.24490706507484372,74.95689136782909,-3342.6741593932725,110.89556297911271,1.0105541821926944,0.03415329427670764,-1,-0.10394162478357766
SPY,day_300,0.038023066655615834,0.0977792153465622,0.0752822382263354,49.16827240176276,-3728.540275811789,68.47654461478912,0.9624705269916104,0.039909308306606675,-1,-0.022628903050968586
SPY,day_350,-0.037674598626208144,-0.07858472016548979,-0.14359212482461026,42.093887491676504,-3582.9208079022337,28.589027740823443,0.6129835999340805,0.040254860272763565,1,0.057228612568986405
SPY,day_400,0.02739527502590322,0.055279697833323205,0.0855155889411301,48.60345744916135,-2764.6397838829885,57.70958112116159,0.7355568119688212,0.036822970493297455,1,0.09876298878297646
SPY,day_450,-0.01907540325556223,-0.07039280955936966,-0.21670753550665134,27.79001803055351,-2879.73751535369,20.568369370281818,0.8237116042170817,0.041186233884072054,0,0.0002573348030347058
QQQ,day_50,0.005914738034879852,-0.006085518573569315,-0.019886261732350974,21.18713714217394,-349.23589807079276,1.41308626640127,1.0789311202815135,0.011468097737743392,1,0.028981507006645816
QQQ,day_100,0.0038166919686783984,0.0050556237840890805,0.05878980489734742,63.89222931229068,-354.57830014006686,69.50412681876166,1.3030129343730292,0.01110504448170709,0,0.007482744539833652
QQQ,day_150,-0.0022813088349795674,-0.02410122333664244,-0.0021516359888040792,47.15735350206769,-347.6440940568012,23.38632392102681,1.0348286904023765,0.010297046074256173,-1,-0.032508784281983186
QQQ,day_200,-0.0065772121836993325,-0.05248176360729895,-0.09458485417808704,14.457869191859345,-347.418547218481,-1.0952203466721493,0.8462735854938798,0.012459641895170986,1,0.015900194359146094
QQQ,day_250,0.025497542523853722,0.028872294021291545,0.04842311498085494,47.60621867927652,-327.0550751892773,57.963167172139364,1.0934760266420605,0.01055255501400273,1,0.012626927229106875
QQQ,day_300,-0.010446409851707084,-0.029870136591109264,-0.07288867872700922,25.328871114377762,-302.9819302285742,10.312078285016195,1.1430035019035392,0.00919507650487506,-1,-0.015471374641448404
QQQ,day_350,-0.0017660281069592498,0.0037858289988719207,-0.016955829428821123,49.6237906227456,-274.3519660341377,59.610745265748534,0.5872860644983615,0.009561172912278855,1,0.014675202615673535
QQQ,day_400,0.010681635809985934,0.01642898223200029,-0.026226203021707195,44.247098788888124,-277.2060708082111,26.966152258193983,0.886436382701567,0.013534809112989632,-1,-0.011779795435280647
QQQ,day_450,0.0002717933867926181,0.029406815348306692,0.1123834267056667,76.16924859940556,-292.0222607078396,82.99314975181919,0.7437036360948872,0.012425701737140998,1,0.03467518845072802
QQQ,day_50,-0.0033435564228497805,-0.03604038619111272,-0.002540018937598587,58.214822951240166,-47.806897355329795,43.737504167230206,0.9188837916759744,0.019583613311883668,0,0.0017702288435607787
QQQ,day_100,-0.007687568171953707,0.019557176095168494,0.019298809588310428,53.835641550971715,-44.830888979420266,78.80130838007278,0.920424867138347,0.019055453889099648,1,0.029724102151283825
QQQ,day_150,-0.00801374128332899,-0.02722527654177409,0.09055052306740174,81.7504630870271,-48.96874846222817,79.19242027007168,1.0697920940665004,0.017690357435083966,-1,-0.010263623080675603
QQQ,day_200,0.0030630048320849923,-0.013792383494646066,-0.02133639569201029,45.083653545865985,-54.57852204678806,15.626275705063684,1.0848381053074112,0.017062223203123346,-1,-0.024008712077151745
QQQ,day_250,-0.02323623047106005,-0.04170011808569274,-0.10465718574842398,32.61462998428064,-56.54195464361494,13.65181432922543,0.8384920782316261,0.01850453079452049,1,0.06846127633220242
QQQ,day_300,0.030039571587163083,-0.0003753722945613047,0.012651859540669275,66.18085897250413,-56.555368379645316,60.702895784197445,0.9880862081230246,0.019102655179985294,0,-0.0029914559276126166
QQQ,day_350,0.019228074455565514,0.053763443481007256,-0.05518587299720801,36.08035140624073,-52.9521963393233,34.789137890813535,1.1789765670468664,0.016865940654639675,0,0.004605876828562116
QQQ,day_400,0.002159051277605517,-0.04426971980332706,-0.12875552706081117,35.11352139058533,-48.973802951261966,14.33041621047253,1.0202683577289124,0.022959206597451674,0,-0.008240365522077625
QQQ,day_450,0.05848708468632813,0.11013574622721012,0.1888083784509691,77.80362405097776,-45.94066856648866,88.87953909494543,1.1893941377120376,0.0188582803550381,-1,-0.03697749056499702
QQQ,day_50,-0.025439043052283172,-0.08826264745490975,-0.13120477304211264,44.54742656642868,-244.08360490691078,4.423868128667402,1.0207796043294195,0.021748225265936227,1,0.010133123964188437
QQQ,day_100,-0.039609167016043,-0.0036809128440984384,0.015191410905073477,59.35417881384444,-185.68640728804465,93.20316290091179,0.9927447270383041,0.01835212478421461,1,0.030851427991443456
QQQ,day_150,0.0005662913101189826,0.028338721522071397,0.06602531426270564,68.75426098958998,-183.75164418105146,79.71247483001422,1.1381632964757202,0.019681241098402864,-1,-0.0251068826382869
QQQ,day_200,-0.00818512853700093,0.01969704092295288,0.09610017860356201,54.74112272212221,-197.00229616891517,60.41733610429391,0.7835456218844458,0.02236522609170979,1,0.03357440541958022
QQQ,day_250,0.013504391465315457,-0.03955979127568554,-0.02546768894344209,48.31395951719709,-239.73211277566116,1.237373712499181,1.1552424074022773,0.018537687211458095,1,0.06693465978707402
QQQ,day_300,0.011309198965589573,0.09776201956505326,0.09058819043683752,66.44348012798265,-271.0425817220265,111.45127632041047,0.6815723304616703,0.01886691805229425,-1,-0.05351143711147345
QQQ,day_350,-0.02243139090255153,-0.01022798377410572,-0.06382970331354065,49.353690072430844,-295.674801423763,47.36940291084115,1.03551742575787,0.020118755385736972,1,0.012569614233028891
QQQ,day_400,-0.02595423012500886,-0.027491236068153735,-0.12248214066278273,37.064346370207154,-272.69622209295335,23.13560905257111,0.9640871413098485,0.020947502120596716,-1,-0.0776633481016309
QQQ,day_450,-0.014377159043151955,-0.05523784286600064,-0.14752394442224803,34.82705404335948,-212.22316218965872,18.229615123579908,1.142117689273422,0.02322954057590423,0,-0.0075455692661821365
QQQ,day_50,-0.0008466731695305763,0.02651123872332639,0.12924819863600345,80.63996627370238,-449.8449483573909,94.31037417228805,0.7404990256014907,0.018870429490025004,1,0.022223207955952243
QQQ,day_100,-0.046641396095340903,-0.06477890497883898,-0.1625276983748707,36.54592103905011,-372.0295131777949,35.736016349041655,1.1143938497398267,0.01903657221449567,0,0.00765158719843626
QQQ,day_150,-0.010858806490406492,-0.06356813830115904,-0.03600195886087543,46.83105420591201,-299.8380154413635,29.533002327377485,1.2709766170744177,0.019120758571168964,-1,-0.013528272725670034
QQQ,day_200,-0.004834190332718036,-0.031520937538125904,0.14448659699813593,71.63285388160982,-346.3474390516013,74.48456369506017,0.8114394002577558,0.020212388342528455,0,0.008879365075787817
QQQ,day_250,0.005379926883692043,0.044901992988181094,0.03214749458853006,54.71714716353498,-356.4341209758339,102.71600646386263,1.2343819758757137,0.018403706798745048,0,-0.006204808286279189
QQQ,day_300,0.03304522932128373,0.006610344495589837,0.017892805449268856,55.15191407522684,-337.0985073083413,55.42420549831248,0.8976763622536535,0.021233951602250868,-1,-0.046665971597515996
QQQ,day_350,0.007483932644257507,0.010852762631033741,0.005807454174587168,48.96059627151303,-294.32565835393746,30.539569627425838,0.9477417967953287,0.020491565626511797,-1,-0.05656307972824151
QQQ,day_400,-0.013786345657921806,-0.04713059015100396,-0.08955105322840395,38.92065234848509,-217.9174283481526,29.85327229610292,0.7879208994616997,0.015844418050993615,-1,-0.05108821811380933
QQQ,day_450,-0.026923034351639563,-0.041232227820945266,0.05186433213929842,60.354961108897115,-197.60229546388743,68.26940978793517,0.9592327889349446,0.020863853392275745,-1,-0.08219252143826047
QQQ,day_50,-0.01800532832682311,-0.04412936370917986,0.058976325380247996,66.84407349911478,-279.88459012688514,66.77067600050974,0.9086733515243731,0.027929685783875,-1,-0.010792110569080152
QQQ,day_100,-0.012235467267571187,-0.07626389380728871,-0.05200865497185836,40.184804415225436,-281.98225557283837,12.32432309443492,0.8485674637757415,0.026549532607438177,-1,-0.08543493666209886
QQQ,day_150,-0.0002610438499728307,-0.05127545225476182,0.005355656560702471,54.30449093383175,-236.18979941463388,30.5526169815039,0.9459151680806273,0.025151057839467122,1,0.05438374514023204
QQQ,day_200,-0.0350176575560639,-0.01961169485515757,0.055155798379434184,56.99289463412856,-258.9364669362154,69.34416613508361,1.0263555192048595,0.02231704711344625,1,0.0717436595109448
QQQ,day_250,-0.011857336883228875,-0.07760862012858627,-0.1470028617072785,49.65626312638884,-251.1794453586918,20.89160762152748,1.4589560233808168,0.03242848837684026,1,0.06205998547216336
QQQ,day_300,0.026421636725663777,0.022255308707405774,-0.005699853892481177,29.393415231945227,-276.7706197095699,23.775892453620735,0.8920787888270028,0.028478753474194218,0,-0.009925274982451882
QQQ,day_350,0.013265825173423895,0.05390897412223694,0.19855909159952523,62.85820221909744,-274.88195310587815,74.19783198258304,0.9011973328525655,0.025567051769020507,-1,-0.018494683694361802
QQQ,day_400,-0.020946805170577787,-0.00733551299499513,0.06770244480768994,64.91937257308308,-296.60377069621455,94.27476582287781,1.145761155153016,0.030780156075930827,1,0.03566316763646519
QQQ,day_450,-0.007510272343512869,-0.08982957416088855,0.014263661132204453,63.648269335985034,-385.2303485990949,41.4693722170617,1.0827428977394924,0.026237955694693588,1,0.012480636099916695
QQQ,day_50,0.009795142461668904,0.06594919907804941,0.04533698497893046,64.05473064278515,-263.2268911071355,106.53633596959355,1.067148668427677,0.009028201807305295,0,0.007588241477989808
QQQ,day_100,-0.0004700087664027963,0.005810785756278802,-0.06023536809340957,26.60212046984593,-259.4576030523232,28.916880634376657,1.1948250617925424,0.009926891353004333,-1,-0.011118055784730855
QQQ,day_150,0.007555902706045892,-0.022117393588093393,0.015999054752094954,57.40147594197721,-234.5783693497826,44.1031868289143,0.7349900947860327,0.010153293023206035,1,0.018224196053125887
QQQ,day_200,-0.002096812599517328,-0.0108350157835303,-0.010217370165649275,43.17385164422482,-221.2983395336658,22.546691754638598,1.2876297598093356,0.010296856684692246,-1,-0.012903822875113062
QQQ,day_250,-0.008577760102381315,-0.05987262021400941,-0.07939189530918467,36.58042883582809,-213.89100521755273,-7.6515537750864056,1.2654188915331317,0.010738891702256918,-1,-0.012494627335305894
QQQ,day_300,0.00037850732302158185,0.022537367533313812,0.010856614935977005,67.69670498559233,-195.4725448081681,111.42310344720269,1.4142181148605397,0.010581780461659277,1,0.031777924471006094
QQQ,day_350,0.01347834337434084,0.03305406181998527,-0.03262541248053863,26.258937368911333,-184.64905922785542,37.73769326163956,0.8118747416012515,0.01002304846136899,-1,-0.051253091754700594
QQQ,day_400,-0.010678584250763068,-0.024771526956029244,-0.004860349493676752,57.12861789421147,-189.9001721778573,36.4684903764502,1.0292321572147083,0.011157660731003738,-1,-0.043665799050199385
QQQ,day_450,0.009136119384574704,-0.04542885696140386,-0.057468463476349485,23.2160004606244,-160.50841119049667,-28.15315819852153,0.6834403872283374,0.009962207106525784,1,0.03840190370267783
QQQ,day_50,0.016498630518877233,0.03984158685747197,-0.21817141007846885,43.03880080053263,-129.9878966618451,28.02091177643432,1.3758662648532285,0.03998389439392048,-1,-0.03704230753560352
QQQ,day_100,0.017062894732543965,-0.060204732018260376,-0.031962162081596635,44.123044925452774,-90.30952635031265,13.399344634307365,1.3002255959291193,0.0372669987582203,-1,-0.04111153015940864
QQQ,day_150,-0.058047080461111844,-0.056694940772430424,-0.05151670289228194,52.5216783364374,-81.95617888390035,45.53323729902416,1.004518508719743,0.032739464743675874,-1,-0.09878044563894739
QQQ,day_200,-0.04387304924532587,-0.13291489779474586,-0.1678614839584801,34.50978058065385,-82.09408272534431,6.007450346333547,1.1476318394956706,0.028351393102729616,1,0.13197779529884762
QQQ,day_250,-0.02663257813689568,-0.13020066448992706,-0.11380898638706682,34.79253143752227,-77.28047674874821,-7.835303573473776,1.2391996783096018,0.03681292167248655,-1,-0.03710002091057671
QQQ,day_300,-0.021068954830186226,0.012557782975184617,-0.07818615736327517,51.7987627402877,-66.36828811375058,52.707142266821435,1.3479586238722974,0.034353123038651366,-1,-0.032152069233669936
QQQ,day_350,0.031521495700726154,0.06519297037804872,0.0449778052516725,58.64070662845796,-62.26965538829032,69.80306041234851,1.4824369875840435,0.03262672769065124,0,-0.00487811736904007
QQQ,day_400,0.005735182746909873,0.11240899420011208,0.11700746242618032,72.55622969482043,-57.22168328828869,109.90020771458285,1.001600766754437,0.040186374696575725,1,0.08681070045004313
QQQ,day_450,-0.026582835159831064,-0.009920027582041357,-0.11732369451608193,60.192171093398,-48.297353811985566,61.018207940176204,1.038171883493463,0.03236041832408122,1,0.07720725616337039
QQQ,day_50,-0.01363808771589492,-0.1333799783648726,-0.22592812423352115,30.069924937014235,-301.2503708778963,-9.230605156938203,1.0433320155222523,0.03415243184976955,-1,-0.039399374893657496
QQQ,day_100,-0.0040111595642911,-0.054290665045945374,-0.10939356526934263,34.779615972819926,-246.29020215384253,10.77955857741232,0.7470485623113206,0.03483774496508759,-1,-0.08076339621804107
QQQ,day_150,-0.01141207597944871,-0.08045234862624884,0.025364042272901566,39.1932416016164,-183.34555446294564,41.346153339146625,0.9229362253199114,0.033101510417409705,-1,-0.06189510799172139
QQQ,day_200,0.02987897592821831,0.014047850710463328,0.030862244821870055,46.490275761595925,-140.4936828200972,25.208260994933944,0.9597445573908666,0.03430628569371603,1,0.08560281848945686
QQQ,day_250,0.016618212272762722,0.07563927402105808,-0.012315014338760144,45.35665943605435,-153.05235975567587,66.89753449901998,1.2905296351325934,0.026096591330152304,-1,-0.07167051494406734
QQQ,day_300,0.028531296040565035,0.06604882852568261,0.05659907216146687,67.69974772246661,-156.3564864123369,84.20396781294089,1.05011403061684,0.0374368084827518,1,0.024978262718213035
QQQ,day_350,-0.039998885963612896,-0.18160372806123626,-0.14748362309626684,45.989346328717644,-185.46374765302855,6.155264957508054,0.7993414756230378,0.03139565392901754,-1,-0.013836411464825745
QQQ,day_400,-0.011454099737045143,0.10723083792752619,0.1435578598299858,66.52665447193982,-206.72494203303415,112.08334741485304,1.0659760955238773,0.03866311654994011,1,0.0313277300982776
QQQ,day_450,0.0010406959169511065,0.0488236558397559,0.19244417757462906,85.69497022556409,-232.08465322722347,89.0026060731347,0.9655091949624495,0.038125753727401554,-1,-0.0788479158734896
QQQ,day_50,0.04125437222587802,-0.03342381308844311,-0.045159046857136564,26.845309535850276,-81.32537109604638,-3.861702506207264,1.071482963029296,0.0386101606357738,-1,-0.10135992731473457
QQQ,day_100,0.012633657139624166,0.03192510884292399,0.09233011178286743,45.00864881460551,-88.15801189523255,41.6890818650344,0.9021718828464219,0.03135111035649676,1,0.08535737135898465
QQQ,day_150,0.02427701294744833,0.09459556089007859,0.23299580401465114,43.79944835223079,-143.968701017232,79.46530031686147,0.9675382829163109,0.038119789539381735,1,0.11881909176128572
QQQ,day_200,0.020260891780484735,0.09904113814232973,0.13178381964946095,73.6101905686439,-260.04973767788863,90.87636335489334,1.2471947325904458,0.03929892607208112,-1,-0.0625477744360935
QQQ,day_250,-0.03329905124600763,-0.12164642615415566,-0.18044176671194667,32.98570403892445,-282.48386385118533,-12.606911841543747,1.0316953460286162,0.037838068769507856,-1,-0.048116462898465565
QQQ,day_300,0.026431635598252567,-0.0829571683777568,0.01327612632366404,49.44858317772801,-223.94079788937975,23.40512651491747,0.7749070485015985,0.03658450230228076,1,0.09177269149231176
QQQ,day_350,-0.04855634249978269,-0.16832968351120936,-0.11076517702698696,37.511312467448754,-235.0921671796395,-9.843880319570381,1.0046661059662192,0.03622915590572959,0,0.004775257543653698
QQQ,day_400,0.015881850466748615,-0.00021602603702486345,-0.05487911627432396,43.35621796595238,-201.6439165164204,32.97199095983749,1.226501533984342,0.03676470571176943,1,0.15773043262411116
QQQ,day_450,-0.019308400374692836,0.04818607096326244,-0.2199662365946593,39.29201226659554,-194.29932280176834,46.13339628598466,1.0816603992632576,0.040463862577856044,0,0.007709356195875777
QQQ,day_50,-0.004409664635236954,0.01559277922581992,0.08963270058314654,59.835919655206794,-56.72663301893097,68.3245076374298,0.8246800358829531,0.01826425387841884,1,0.010707479030496868
QQQ,day_100,-0.007131632304886337,0.011445229012992941,0.15868598531754619,75.71209264536668,-57.23097585873309,88.2785935720014,0.8856811381728127,0.015454854640508291,1,0.018455762896651514
QQQ,day_150,-0.007290358581546141,-0.05354401894971306,-0.0208703060375115,49.1017527654836,-55.30503944605867,36.559794253312674,0.8935814566826841,0.018206236476434746,-1,-0.07285448999011147
QQQ,day_200,0.023014619037410533,0.019509232126075027,0.02537229428771659,46.11870468282041,-53.116644970956486,27.315934243594032,0.9354364441132856,0.016936048750294756,-1,-0.01641662197013575
QQQ,day_250,0.004448255518238353,0.0036685739234256776,0.061157013920904335,52.59521457087042,-55.815523744117755,63.39010135730139,0.9213669228213871,0.01595565110369073,-1,-0.015914265945862278
QQQ,day_300,-0.011561820045669857,-0.012920838078238406,-0.02308806306245159,44.22732390769649,-50.42164426669343,31.26541634441871,0.9360016653054319,0.016096970908767858,0,0.0060780071111709855
QQQ,day_350,-0.0033065354755085208,0.023235170982658593,-0.07121687059772808,49.724323388667145,-51.853388208546384,54.072379430073255,0.8045299931686082,0.015514829465063969,1,0.014567092048111645
QQQ,day_400,-0.022535176978221716,-0.01965785549679211,0.0037774226370530517,68.24154181374536,-56.86398006996711,90.92175775810993,0.7411084765210805,0.012718886878356157,0,-0.005826311596330352
QQQ,day_450,0.000408456414749514,0.014536419070650952,0.05427770570690793,58.34872079446531,-47.080105219792124,81.87199157393117,0.9003478126269081,0.017960223224743273,1,0.03760361066227198
QQQ,day_50,-0.02798252113081756,-0.04906827958833215,-0.03316124324317771,42.474633253813934,-206.3339881216858,16.25864146857665,0.9472129608972661,0.0355707835928982,0,-0.00312045387060245
QQQ,day_100,-0.013929261223412981,-0.09871482734069903,-0.1787181109671745,40.16246268399146,-102.58612529309042,19.95298687216801,0.739572679198068,0.04408100114508127,-1,-0.021173249488340273
QQQ,day_150,-0.0323714533819649,0.030108269575846558,-0.15543382616682289,45.038475060901284,-84.31086905261687,38.61060963482632,1.235289751033382,0.039788587220395875,-1,-0.03979835678486719
QQQ,day_200,0.0401198911047016,0.07630256443529237,0.09511983410469682,60.952898414966356,-89.17244730949547,91.17353799949515,0.9693702066346749,0.04488439992887421,1,0.10299160972199091
QQQ,day_250,-0.03111424320202305,0.07378372337155792,0.1258181247012371,57.117716290471485,-149.27285592360153,98.4845839787744,1.2737353168635963,0.04664321431973226,-1,-0.05988826524105733
QQQ,day_300,0.04329363854529489,0.27140130060661494,-0.0820749357006918,56.33125763476253,-142.6075519729972,71.05991578119794,0.9974680943020936,0.04358944584594226,1,0.03163607071129434
QQQ,day_350,0.04389475684975941,0.19610848223875332,0.4269646653577279,69.90248739935984,-150.80974780047984,100.19997748464415,1.2175464050176015,0.0357940673289447,1,0.08511890930552066
QQQ,day_400,-0.008456459561042129,0.12039648843307948,0.34788578740338316,82.0960495794155,-179.78750625827982,106.89176659616439,1.1486860097684275,0.04052267691491442,0,-0.008193261583375652
QQQ,day_450,0.005780890496342117,0.24589963844722962,0.2808060880899963,81.84843217506099,-200.63924251381926,106.99659370203949,0.9614587334729556,0.04817674630356196,-1,-0.16408260391465332
QQQ,day_50,0.029412643305758213,-0.02077066408873096,0.11759733802874561,64.39328964701241,-355.0173703254833,56.082530422008645,1.158328961773405,0.027746612832149194,-1,-0.047197592883579054
QQQ,day_100,0.015253157171656762,0.05129602349294604,0.04281113634038558,49.49804009712867,-374.4865882857287,45.33097372858651,0.9362202541137368,0.025649542268158708,0,-0.0060440719186515305
QQQ,day_150,-0.032838016326360076,-0.046490560863020614,0.06471390390155429,57.73053279423744,-337.860451925733,66.19147217301611,0.6919443964498674,0.03427980499141259,0,0.004845373335480852
QQQ,day_200,-0.04108856736890709,-0.06312089353790995,-0.10450612454893371,37.38456036922754,-320.78755973863974,20.7193208912751,0.7701040940291801,0.022498412205024212,1,0.07162326132763061
QQQ,day_250,0.03821797014305672,0.05700371322014175,-0.02669745210611174,32.15119817333,-232.76621879890567,32.96760809435948,0.9501386105410852,0.03396612775306942,-1,-0.058528905483401346
QQQ,day_300,0.0016423192247179141,-0.06980744153057084,-0.20692859618429582,26.78250652754417,-255.9821321883812,9.303704798891173,1.1357020105745037,0.03144673222867819,1,0.01467692519492634
QQQ,day_350,-0.0218957619820499,-0.04373239169617582,-0.17440178846430676,32.24214450568982,-204.24214348142394,20.341337439653483,1.070477351748431,0.02798277164014402,-1,-0.060943545873371086
QQQ,day_400,0.02840436817055303,-0.09422694100162521,-0.2322248829596878,14.326496894593959,-167.86172358338715,-0.28726737049839274,0.8747164962165164,0.02888053241647525,1,0.018078688407126595
QQQ,day_450,-0.0174711943950957,-0.03378790880330218,0.08861118826422043,63.1174141427703,-182.95900285010526,72.27666699742016,0.9984446453845399,0.023616938481070725,-1,-0.09563251296678109
QQQ,day_50,0.00954681952479386,-0.029463143443725692,0.02814490570359962,49.39726062823901,-60.47616918917534,38.15756599644982,1.0065329213681566,0.02331894749173822,1,0.03268505099083493
QQQ,day_100,-0.016722659096993442,-0.0818022368583794,-0.03683827075234447,35.96556259358354,-73.92298239506964,-6.038745046922806,1.0145645266101777,0.029300705239888137,-1,-0.04054980136905392
QQQ,day_150,0.01601283567617129,0.0686837107026037,0.19085693841000073,62.361605563211825,-98.88073139588873,94.71075553822098,1.2125144869187285,0.026363756445590556,-1,-0.08120410006290552
QQQ,day_200,-0.03346929304851065,-0.04449886674937309,0.05476147112322849,65.55252361392458,-120.13904502930886,63.48895096498146,0.9545930259803905,0.026936989606095092,0,0.003694279221855528
QQQ,day_250,-0.05165156164931606,-0.12049278794761997,-0.15976703976379003,32.314002235953595,-113.25391019799727,-3.825253787648734,0.6956670453413527,0.030280644494149574,-1,-0.027130346107014175
QQQ,day_300,-0.008762391105523015,-0.0467497536935676,0.008708933574706812,55.06819167437517,-92.58950116072117,47.40451063639727,1.0165481080532983,0.027260244473162457,-1,-0.055363003087342585
QQQ,day_350,-0.003399691381002823,0.004560561440623889,0.25886858408673263,81.5780009086687,-91.55169208600624,80.41477992056933,1.0956365967574577,0.025733272767660697,-1,-0.1266820814615151
QQQ,day_400,0.012597826834923165,-0.021554274594195455,-0.05247701101001323,34.20731399362106,-90.67045879974903,16.405574377455515,0.8998781411068231,0.02598210052766728,1,0.02326753348678774
QQQ,day_450,0.006616304020919728,-0.021078295413109127,-0.0803386631886791,48.73248408028886,-81.99195391112886,44.54920857242724,0.9677667445438205,0.02559419489496684,1,0.06248395997374306
QQQ,day_50,0.07701535103159007,0.07643742755184912,0.19124042108783046,58.144364517986645,-520.3283693376454,69.58019795057673,0.8727577267490282,0.03649619299571171,0,-0.007463573643201087
QQQ,day_100,0.0356779316584086,0.15588853427832716,0.08619085465446452,47.51558563796285,-551.027309696942,72.30448828027598,1.5115681955114766,0.036014461081491554,1,0.04289494619967474
QQQ,day_150,-0.005622168588731324,-0.17155787194418948,-0.0921958155920779,44.57118830084748,-583.5021483424559,14.438012789151092,1.33524285127529,0.035569292703753405,-1,-0.035383924749415305
QQQ,day_200,-0.007821454608093137,-0.06766217116860218,0.061770737061271896,55.884210365729906,-685.4836056148298,49.50835545226542,1.096477290638889,0.03505003393271744,-1,-0.08995425078213135
QQQ,day_250,-0.011552917017187636,0.08907623195641867,0.03726086393577566,67.59913782177685,-578.701663331089,104.8138028248989,0.9742295332927084,0.03901455313426706,-1,-0.1306474367597175
QQQ,day_300,-0.010850752046609347,-0.036871267358487,0.024560014478570702,52.49725697673905,-564.497965209383,63.78149734594385,1.3222147939448596,0.030519157937951624,-1,-0.09674778866768731
QQQ,day_350,0.04425420844270511,0.10590729434202162,0.0012648288341514657,48.591894634266986,-535.8067636250761,39.30045817246123,1.2384125698529131,0.030548447493497864,-1,-0.15000009790455748
QQQ,day_400,-0.04761704661903143,-0.017459358337099995,-0.012012122630026045,39.31562204422677,-399.257292742682,49.28582701830612,0.9589609734617066,0.036760041446838136,-1,-0.10725592257440006
QQQ,day_450,-0.0245863395510596,-0.05427073501474189,-0.11677501580475191,38.94748528412174,-274.57628274032373,33.35753362315452,1.227630168875503,0.034381589355840333,-1,-0.11776605554147784
QQQ,day_50,0.00842184028637094,-0.0021844976679669115,0.14981366068779156,53.296535165059,-76.51818248890524,54.1009806020928,0.8922392578188303,0.03752448853384134,-1,-0.01082754748715834
QQQ,day_100,-0.041646999002009744,0.008242446883512722,0.3029969698331767,65.17343855123369,-116.00717429659983,100.98059030878291,1.0436270606736557,0.03226820994168603,1,0.042161325585667896
QQQ,day_150,0.03852408388959572,0.13953213803395337,0.2775823409863749,64.16305088407879,-150.89056164854856,104.26198112473483,0.8512504588525955,0.035417387487738254,0,0.00030329782010689765
QQQ,day_200,0.047368240412515306,0.039566843366870996,-0.17486682304271028,37.54677636135954,-137.23051779741206,26.226029584422545,1.0884170481522482,0.03460204243759361,-1,-0.07264084270650617
QQQ,day_250,0.06609039967594565,0.09063246746710907,-0.014247078130414592,39.907704653841364,-107.07578066795475,36.66441582342669,1.0103087987220913,0.03681165264927644,-1,-0.08003572958339052
QQQ,day_300,0.015937243847260696,-0.067581576236739,-0.15717006979514514,40.21943528362842,-101.21129010435706,-10.159194310557815,1.159295428953034,0.038643253961230195,1,0.13275657050693737
QQQ,day_350,0.00030998650024272045,0.1633714639752779,0.45165068076719517,78.34923656172852,-122.60744017014268,109.21365617055395,0.7933198080867415,0.03658415931895052,1,0.05528890240850387
QQQ,day_400,0.03488264409469366,0.13965669590266083,0.16311478370953814,65.30036117624107,-138.46274828326668,105.49856621509363,1.2449579019554131,0.0351895621700706,0,-0.0026719687304949773
QQQ,day_450,-0.09749201738528623,-0.12223139851445297,-0.18230141480095963,32.87764448028928,-110.423819982047,26.967567799995656,1.0052450807320528,0.032530215791474915,-1,-0.03316101553179645
QQQ,day_50,0.00607349284098091,-0.006355177372142751,0.036850263590982424,54.844068043039506,-336.78953891834493,57.962850084974974,0.9103421923798791,0.021170962030278948,-1,-0.025657910718967662
QQQ,day_100,-0.0045079823170905975,-0.013195572651574228,0.05418060152366366,66.20744529672137,-262.1726936393037,89.00666408808408,1.3653270995065983,0.024106086472689435,-1,-0.026509750847668125
QQQ,day_150,0.000556059428818978,-0.06638520681977877,0.04636669252232406,57.30064762413276,-267.15164107566846,54.22123191367925,1.3632497564094388,0.025926604797923494,-1,-0.06745374234610184
QQQ,day_200,0.01717578332825309,0.04328216167053989,0.1888856545742652,61.09165773477598,-246.9685321478641,99.89632431767525,0.6927523342171915,0.022026203398227716,1,0.019403369723016584
QQQ,day_250,-0.018060928956674105,-0.053997567146222836,-0.09431090271315723,49.86629398231444,-273.2690915152807,22.612711203473587,0.9246045225033043,0.027223119030455455,-1,-0.0282844413553687
QQQ,day_300,0.0019351621214667158,-0.012998048351023694,-0.044191137310099715,38.54466164156691,-183.30681943872753,39.56808016923992,0.7721446598021755,0.025019713308565804,-1,-0.03574824646483744
QQQ,day_350,0.000967238046453156,-0.040440762640041594,-0.0020991912507541954,48.5316020225251,-158.6287488639264,28.137721610544443,0.7482873954156646,0.02537737067452216,1,0.01322534580300953
QQQ,day_400,-0.01459243511785313,-0.040276601347015495,-0.03763818258429141,41.79036383221271,-194.3045381803858,19.464791424844975,1.1038710842690505,0.02703925742027303,-1,-0.022013595213772944
QQQ,day_450,0.030713006844140578,0.02845678243279859,-0.11895102824772896,30.161770358510907,-156.31515969098822,9.728236078145827,1.0309584504962304,0.02241223389780375,1,0.07644404793137417
QQQ,day_50,-0.036737321415785895,0.015092871212517789,-0.08292500367765399,45.76175959387043,-539.1450747747,49.14452072666389,1.1566970026462489,0.03678977295414246,-1,-0.10402827662812619
QQQ,day_100,-0.024967123635571964,-0.049625808987528774,-0.2903926265347898,32.413943364510544,-439.367195475165,25.15552368474088,1.0250590308036862,0.03533095983066987,0,0.0020143279884660818
QQQ,day_150,0.08339054630122922,0.17768003702531154,0.22103796934967002,53.57142764451828,-415.23134030882073,87.92559745745736,0.8746803867086815,0.0312600245374474,-1,-0.07056721231508754
QQQ,day_200,0.02351430447212577,0.1147777875073539,0.07185427162138702,56.78914735135518,-446.0864824187007,91.80261776119988,0.7501777109263174,0.02799769442171777,0,0.0073901338420968845
QQQ,day_250,0.0010941420397743151,0.021112822672151088,-0.09609526237073462,54.2969534089829,-384.8955596261946,67.81728415210671,0.8919375098141488,0.0392358554691782,1,0.022686618445835013
QQQ,day_300,-0.021227420681994125,-0.0607925878162332,-0.14384658194021094,38.64319143866929,-431.5920623826829,18.131381681312153,0.7792636325808517,0.037428686511086315,-1,-0.02775508649021864
QQQ,day_350,0.005003015759194707,-0.008780463581127274,-0.028600038177661213,41.816878988964135,-397.76904635370914,27.537705319612897,0.9274224219465796,0.0329584823907794,1,0.05104316645078894
QQQ,day_400,0.021231228232917898,-0.008250663292375449,-0.05914347704382905,55.828020264505966,-442.5229083053701,47.73360717036562,1.2419755694626442,0.03337777937679255,-1,-0.06515528596493819
QQQ,day_450,-0.023743655277027265,-0.09863723811697778,-0.14576036643314294,23.574772000009062,-339.46690553329125,15.645018528534427,1.0533875676118345,0.029204705763842636,1,0.09778944448136581
QQQ,day_50,-0.020895729366768645,-0.026014936134673983,0.052226687667656035,58.85379562777699,-336.14830110317746,71.64618642424594,0.8195960084779507,0.015325971050959378,0,-0.001663060116956211
QQQ,day_100,0.007741255316246587,0.04720605518544363,0.11977302806123102,83.70169661609253,-322.8209899598098,89.47572114711448,1.2022859210303771,0.016129476444218444,1,0.03977187507799727
QQQ,day_150,0.0033267451787464264,0.012830849925371313,-0.08575003051115104,29.14022710993305,-354.23756651600644,27.376120132246484,0.6396455021182339,0.015669004917944,-1,-0.017635198618128893
QQQ,day_200,-0.011640226002925358,-0.03804012009319879,-0.09051667447539669,39.848060480947375,-307.82145953760255,8.527068422605163,1.2420818075541786,0.014677398797903874,0,-0.00817231993118104
QQQ,day_250,-0.016058480045158086,0.0018265894199422927,-0.07532245663314696,35.81795786238935,-297.9929164534325,31.963055453974082,1.0438655750015968,0.01484015105820496,1,0.026266950268541155
QQQ,day_300,-0.0017052028322197543,-0.027054511030910722,0.10085177310045257,67.24065164324571,-322.5709148096379,69.94745799751878,0.8525173463594945,0.01616524544130581,-1,-0.05760966807487839
QQQ,day_350,0.032918384467903294,0.004813303678348202,-0.008661015063024635,26.682129489349478,-315.12700259921866,-3.6230779290345803,1.0216063324346696,0.014733852151151161,1,0.03094633397112527
QQQ,day_400,-0.005328756681878599,-0.014190084669516212,0.10946088857197545,71.2049954618883,-355.1799765878795,70.20861160529415,1.316194177844128,0.01604402969084007,-1,-0.05600164067405775
QQQ,day_450,-0.0014362815001359719,-0.08609726114349103,-0.12392632505418788,31.213054484585726,-343.1734730932807,-5.003641373352904,0.7814247181455825,0.018116922470509972,-1,-0.03841072394539262
QQQ,day_50,0.020374715582317293,0.00558785895131364,-0.0646518575859979,38.62093037250285,-286.7784251963759,6.996508029377213,0.7160247476461964,0.023300764447021963,-1,-0.02373329197096073
QQQ,day_100,-0.0410173444671168,-0.152644542013053,-0.2611103342756007,20.205035163792957,-269.04717810894726,6.707657903879635,1.0727726482022322,0.028257148059141615,1,0.013254858278825294
QQQ,day_150,0.005696358881760011,-0.002239046177872739,0.06336634416859654,65.41734852716463,-244.45686745227368,91.86889693321676,1.0775083432777737,0.027439798959504012,1,0.06806498804562729
QQQ,day_200,0.025609040697461616,0.10404688446981303,0.17793700378585653,71.39202993100596,-306.30766609810576,98.8615723441443,1.031203152829551,0.027845552057057736,-1,-0.016321174231413185
QQQ,day_250,0.01639220148649545,-0.012345859131254744,-0.0876967035180537,27.584675397445665,-261.38958144712285,7.639792725384346,1.1708551535588394,0.028824167285533345,-1,-0.03458406109366382
QQQ,day_300,0.02890066342503128,0.05508556010727417,0.27864381191722143,91.6489842814825,-268.1434446009154,87.59098222587735,1.1521754238353537,0.026162663596314577,0,0.005167236925076689
QQQ,day_350,0.012419521549869472,-0.004404447084286556,-0.02613605696352761,26.649879455008318,-293.8954892110299,9.894657729877101,1.1931906453802115,0.028756516722131233,-1,-0.013801761630622224
QQQ,day_400,0.012584010214242047,-0.014698309733746417,0.05876587483147233,52.81362601942191,-315.470890352701,42.42192596783468,0.7542481309540742,0.029302934310840755,1,0.030791702097780937
QQQ,day_450,-0.024075916704038636,-0.0891120607892677,-0.04393797820379486,37.06114865975257,-314.67843051206677,22.79165214132881,1.2331748506829983,0.02996247847845398,0,-0.00949738263122515
QQQ,day_50,-0.003970339548807877,-0.05303654891846077,-0.039522216548713685,37.9419208599788,-92.77873266768039,9.874623314183067,1.0083430930495725,0.021505733551719895,0,-0.004980028678595796
QQQ,day_100,0.00908656719018408,0.06467759029664277,-0.009020255452131365,42.05751097957276,-83.06625879639552,44.30931727823577,1.438434100230938,0.021149896473640326,1,0.032098293128540206
QQQ,day_150,0.024877650700895426,0.036628932703111516,-0.09945142308464183,38.82602267811873,-68.2265578705676,33.78052290787515,1.0862784636530016,0.023778132574330774,1,0.03504141496757658
QQQ,day_200,-0.01511900070761707,-0.02882025158469248,-0.18653402989689516,34.56245881652919,-65.2133762606293,20.651055160811936,0.8850805744954049,0.022955153012103158,-1,-0.030338149959665158
QQQ,day_250,-0.02117675460617785,-0.016311207122165827,-0.12848460693049457,28.201189839377733,-54.3453503934337,19.19583909554239,0.9639172808789321,0.02498598741538011,1,0.015973866186526072
QQQ,day_300,0.0340126038226094,0.05249372928110696,-0.007162216267972643,50.16824428697948,-56.9786500134257,58.543950201334674,0.9494323319989845,0.026598256008993237,-1,-0.09864710430795254
QQQ,day_350,-0.02127384699787538,-0.006306076020724305,0.005044826967750549,63.28539887775015,-61.01404300778811,80.80004764063591,0.540979863214265,0.029426020848599823,-1,-0.027754068498998172
QQQ,day_400,0.011266550519775098,-0.006540574642073693,0.01592488158279437,57.21384517485349,-57.41831423232176,63.099322394090166,0.9203602591655199,0.018532489417919275,-1,-0.11133855973866164
QQQ,day_450,-0.002205159508228083,0.044915769586800325,0.0812042427471702,75.2083153565083,-48.23996014089224,94.75863511310939,1.0138340857460555,0.026187782343862608,-1,-0.05746493921549238
QQQ,day_50,-0.03054336230103527,-0.043671654737098664,-0.013792639863456801,44.998377922701714,-44.51309608804064,21.108346607264,0.8316178043949982,0.024352663660393015,-1,-0.037948393271042186
QQQ,day_100,-0.0029058423257999344,-0.026113878138852575,-0.04240138183448483,55.0473648359879,-35.21443241089996,49.663994807385095,1.0607019384457306,0.022190982146413206,1,0.08558343884000237
QQQ,day_150,-0.0014310526471742469,0.03390897058683762,0.07109660043788346,69.35563052460851,-40.61685811459139,73.02542965937899,0.9886192656857107,0.022391506918865645,1,0.039771916161506764
QQQ,day_200,0.0033810713653903424,0.02666284247940398,-0.15780262093262298,35.28516369659167,-38.27422319744793,23.13072822029639,0.9443957202502546,0.02842592689481043,0,0.003911385853974165
QQQ,day_250,-0.031134098395922738,-0.059831923334559445,-0.030822825280941712,48.624206167596284,-35.434270412232166,44.02405195713622,0.8767286440152852,0.02357046603579549,-1,-0.027356877794131016
QQQ,day_300,0.0024825098057021933,0.05305119726758667,-0.03012322073075835,33.63662164624087,-37.66223979632477,41.55180862278771,0.6401005295471428,0.024198031428250583,-1,-0.041230799086246675
QQQ,day_350,0.029902614547604234,-0.009512141517366124,-0.019564398649350112,48.56252715689473,-39.607633596421465,11.504009985677548,0.9097276199706265,0.02854191121863208,1,0.077728840783691
QQQ,day_400,0.009212511520044764,-0.048925475160476295,-0.1714561030339804,33.2682557155961,-46.55631651630899,-0.2709077959450084,0.9530093966303798,0.031047454177405027,1,0.017895627768960868
QQQ,day_450,-0.02495323778605174,-0.03816494094528455,0.052924735280897695,54.47166904926659,-49.493019267443266,59.16717480509692,1.0214306932989343,0.02648522260363073,1,0.04493986022072495
QQQ,day_50,0.05699176497800407,0.012517746312667555,0.03757874742857048,34.00911816367936,-102.68232142421436,14.697163642142216,1.0717364898427968,0.01725521971147595,-1,-0.030463183379109585
QQQ,day_100,0.0029881788582675206,0.011383949246705605,-0.006370995562812287,35.54992928924965,-104.15294641489218,22.49553898174681,0.9691583274216419,0.01655243879463578,-1,-0.01742779490667884
QQQ,day_150,-0.01956377178492663,0.012397232610550146,-0.018680465857779716,47.7179583259113,-85.25926633793951,59.2052077124309,1.1568913539407093,0.0159081029311999,-1,-0.06880460451709473
QQQ,day_200,0.0018238540066710662,-0.0364249692104055,-0.05432437309775229,35.219415524956446,-72.36245597265197,11.152081226472935,1.293067979677015,0.015751857383682778,-1,-0.03360629921785607
QQQ,day_250,0.00668502718452868,-0.0109671745604204,-0.07319339570299022,12.347494329523059,-59.033721531915546,10.009993308889394,0.8775520896205227,0.014419988902912895,1,0.015000145193833614
QQQ,day_300,0.022708200804215428,-0.022409478313310416,-0.08009913370154753,16.26363006901107,-49.11464793979961,4.58318449456253,0.6894415960688819,0.01573131563388614,1,0.011975644673517645
QQQ,day_350,0.0051173739006318275,-0.03434460279598284,-0.14224228786880289,23.4619232735822,-41.95837896753103,12.03393570866243,0.8274543233002996,0.016043839977394957,-1,-0.016301988862380355
QQQ,day_400,0.0041385019588127125,0.06113654180841688,0.11177416954893538,66.83772961857079,-42.863934013154456,106.60462535408755,0.8497956991297381,0.0174330743464717,0,-0.00442401912538533
QQQ,day_450,-0.02088823114761207,-0.01450706836928728,-0.06253488645103944,42.24626008221049,-40.66155527109522,30.75857009486621,0.8720837770087156,0.015154287275974428,1,0.038496842605437065
QQQ,day_50,-0.048108603481796686,0.06640089892061196,0.21389193923537353,69.75541225511438,-506.21722139021796,99.40386842062932,0.8024435100360474,0.03564648159196155,1,0.09554672748399957
QQQ,day_100,-0.0626321929591993,-0.028096300744884006,0.0692449902973451,49.629718639098144,-495.0986005788389,71.63411391782059,1.2106760301767678,0.03759423255278756,1,0.05026229080047483
QQQ,day_150,0.03062278122565787,-0.032921732683505844,-0.18986814143086828,20.24452673656549,-497.3561492790934,10.955791903553957,1.1785997750915944,0.033894138979274915,0,-0.0035035070469465303
QQQ,day_200,-0.06495487133205047,-0.1788224885832409,-0.29754491862775445,22.0780524514617,-251.10794692169915,1.1487451378963005,0.9494240840087953,0.03554480799526365,-1,-0.13592294711143596
QQQ,day_250,0.09913141047992724,0.10959763778390563,0.3652793753955266,54.51199887405049,-185.6412971006711,67.89198878050328,0.9871724979741107,0.03942231567663138,-1,-0.08695836632850477
QQQ,day_300,-0.1103295314556424,-0.07305410019949488,-0.1414056969144859,44.09777392353698,-236.8774414769788,56.37463282882591,1.142016583223181,0.041022382950514594,-1,-0.060723729325833115
QQQ,day_350,-0.029563600425420056,-0.05356007064247803,-0.09129149777734813,59.89508957836485,-175.51419463653,57.70010624033429,0.7753413132945386,0.03803413048198877,1,0.04607511903052235
QQQ,day_400,0.008541913562718051,0.025585342631280428,-0.04799104740262483,19.287312680954955,-148.7463421834759,31.827390905314218,0.9587905389682406,0.037781453499342206,-1,-0.16005713071737618
QQQ,day_450,0.0014346877485458265,-0.12832966236397148,-0.27226142192513714,18.911617697749833,-77.30722329509929,7.71622475500398,0.9053475582085821,0.0371443597285072,-1,-0.06449045818730158
QQQ,day_50,0.031391297559370646,0.04785233002615463,0.11503231727452956,58.676968064663654,-351.3534688680383,52.40283116224174,1.2767695056245985,0.035656629262685376,-1,-0.07356958732846508
QQQ,day_100,-0.008586101107871169,-0.10390532707252254,-0.1695031276479182,34.92078018097739,-279.8938927889549,-4.542471610643243,1.0541442866738653,0.036946202393901166,1,0.1852535271678741
QQQ,day_150,-0.003307221102493485,0.04095420287253049,-0.07788387201800606,49.70829385405742,-230.5568752212565,54.5686028927807,0.7291505536478631,0.0304772102353864,-1,-0.12156884984677221
QQQ,day_200,-0.050829828443531566,-0.07622221806369989,0.014040210963597755,32.64552368434032,-217.70213614714524,24.526914922364668,0.810302493783163,0.03615608020067774,-1,-0.11774667129414261
QQQ,day_250,0.022535792457063053,-0.014684571183257278,-0.02905904154168193,38.17861827489359,-182.63895793822866,24.271071912542766,0.8844305873630942,0.038237271270740336,-1,-0.10410068696951313
QQQ,day_300,0.01794721373337471,-0.07197112390504401,0.10159314592976654,48.83786976386057,-210.43733423918496,37.312027796489936,1.1575181889006623,0.04349525659173508,1,0.16203037589337144
QQQ,day_350,0.032448715374866266,-0.09175745968596472,-0.11524188007728886,27.700880891598644,-214.18975908317938,-10.535441714474423,0.7564759673292525,0.038366045794399374,1,0.05403893743357535
QQQ,day_400,-0.021307900665408774,-0.04214665271756535,-0.1135705736375221,41.29937358981834,-238.16250575726286,0.007732082289143132,0.9781946750299373,0.03616372868002471,-1,-0.03565410010826908
QQQ,day_450,0.011117104227935437,-0.0018776113409594286,0.26265502696793264,71.41915323327177,-256.63345851657334,77.69013528379884,1.4522853010620909,0.03728682959929331,-1,-0.08893067466719971
QQQ,day_50,0.03917905711518532,0.04964181837944737,-0.026133094812294755,48.839663675519226,-126.17602463915166,36.507051969578406,1.067176927370633,0.031542823083100024,1,0.0411859664264846
QQQ,day_100,0.011990152092227202,-0.10253548348757535,-0.15163943475932595,21.95790000051359,-119.7503326849897,-8.35203418740528,0.8261202770301938,0.032129001793142764,1,0.07089249903955795
QQQ,day_150,-0.036861914244641025,-0.11966322347598679,0.015580704503190379,57.884403427158155,-148.62706466788208,44.62247065909477,0.8604928871358918,0.03273147104317423,1,0.02360156386146652
QQQ,day_200,-0.013271631374443538,-0.11294300964894255,-0.14429655787691997,36.01975822617748,-136.6314198315321,9.984693351627751,0.8369335787121331,0.0327621433143182,1,0.051115717296204635
QQQ,day_250,-0.03673004964552473,0.08267472791920327,0.35636657250789305,66.87073990090778,-193.5633601599138,90.30268590191963,0.8542270706533085,0.03904987471692838,1,0.08974644412790556
QQQ,day_300,-0.029175329526334615,0.017835463732131185,-0.030573204821192634,32.9293234435595,-186.0074657197809,41.07863487934294,1.4281837551986407,0.03805116882324709,-1,-0.09530817779225899
QQQ,day_350,0.0343394753319044,-0.011625555098744522,-0.01798757032985132,33.94540685859246,-142.64161896075137,16.642379607832854,0.6061895192447884,0.04162070437528444,-1,-0.03472301611768476
QQQ,day_400,0.039263189558731426,0.05440578666940166,-0.05254102569614605,45.67593401102418,-111.49522282091226,11.854450078722298,1.027605601168654,0.03339974326719988,0,0.00555347142906403
QQQ,day_450,0.0794514498264618,0.07040944257351023,-0.07930029893889523,37.681772897511934,-107.42079380934467,36.06499979590288,0.9838462790349884,0.037513874433619115,0,0.005535902897111691
QQQ,day_50,0.0010334519497563477,-0.009923233526994757,-0.02329302257676602,32.60731487664556,-299.9909940350909,18.673360581051842,1.337500725940855,0.00938378485046827,-1,-0.03449099457275326
QQQ,day_100,0.012647447110874621,0.024417344247870787,0.026168308242413785,54.25700571856628,-269.4892897130945,83.8425748774251,0.8048785714475394,0.010234453896500776,1,0.016813453691178044
QQQ,day_150,0.004536140375459796,-0.01052872590145848,-0.020310378770065585,35.966689073310974,-301.46446805654887,28.741590536432245,0.9164953485069153,0.010655066084509602,1,0.03545303962106065
QQQ,day_200,0.002312755330529326,-0.01427301370595535,0.013178736966115157,56.13964023544615,-307.75080686884564,63.799442203792026,1.3954637057851145,0.011895531275785664,0,-0.005796023480625421
QQQ,day_250,0.01902586958597996,0.01990214781492905,-0.012821722078765085,41.647489435874085,-316.83388032921175,30.562640082864455,1.122879721797537,0.012244448401582987,1,0.019294299656819502
QQQ,day_300,0.01783241216969933,0.025299565428051007,0.044209766952878704,66.97383728727294,-312.498051570178,82.79444955154123,1.075136535277471,0.009197448609968477,1,0.02638078684245211
QQQ,day_350,0.027136805325333357,0.02712680031178527,0.008454923014491689,26.279019493602107,-300.9409993654682,26.13956067253812,1.3684028654059317,0.011136591182110236,0,-0.0021928167128628766
QQQ,day_400,0.003345115374977059,0.005809328458660223,0.003273847725137502,53.988584980494906,-309.0225569405212,50.13214722184135,0.9249383011946047,0.011546555020561192,1,0.040710604460262825
QQQ,day_450,-0.012709743409525243,-0.01835202442915085,0.041653951449331705,62.1559224368373,-321.52475553285433,70.53398546943941,1.323358443189654,0.01036795713927983,1,0.017258080805173104
QQQ,day_50,-0.028728976679424312,0.051190038676611094,-0.26405488991335413,39.288689162748085,-304.3282554951765,43.76311299496396,1.1119115969697657,0.03489388241428886,1,0.01835254487305363
QQQ,day_100,-0.02867753278410956,0.0836015899791187,-0.10089345852950038,48.115719846555116,-245.85362846511745,38.527637845415754,0.9826460064582072,0.03655749742802001,1,0.03856891642584282
QQQ,day_150,-0.0518419847682704,-0.18263032197144802,-0.10059276156282615,27.281680242126654,-232.10435102568985,-10.66562405204455,1.1180032678436673,0.03142473498991344,1,0.04306284651968597
QQQ,day_200,0.09023467143162045,0.08715916623663578,0.019816983231764063,37.98911651358191,-114.83068574303792,17.171817403908555,1.0455709969105402,0.03497031533086891,1,0.03848478003068901
QQQ,day_250,-0.030253245496615344,0.031116988781018984,0.0327474915704391,58.08601903630517,-129.56490346805344,85.05662471956266,0.7402974278959602,0.037129274708396706,-1,-0.03439918155131763
QQQ,day_300,-0.07350868568902313,-0.02275740500829082,-0.07029062157103705,56.83075962676362,-79.88771566586503,49.87667779270796,1.3033024371859876,0.035840273319808116,1,0.13784606468728644
QQQ,day_350,-0.02350343913500008,-0.0884480103890839,-0.07915466374882751,51.02217562771699,-63.795806434489904,17.762540328886082,1.2654354769710925,0.041076317720625595,1,0.023111376843062605
QQQ,day_400,0.03865338217306258,-0.020035857964179504,-0.003714090576042439,40.74759223364013,-49.49163603109306,10.743164386004644,1.485057083698582,0.0417469428275989,-1,-0.025211632036020913
QQQ,day_450,0.016887596444555175,0.001417163112954034,0.043796158234769456,71.80003391544537,-36.337549649639826,83.98697720291717,1.224995692041664,0.038665030888107695,0,-0.006782293959164311
QQQ,day_50,-0.02429264423795663,-0.021216665988596173,0.005915004407118563,58.34524324552001,-149.04914396918912,95.09571725783515,1.0901664727109759,0.013939306117981736,0,-0.0010582954946641518
QQQ,day_100,0.033044646538928246,-0.0007026894049905197,0.005224247567075402,42.52157981698923,-154.79540286540245,0.5968812701581532,1.0376460021612581,0.011437083974672621,0,-0.007880772094431573
QQQ,day_150,0.008694188685401727,-0.055645220184876276,-0.012356176347898318,46.03634355381758,-155.6607649459623,8.242272950869275,0.8359917052695072,0.01580379870328319,1,0.03196907406934766
QQQ,day_200,0.025602764237190767,0.03937316339605701,0.0758007078589209,58.92100725322218,-154.15038941452323,92.88661494922641,0.8768061608537818,0.014559417628531184,1,0.07215594246508537
QQQ,day_250,0.013544446288114242,0.05483936270424583,0.11769693673258597,70.93698899528437,-183.85361592576524,99.863830169852,1.1656942939960584,0.016186803021527165,-1,-0.01730810848970331
QQQ,day_300,-0.001380510025507209,0.008452177282898043,0.05314835248668426,80.67694177216165,-199.24112345937004,94.14562658375311,0.8811826511138885,0.011415996684975628,0,-0.0065820765268694926
QQQ,day_350,0.01661792769394288,0.028324410607659445,-0.027590674331218756,31.87735519644579,-226.6787258513108,28.466667444942395,1.1103768111091474,0.01824803320917504,1,0.09189450119630624
QQQ,day_400,-0.0307032199589794,-0.05510931511994299,-0.07274655366522609,26.653248927296488,-244.23494939200683,6.350638798657123,0.8696395239200572,0.016104405204282152,1,0.04841171608405263
QQQ,day_450,-0.000896991149026527,-0.02790870425910308,-0.07333772014666196,30.86783046028266,-263.2416133757076,15.63826048563598,1.1130149239898575,0.0166006580151281,0,-0.007610190191908547
QQQ,day_50,-0.02513730772363887,-0.023459461791367375,-0.03161384573927317,46.58585238986486,-515.7190323963323,46.05588923785349,1.1862361869753364,0.01715793233229313,1,0.019458290391400523
QQQ,day_100,0.007962892718343273,-0.0068798725454622955,-0.07098213194667435,42.449692437367176,-555.6090521402184,18.250199685028164,0.8307959208731783,0.015934943390786504,1,0.0824935399987415
QQQ,day_150,0.0008841201456051273,-0.01711855071930357,-0.10302708031322838,30.20622397938635,-473.0500994707674,24.035829619228725,1.3988650890955472,0.01751485463099473,1,0.04224903356993023
QQQ,day_200,0.011182832128596054,0.02793241870071861,0.01808028697652375,53.38315574378038,-428.1146806361297,63.18849402031809,0.894950465343553,0.019331710315079954,-1,-0.023164174654957646
QQQ,day_250,0.014575920872439863,0.046364138355682316,0.07117096642872145,68.36903193464973,-413.24157921412876,98.73896430099369,0.9263013155902755,0.01844928328937009,0,2.9453388047802974e-05
QQQ,day_300,-0.019611871727996832,0.012194837376689138,-0.1591946676860183,23.839736667350536,-378.2640613529291,29.820889196412924,0.6988729286178818,0.018652865505332652,-1,-0.11959257832458106
QQQ,day_350,-0.0020167772671879636,0.03138676240566829,0.1013078750670251,56.60704234386879,-371.17021321506206,67.92184858428494,1.0528328547425059,0.021557706759763214,-1,-0.04207511472739289
QQQ,day_400,0.02114033581691821,-0.015523839205171641,-0.03972847244897815,50.64081136011281,-331.9759274239384,23.411561825945704,0.7458583303936589,0.018968797721507818,1,0.05642217357355176
QQQ,day_450,-0.0005865325812575151,-0.00355718400970495,-0.035701254627478085,44.40261188049709,-351.62149589180245,32.811722827042594,1.0534246533440546,0.01863446337229722,-1,-0.03933640187824182
QQQ,day_50,-0.01849683424155546,0.021831204034131524,0.01821445614199657,62.77111114529426,-184.27121415030223,104.4864562983949,0.9899641620950108,0.023210694514798437,1,0.04676096167095175
QQQ,day_100,-0.007878787208291493,-0.0614342970183428,-0.10641223291203261,31.32606517214144,-176.2519362588656,16.859602308924153,1.3316727380441966,0.022796500561680436,0,-0.00413337635515138
QQQ,day_150,-0.014817200368616001,-0.06237738572990936,-0.03811902934737155,35.5536401638754,-208.87999224950929,13.37113249012402,1.0448739168040055,0.025286639814495183,0,0.008531488902042491
QQQ,day_200,-0.020586433192126163,0.031903235764921156,-0.005542633129242525,56.24910740806221,-271.2752466604955,79.11400954761187,1.1837820384105093,0.02118563267421967,1,0.011699100692953626
QQQ,day_250,0.0368953446686926,-0.056458602703172156,0.019008639798522076,36.657855597565934,-300.8150781836653,-4.289847596602377,1.1616528048564962,0.02498966385026663,1,0.03385946908643266
QQQ,day_300,-0.022546350725626274,-0.030894302418434938,-0.02975993619050099,52.39420610798346,-325.54569451214815,32.086651895623454,0.7249405574988829,0.025650956559548386,1,0.04162074970824701
QQQ,day_350,0.027372167897736777,0.11310036327301543,0.01459260967011966,53.171497538455604,-368.8543133096353,64.04820919341942,0.8406674659035348,0.024298346785642223,1,0.02876676983623607
QQQ,day_400,-0.053590030970849134,-0.06566415040183926,-0.06415546511000325,44.58234878773591,-449.16880223633996,54.55202461848311,1.4457985838062253,0.024110657273951355,-1,-0.02545106805392415
QQQ,day_450,0.05978641680738295,0.020085758607228943,0.043149731444933836,44.102731865693855,-375.5997371410844,31.67888120114585,1.0710514855220863,0.03451015414372486,0,0.0011205843069690153
QQQ,day_50,0.022048092479435066,-0.10600640639682879,0.0884176904383076,40.43429622755377,-241.72950087736083,33.01058878111364,1.0641866806085143,0.03266347188281999,1,0.09725082772694231
QQQ,day_100,0.006014748140332538,0.03591677209182054,-0.03240529785506008,52.177301885030154,-281.39307142362213,65.57152081520786,1.269485760668241,0.03279713441676834,-1,-0.07332927854693512
QQQ,day_150,0.009040242852742741,0.06781131960970788,0.22609567996732371,66.40690123567992,-299.0851983386333,100.19038219412614,0.8626699257829852,0.03645628329499177,-1,-0.11124926396600489
QQQ,day_200,0.0032174898361070348,-0.08826444495602037,-0.23670188975458994,24.960948017970935,-245.37997076724224,17.56618368730829,1.0309881284800992,0.041225945311886766,1,0.062272106556248416
QQQ,day_250,0.004936069518780117,-0.03561177986807851,0.2390963463641569,75.59606460418422,-411.66427319785805,68.71066165411511,1.1135674800945448,0.03511196117386031,1,0.038621616112086914
QQQ,day_300,-0.01330534000367678,-0.03055087438393267,-0.12492780854685492,43.17753909388847,-341.50749109373294,54.106285573913695,1.0407845624121896,0.04274495736139976,-1,-0.0898102025536954
QQQ,day_350,0.02373273712599011,-0.018594383378953028,0.13780304538184063,56.28748052219434,-302.0415696743693,54.2134891916618,0.9823974552472602,0.037596663628272665,-1,-0.023799167233542667
QQQ,day_400,0.009688676536369512,-0.10261778010876599,-0.04966150365739885,42.58097961463319,-319.2768585304116,4.640035808847033,0.7777515498530261,0.03794197949518893,1,0.05695571920766844
QQQ,day_450,-0.025923502859384273,-0.046884639583474,-0.14592318903575974,32.75913077783123,-235.11466115652016,18.01947814813441,0.4764156634205319,0.038119062116253516,-1,-0.10126063690544564
QQQ,day_50,0.04165725809243637,-0.07194909621751178,-0.06906639108798596,41.44732950355739,-456.2860832853345,12.114899169964199,0.9516277343250334,0.03449463564807551,1,0.20114824384673902
QQQ,day_100,-0.02975340083882816,-0.02776593769931135,-0.02926183124853876,59.581489511246076,-703.1435331516026,45.72511081605711,1.1537447140217574,0.032118213280059704,1,0.028472835608856946
QQQ,day_150,-0.0574814139282358,-0.10982116390683139,-0.08292371986414249,41.40532037965349,-549.9888930496702,17.46932436950331,0.792137474385355,0.03146322578307832,-1,-0.0774163682409179
QQQ,day_200,0.02231471867472834,0.050779376119117314,0.10568509711782648,61.168986455274734,-529.3370022082984,70.05501846962805,0.9223055201853368,0.03731861437532997,1,0.057439960879998815
QQQ,day_250,-0.01566795146579325,0.03225224216729661,0.06099504562913505,69.79599222673028,-719.2652813360535,90.8968060975902,1.2017956737029036,0.03573053512897852,1,0.07561474301544442
QQQ,day_300,0.022804288444008947,0.10419796708492957,0.08896632564759788,59.56260328770913,-701.1235993762822,76.9879747818402,0.8118581439043383,0.03559535236138027,1,0.05922288722103452
QQQ,day_350,-0.0017592174289886575,-0.00830592663946561,0.12187428674709211,60.140234673009715,-731.286610873912,58.626718854942006,0.8528168543394067,0.03051013878259277,1,0.1198953856601947
QQQ,day_400,-0.00272239907837446,0.05413091953735827,0.05107633056894012,53.46487028020282,-838.3614336492404,62.18774850487715,0.8082050802707168,0.028525555672553424,1,0.05329223372217901
QQQ,day_450,0.006540052705670929,-0.06056614719546949,-0.1168141928545795,24.457551772694913,-1100.0148835009286,6.6804377768942285,0.7879787428472418,0.03354959983005441,0,0.007260783333273102
QQQ,day_50,-0.036642253819218595,-0.08799971809501017,-0.16582840339155913,27.652479276693995,-407.2470503213349,11.445654165447227,0.6459891010839466,0.026617061039703797,-1,-0.0781864248543952
QQQ,day_100,-0.060504467365300685,-0.009254148532410578,-0.06022340658946368,57.15119138532646,-255.74715286544796,88.83798111747124,0.9577923098056419,0.025748931613289935,1,0.08474654123370745
QQQ,day_150,-0.005423434769163182,0.008861058616404627,-0.027842642673278295,44.51777570377239,-307.7562332170437,42.967279821663,1.1851404954024036,0.025634325125011716,1,0.010200053805530993
QQQ,day_200,-0.0077036451627484626,-0.027922289883291374,0.00830292577749514,44.87948666002379,-314.22589319495444,44.49918301805295,1.0591718363545652,0.02601512118617347,-1,-0.05423936095516766
QQQ,day_250,0.06153414930660106,0.05711212869482374,0.04569453425308678,50.033637859579194,-222.63486681543117,62.29605243400707,0.8562540758575576,0.030283714865339994,1,0.03527331271430716
QQQ,day_300,0.032222425471465366,-0.02869972716063285,-0.03317320276153013,28.951914574032912,-266.96510641021735,3.1714559296730798,0.9893082648048648,0.024663208243042748,0,0.005713119059189273
QQQ,day_350,-0.001104918563202495,0.03309997392876207,-0.1209380486083198,26.872144445952003,-247.26880995786783,34.80765540427556,1.3540271659530094,0.02439366888486968,-1,-0.09760032283915109
QQQ,day_400,-0.025137310009834768,-0.04376644964978371,-0.19468535198641168,36.78748692300092,-171.91526834480797,29.754776025416223,0.9417475992641869,0.02936502150797695,1,0.05722325039469466
QQQ,day_450,-0.051192979462624466,-0.05359249577904579,-0.12853367264299187,28.296853031004588,-123.45943563806559,20.43722606513601,1.0911392745644537,0.020651611401268557,1,0.01928335516261608
QQQ,day_50,-0.02478992631209298,-0.07298482684233809,-0.11574608963266253,40.529613718441965,-320.2658263149819,13.964307946788956,1.191488882245252,0.03125842656397164,-1,-0.08566503678677784
QQQ,day_100,-0.07121761202184074,-0.051684432437141714,-0.05991131734945088,46.666795270447345,-327.6606736636018,36.21260977019322,1.2447282930892603,0.03844910851022079,1,0.11900527323420007
QQQ,day_150,0.06261173203473303,0.10099947706615864,0.12564670433393244,57.11399815858023,-323.45545718223303,76.69669614285952,0.9651047391783133,0.03233616437622977,1,0.13082267305571166
QQQ,day_200,0.014365130532530301,-0.08972533251655557,-0.22153140539321392,15.991037460443962,-356.47018866846275,-0.6942881326184824,1.4771680825867382,0.029141467782578392,-1,-0.027444138337782267
QQQ,day_250,0.043716365161061255,0.09857670439758115,0.3209684099252468,65.17431646763026,-244.97052525542296,69.69434929473623,0.9490273552227626,0.03292404397108136,0,-0.0006893436870364328
QQQ,day_300,0.0074150207013823355,-0.031424703297675216,-0.12666058706681182,22.842326701939754,-225.11450175164154,5.96841399245179,0.9034305390962539,0.029246952795759142,1,0.09215997944529566
QQQ,day_350,0.026209219162854014,-0.02967908592431312,-0.03958624981904535,54.34826832684421,-187.6572000987958,25.722143620042655,1.563286778265824,0.031277150298492616,-1,-0.09245960309095917
QQQ,day_400,0.005296950476898488,-0.03513832928323368,0.03074475670253496,52.59229255840963,-155.05277234701546,33.275050523528634,0.7906801711631394,0.033815237565821055,1,0.03221331750693931
QQQ,day_450,0.004499978311131914,-0.014814314706304565,-0.09695085102571743,44.11676671786998,-116.4192175936657,23.304254301111417,0.6840522637654797,0.032680845741783364,-1,-0.010741743861435097
QQQ,day_50,-0.0075823499982604625,0.07207773327692069,0.20852496706132295,73.35493066991815,-303.77836924446717,105.02321082824974,0.8121072851581178,0.02234409327477855,1,0.07735850980051297
QQQ,day_100,0.005070805289282276,0.005278032031713398,0.08473470354003831,72.0871455756392,-367.81900495548103,83.2867283430278,1.167033082828874,0.020771900106153533,0,0.0019022838663802554
QQQ,day_150,0.0011330008329080155,0.02454040825359516,0.24798552850805722,71.21980576642954,-481.3741040070621,70.71795720221466,1.1718626313615608,0.022788077299415455,0,-0.00812593725242729
QQQ,day_200,-0.008850735587622949,-0.0016659393182273385,-0.09172625687654445,33.155080327505985,-524.852558835925,19.93923734838808,0.7376281306720806,0.023076297699822838,1,0.017453627249805634
QQQ,day_250,-0.019243976111360195,-0.03722510395293421,-0.16919353325556452,21.47561827533295,-500.6836417129585,13.690099872152665,1.1895164849879496,0.021875274764807544,-1,-0.019962039617098172
QQQ,day_300,-0.0013419099704278237,-0.007182861022074105,-0.04284380336779148,17.773054197875354,-439.64598454282054,14.387526549254739,1.5774812808327277,0.015915559094927176,-1,-0.010568881030311832
QQQ,day_350,0.045113994688383174,-0.051376663988283,0.0025072170446602815,32.27687947266119,-535.649411964754,9.110452933417683,1.0284920992377848,0.021741863821416768,1,0.010157548554592461
QQQ,day_400,0.006503247095237974,-0.05830606392250104,-0.12158531760041824,34.87455728711713,-502.98730793494997,13.16721761063506,0.9803384083210921,0.027494220807106583,-1,-0.01890536749775147
QQQ,day_450,0.019914409773901687,-0.012198376447176917,0.0578058133380579,52.16788682292744,-445.886775660519,40.32687899240887,0.7910328228531319,0.024356747860894753,-1,-0.04309835110068529
QQQ,day_50,0.021101399896366946,0.08067152232702357,0.06802225455264876,66.47960057291942,-371.73668853257874,112.05350675316828,0.9375671248213467,0.01591913568838614,1,0.018247552312092918
QQQ,day_100,-0.02482272022140919,-0.08600131488648843,-0.02637332036399964,32.995808571097996,-438.7071559067338,9.753171946508818,1.0272976729776648,0.015511998640961895,0,-0.006486993948460058
QQQ,day_150,0.01742835711738766,-0.03859341105538994,-0.0850468748184473,38.593010689944315,-383.5360306301147,15.290216204881043,1.0832851586389762,0.012694007196705135,1,0.039387396631412594
QQQ,day_200,-0.004605066038682604,-0.022441424487030348,0.20093117237133984,81.40897806750175,-468.11643498908205,73.25621783254674,1.2223417423127791,0.014092468521868413,-1,-0.018787317097571372
QQQ,day_250,0.02480522187311318,0.010440243457856546,-0.019261681844074396,35.1244582471341,-457.84211673536936,4.540730219876729,0.9009968512840911,0.01642628699705169,-1,-0.023598697559000403
QQQ,day_300,-0.014013607117200455,-0.011464910086507185,0.018642723331380173,51.462440092143844,-412.50203292230543,55.348761025032346,0.8237429289591767,0.017741234108981693,1,0.016253809723500656
QQQ,day_350,0.047761859629839254,0.11087474351879223,0.16252635802680837,75.47953220101064,-422.1095962014828,123.27108291933332,1.1202362217594692,0.013656604067623545,1,0.010090770130890037
QQQ,day_400,0.011610677199909825,-0.0043925915266370685,0.021868642545076256,33.93592113435017,-469.22106240418265,30.203770789318913,0.9803611206885386,0.016728710159335795,-1,-0.03965281821158213
QQQ,day_450,0.0019293022081037225,0.03463372444798263,0.049566213305409335,53.892823972901475,-469.3252132950781,74.69104223813865,0.942242132622555,0.016527599269696734,-1,-0.03089780498816352
QQQ,day_50,-0.0036725260996620657,0.013684586262820542,-0.017524610837357346,69.52257801506806,-74.85138097241379,77.21631610936274,0.8909919031820509,0.016430567638643766,-1,-0.04493256577469611
QQQ,day_100,-0.006258103597205467,0.03698825808311135,-0.021253671733795443,58.498813651075785,-63.78634536225615,77.87681645011526,0.8882137176211019,0.015714307812670095,-1,-0.023448120155796896
QQQ,day_150,-0.003952631440984566,-0.04610914292224755,-0.1567339112508216,10.215594320276054,-53.04718508302784,16.77029663655881,0.7264227515689726,0.016845422019862027,1,0.03104307733272144
QQQ,day_200,-0.026027518817722473,-0.019175136475238275,-0.11416702176847882,25.843920432288684,-47.50975365908652,29.099002559264903,0.892306991275332,0.017328849225765986,-1,-0.015583982009670141
QQQ,day_250,0.011048284651984375,0.05115157631313738,-0.04074993276988659,50.23685027975216,-35.14447776767009,57.718212273066825,1.3027346573589573,0.014497816746320688,-1,-0.05486226866542998
QQQ,day_300,-0.010620822243668449,0.009941849705221273,-0.0986008008393463,26.458802487618655,-27.83397833907047,26.10024407351112,0.7050718970351787,0.01627513896724474,0,-0.00857541527720199
QQQ,day_350,-0.026542966747349683,-0.07051492713410201,0.04356468111326728,55.843547342834306,-28.80676503681736,52.21165479741586,1.492168757654799,0.017761898572398592,1,0.02287014744914796
QQQ,day_400,-0.028496615579982842,-0.08226348753715962,-0.16050254477036097,29.70996035494781,-26.230020029275476,-9.31705603417736,1.2127452853447895,0.01989664912580902,1,0.04141392772444733
QQQ,day_450,0.0018959412558638977,0.03359001403607342,-0.029053441325770923,31.28601128976861,-20.628959010228535,39.283939869681376,1.0568154653902033,0.01664522221799663,-1,-0.05877590698093712
QQQ,day_50,-0.009659408753365906,0.01451821277026788,0.014915892988490054,52.694603531531506,-336.39459492022286,92.9219286486602,1.026858712660649,0.011989609529119911,-1,-0.03739308543320414
QQQ,day_100,-0.022423536058308713,-0.0344551333854739,-0.028215705758016685,52.844807730712816,-359.6493031834017,60.507766632308304,0.6669150155380859,0.01406501188621426,-1,-0.021433483113290467
QQQ,day_150,0.015226110792021297,0.007803026342159125,0.03366700233027631,45.84572306501023,-399.575380050374,48.5733323512701,0.7951641618739038,0.012083169311811814,1,0.03883244042647995
QQQ,day_200,-0.02817190119479429,-0.005321990158716261,-0.0818441917820304,45.52089927900009,-412.8501645753878,49.678287851995066,0.9764663445423831,0.011626842209374079,1,0.024069954325249353
QQQ,day_250,-0.022146260164107145,-0.052920373985153146,-0.09106110689032054,25.29591441136712,-368.0722617722082,7.888583333673706,1.3697384548731126,0.011632504396721456,1,0.034395293302273915
QQQ,day_300,-0.008714276042385172,0.029671768863509085,0.008723013788597633,57.7206364560178,-327.62309684236413,95.95671317882267,1.03386111551666,0.014053933447593207,0,0.00643911019939029
QQQ,day_350,-0.016802750636098374,-0.011404841374919705,0.011381804851939847,64.65114032380137,-377.72888073090604,86.76671653427348,0.853126104576443,0.010110385967560837,0,-0.007409400771993149
QQQ,day_400,-0.02197990833934982,-0.03414760144319684,-0.032236136530280346,48.09710871577936,-374.35719119761654,29.580855373448685,0.8211696414473126,0.011899660198362872,0,-0.0027854341150627114
QQQ,day_450,-0.001414999204516043,0.002671363766882706,0.09256274513407936,68.07190225509392,-393.8888851691081,71.77081505117881,0.9167890864373066,0.012560280136228109,1,0.01993788831283426
QQQ,day_50,0.010260261420051542,-0.07559257885786963,-0.2702741873872234,23.41840812529044,-321.986415232054,7.826922774586626,0.7043394498016541,0.03475481988895058,1,0.027872702796875325
QQQ,day_100,-0.029107737044255733,-0.10416585495204378,-0.09831726098900839,47.56793348274308,-239.32216220305884,18.03028322042775,0.7887602302089867,0.03008701189121961,1,0.08075579823080875
QQQ,day_150,0.05156194041588491,0.1452119962914209,0.13542176840998543,63.193534603805155,-200.3759568288061,107.82276815078077,1.397422939157829,0.027249919642842766,-1,-0.06402737470984383
QQQ,day_200,0.013747915808715927,-0.08313714996021171,-0.12351284569063725,38.04736142577856,-247.46225142775168,-8.01458886960124,0.9664100721960291,0.03410385046714012,1,0.05952594594990642
QQQ,day_250,-0.011926094160990774,-0.013929919569791616,0.0045052810256465126,57.094032760462156,-239.0043340202774,62.08904965825784,0.8669587870684928,0.031436379576909416,-1,-0.07544893836225254
QQQ,day_300,-0.031114187406015126,-0.06437512211925767,0.04846718837621,55.44861056322333,-209.71687535514562,66.17145960707033,1.123158906413288,0.030059003006531092,-1,-0.03147662873744542
QQQ,day_350,-0.008676033753501122,0.010089406444748095,-0.0757683376023609,44.929474028131466,-209.70060150088275,45.10840275138821,1.0862361707996762,0.030246612329278385,-1,-0.04343068484604309
QQQ,day_400,-0.024656184338475273,0.01938844471132306,-0.014634237730866695,55.796202281245996,-212.60986226146792,81.58231102478423,1.1289775841399674,0.03412106159296068,1,0.03716379503959637
QQQ,day_450,0.012826944080359226,-0.07789718981862981,-0.0774228497460221,31.42806901169368,-151.23947522222798,0.5680258679819684,0.6623049463836126,0.03650690208272491,-1,-0.11109172778871541
QQQ,day_50,0.023936292671500325,-0.00835726913203938,0.016765698455742495,45.00379106737315,-399.92093126524003,22.292065355648045,0.7576429596096655,0.035001026239311415,1,0.1129046569197163
QQQ,day_100,-0.03282066858723376,0.05259950171376904,0.1776017882158487,84.75856496976425,-524.4837300169004,104.95987636177304,0.9252643567566023,0.028577483386365524,-1,-0.023983413867329433
QQQ,day_150,-0.050784863933170166,-0.07343996499252037,0.095193565304454,47.2177880944906,-740.206793018036,48.33599965147398,1.191778591700231,0.04110446888690029,1,0.04233970921682045
QQQ,day_200,0.016684844425865375,0.04293259764944435,0.13362356150738797,67.65882450386468,-693.4979314012138,103.33569708951144,0.8798105963294655,0.03319588504810672,1,0.0340906834618363
QQQ,day_250,-0.06020112514355325,-0.07633868448867709,-0.16015242581611422,43.95432054233355,-860.6765850499845,30.290332255450362,1.0253125604849997,0.03713341324730132,-1,-0.09852670136691659
QQQ,day_300,0.07208154055506522,0.04119183661948367,-0.054492253141432134,47.00498051512265,-739.280749605227,20.032559850262007,1.1466223131437385,0.031936007307594313,1,0.10098015856983522
QQQ,day_350,0.09776162121867626,0.009325365808229957,0.05789913997402696,50.249241969400764,-763.9631881020013,43.78911892166142,1.0412481850027573,0.03787411142755904,-1,-0.05643769825527485
QQQ,day_400,0.09102350063464582,0.02907419599284622,0.09055206023101348,31.731735944906376,-708.9795665913747,20.319988400275594,1.1650067995288393,0.036269179437801474,-1,-0.03625861263793258
QQQ,day_450,0.05743481944911988,0.07385189510372459,0.12287731636443167,61.30357997544497,-609.5218019514832,101.096700238932,1.148551077186393,0.037804118238610636,-1,-0.03414960881494548
QQQ,day_50,0.009198854254681477,0.02276729455986093,-0.04207546127452366,51.652142034418866,-431.4538135433942,58.85859873528947,0.9383664953300747,0.02225064136115819,-1,-0.06387499610782094
QQQ,day_100,-0.007302334950768707,0.01901841135086957,0.01935640388907056,57.283275784389815,-433.67435999588173,69.93979625944701,1.01344211500862,0.01757114669283523,1,0.059117083468604455
QQQ,day_150,0.040415662545358666,0.004430654715436688,-0.11690088696330814,9.092757287149823,-454.8881792672836,8.407139050364698,1.0284478096876346,0.018090993837079378,0,0.003805381363491587
QQQ,day_200,-0.014756684756081717,-0.017728799304750242,0.030635110624902095,56.921805519314844,-475.0853677202108,59.94633896342103,1.0476596954422326,0.0198961708281642,-1,-0.01885030421629542
QQQ,day_250,0.040600730095359916,0.08900903108205815,0.09194683535826353,64.13324896948163,-477.1529912538952,105.85882168091396,0.9647859986274789,0.02167853158571965,-1,-0.05455565633755802
QQQ,day_300,0.03272508571099353,0.13667043132129075,0.40755239522204123,97.5760477546065,-543.8266330135638,98.02379303323906,0.6788676646032671,0.023332948396567042,-1,-0.04533315289799869
QQQ,day_350,-0.014219709755990961,-0.012576211840737872,0.05121473937599097,56.23013008126445,-590.7628793543595,68.82089714501818,0.8806728257113074,0.021000881979210864,-1,-0.04664672092529395
QQQ,day_400,0.015878205069475015,-0.012900094814591201,-0.12461839104435446,20.51211093088726,-496.8003834499229,17.8010762206372,1.0579442059926405,0.01816218044960209,1,0.050808026602238404
QQQ,day_450,0.01038372184174663,0.0015928549309538464,-0.08012359112801126,36.79454510965134,-498.60617521674743,21.29785039333488,1.1445451892683425,0.019006505554580395,1,0.03736740937860622
QQQ,day_50,0.005244332930570472,0.061233441976069836,-0.054547358759242215,58.769898943294876,-243.51813882654446,60.101058787438234,0.9511824898965996,0.017714272434421866,-1,-0.05212255251200148
QQQ,day_100,-0.002347741956282956,-0.06151758195074919,-0.07440758753583565,36.0909754233296,-218.96783988276462,-7.329100688262227,0.8828694746259212,0.015396398229552665,-1,-0.04860050162257182
QQQ,day_150,-0.0006211810487869451,-0.012516332981756806,-0.11593483384041481,26.71566146068237,-185.44884647448552,20.94979267793801,1.0127813608335918,0.017182686091693298,-1,-0.026318257327936984
QQQ,day_200,0.004767286847730867,-0.026790531136736684,-0.013518586017298828,52.72830183528267,-141.22981081870475,26.210212871974235,0.9474041756818433,0.019140422419440244,1,0.013030619590429688
QQQ,day_250,0.004028461564367314,0.05251412342892303,-0.1314166073464884,45.50603227031174,-129.4452058965602,46.150552102896754,0.9165471118553947,0.01877391343658781,-1,-0.019883824806024634
QQQ,day_300,0.002669871491800091,0.05110345310374176,0.04302691928715352,58.42426523169618,-131.36824653792735,83.0851905232032,0.6818597407731951,0.018072288582059493,-1,-0.022877763488947347
QQQ,day_350,-0.0009086811441887388,0.027932672485638133,-0.01759226039084838,40.499128128546396,-129.56701572745666,54.975712073225544,0.883194702672983,0.018197201973359858,1,0.015820337471637448
QQQ,day_400,-0.0233989733329919,-0.024674404214760193,-0.11848560454640444,40.943560986852674,-116.79034663195945,34.86598755540784,1.5329541066210637,0.016329639479841403,-1,-0.08000107141190067
QQQ,day_450,-0.025701198282702675,-0.043816127640476044,-0.07150287030030955,39.624835908043245,-101.66158632872965,22.26822406435889,0.9049587734564376,0.018480978827690755,1,0.04435700238514596
QQQ,day_50,-0.01860841241694522,-0.025688082298520487,-0.1133885813261607,32.062601774042434,-344.354028789965,17.767267274757753,1.0850669003788256,0.02261989502176981,1,0.06693007082069759
QQQ,day_100,-0.011194262360853968,-0.070227002454613,-0.14557498184423168,32.7829455008051,-329.15220542763683,4.09002968933667,1.0657308578895186,0.022696875797648067,1,0.019441009211016602
QQQ,day_150,0.05308062684099779,-0.032751597157421486,-0.1356452328857609,10.45680484681499,-249.8391118987725,-1.2854012681592581,1.2362184349728307,0.019145191807389723,1,0.039237548882495844
QQQ,day_200,0.043830135853842433,0.08780154670970441,0.12594562779467933,70.17564406968792,-278.99502252164626,86.26035025033467,0.9364080367572789,0.020810767633890143,1,0.046153569855883765
QQQ,day_250,-0.014072135087891402,-0.011249831336485716,0.052972275615677855,58.933410665571714,-335.2071010578566,78.1570386438072,1.081386048523851,0.022357425194980286,1,0.039440586218884494
QQQ,day_300,-0.0066504230697798095,0.03172273820301075,-0.17189355369526893,38.015498182827685,-380.7505198967253,29.394058699445768,0.8879371675889342,0.023529574396676207,-1,-0.02337895439023929
QQQ,day_350,-0.011707887302060405,-0.0535652037802995,-0.13690598209767246,25.006323672442534,-276.0351675240391,23.589799458923043,1.090259504469463,0.019966033937440033,-1,-0.011979131000098966
QQQ,day_400,-0.011071062047519953,-0.07402429976146496,-0.16575325424764564,18.302609426706297,-225.53261810076347,2.6180749526622424,0.9539218765783799,0.026388365765365865,0,0.00389720150865059
QQQ,day_450,-0.017603895157567884,-0.07712889093317243,-0.0994434554666146,56.06768024615693,-171.83971239266188,34.146838474125815,0.7129855799440847,0.022142267920920316,1,0.044093825115312645
QQQ,day_50,-0.02751037420788227,-0.08874965638247201,-0.13201822959440046,36.080356908639814,-98.5056405639062,13.32340420299194,1.023613792155508,0.03714832323659651,0,0.002066135468969424
QQQ,day_100,-0.04000007033497821,0.11030589409393299,0.36144616227770676,82.5210442413919,-123.70664147701196,105.1364005315574,1.1202654576660827,0.02875008442871131,1,0.030358033181763146
QQQ,day_150,-0.006797974438411458,-0.1497117955190631,0.015183751256526046,52.24319934982404,-131.15222652830477,36.350220239166944,0.6694814576244206,0.04387327922220681,1,0.04639074915052073
QQQ,day_200,0.03163241329582034,0.08384594595630324,0.210108596417528,57.9078455822245,-160.6600848932372,98.16307908415007,0.867564738706336,0.040295838354745955,-1,-0.18186252378294987
QQQ,day_250,-0.05557735024210908,-0.010257106388523063,0.19767936530971553,79.38465855069998,-167.9741164049218,88.13219000380401,1.0161898029551288,0.03915266308367328,-1,-0.07629765550481495
QQQ,day_300,0.009653151235317736,-0.0486805481574939,-0.09483458673146705,31.161294568146573,-202.64165365346216,12.730311155845802,0.986304841073975,0.042169802108560035,1,0.10067847629455376
QQQ,day_350,0.04441487201092009,0.04223623361964535,-0.056140057103689855,23.46110577420994,-212.27729019462848,26.877630251565805,1.039300847155964,0.0358871232972143,1,0.05177893485674937
QQQ,day_400,-0.01828193620723284,-0.06261391540669292,0.12212674997705841,73.2514284599266,-314.4165141601749,78.87930043739789,0.9993363715151762,0.041547675458894706,-1,-0.11520572538993905
QQQ,day_450,0.03421795987344911,0.15368571202995973,0.125178432684953,57.66511227271414,-377.6064782115275,106.04925525672306,1.123534595077375,0.033887688739195766,-1,-0.02942243806760169
QQQ,day_50,0.03320605537274046,0.02758699765158079,-0.053237041788796624,29.451212888142607,-386.60240391508324,34.26629753226822,1.386387129851132,0.03205399946232012,0,-0.006637283399728383
QQQ,day_100,-0.01590218210400629,0.06042989973810786,0.3532642252290019,77.01558558202399,-494.69999952510983,89.53421822531811,0.7676393274115171,0.029901893388987525,-1,-0.018658066578669943
QQQ,day_150,0.0009491437856186113,0.0097239798211326,-0.06598358128233128,47.448400364493985,-620.1433299901781,48.132586185587684,0.7719274503688538,0.02506720052433694,1,0.1756377157274434
QQQ,day_200,0.008193339494678265,-0.058558345762334874,0.10647692497336658,49.197992589195024,-733.1199592200454,46.50657148682231,0.9166450692315269,0.021960159256753157,0,-0.0013176976893301004
QQQ,day_250,0.008322013859390465,-0.07272560740975209,-0.08844605650201087,33.73226895729107,-687.8349450597584,5.157696619052362,1.110063281943766,0.027224111479948063,-1,-0.03170636628264417
QQQ,day_300,-0.022428215592354195,0.013159021249303793,-0.17661923682501413,38.120834815231355,-553.9461521554487,37.26415146741686,0.7969027225946145,0.026623483230469223,1,0.09411403335451951
QQQ,day_350,9.690000159379153e-06,0.020986333269506385,0.007974365396800964,50.84649704884704,-470.05386414599445,78.14728345044223,1.0990213440369292,0.025163250687470714,1,0.10542846016518033
QQQ,day_400,-0.028711973723076656,-0.0049447387780208185,0.11223222992866155,61.57998432558923,-702.3982502286335,75.86631757482252,1.1523672658052153,0.023304246901660452,-1,-0.010015463605948094
QQQ,day_450,0.005298311558484148,0.01726478878396165,-0.04080328899210872,40.54660137004175,-668.9517275369528,36.48751558963645,1.0980438146396023,0.026526483684418293,1,0.09764321424559855
QQQ,day_50,-0.018978312355860005,-0.019728012363613656,-0.00013228038291368538,50.97613263955734,-110.6398046374351,46.213623893287235,0.6826334322430374,0.03132942128619802,1,0.07761996750915741
QQQ,day_100,-0.008487691265884001,-0.014761035427965252,-0.017156335589487703,48.48842112363121,-124.25524623906911,61.88297167125082,0.9322133418601841,0.027293817493568573,-1,-0.02870903999195714
QQQ,day_150,0.010601795403799574,0.07860566394410595,0.32861744187760467,86.33441575642662,-165.47558782116838,92.46580881726923,0.9325866601448795,0.026963382741648015,0,0.0002469510826695774
QQQ,day_200,0.01802605050001671,0.0018573758004016838,-0.01224902386319271,54.39519336268511,-197.40774785580953,36.177373265262155,0.8836497683305125,0.025820126861902718,-1,-0.06387228297104303
QQQ,day_250,-0.021545211927315622,-0.011861932016655086,0.2740692095501107,73.79838368553936,-238.8065288460999,88.74723894173422,0.9632199934872746,0.028599447211509494,-1,-0.0708265766465337
QQQ,day_300,-0.012826265023455186,-0.11063281095980693,-0.14214055629102806,36.03028682330535,-200.44636130938167,8.45718631778825,0.8731427382909531,0.02815868165332229,0,0.001558323858612155
QQQ,day_350,0.02172793811628071,-0.027246324456665416,-0.039490824727998475,52.07330009202907,-190.86313859802686,40.00032330594073,0.8049361334888884,0.030418780798303506,-1,-0.022167117295742837
QQQ,day_400,0.02902905531207356,0.003055025051054816,0.009954230161405286,51.03276350431246,-189.46311683084906,35.19474906990986,1.3033750418213228,0.024641228110071717,-1,-0.02292078806675564
QQQ,day_450,-0.026450596488892364,-0.10633867267352093,-0.265221957308056,21.974361486791892,-153.17259480471813,7.88388482135942,0.6619785302773732,0.028617973166341938,1,0.05410427251481006
QQQ,day_50,-0.0006408359860736734,-0.018040175862717445,-0.054051417267789836,40.790780102302705,-154.98691084588268,16.33163942981958,1.3177157575546221,0.021277289089053214,1,0.01518396480153977
QQQ,day_100,0.03556836365712912,0.04156882251053817,0.041957646199498155,38.07854153656056,-135.27807470204618,26.171996059893203,1.3525087415861752,0.022600986909904298,-1,-0.025017366016262796
QQQ,day_150,0.0066244505809816,0.00285817586386905,0.0934529236721442,50.99247717698451,-133.8247802728779,57.68914662503152,1.4384242403556784,0.020758980341141077,1,0.03414452788806459
QQQ,day_200,-0.012053930866585572,-0.00975215114906347,0.05122465646680885,73.56142808773467,-133.0737374984523,76.22427041916455,0.9545843009386473,0.01797854885568601,-1,-0.018602031590732614
QQQ,day_250,0.003527119752892105,-0.0425633272900382,-0.0452620221356177,50.576209354879204,-143.83524644248573,22.068794076018417,0.6774705141699099,0.023415977848367964,0,-0.002007654455970285
QQQ,day_300,0.015990333496402664,0.03522277765817661,-0.006716902237174582,44.55806543244636,-142.13509428420036,43.50802145400987,1.0062933569447292,0.020872594506759632,1,0.05473138253920463
QQQ,day_350,-0.03562648515028133,-0.03873578997155336,-0.012372317158050872,67.0589191909499,-155.36412277205483,72.94931192558714,0.5562620169399346,0.019472782511075183,1,0.0475114264081198
QQQ,day_400,-0.0058384872381546105,0.016916968876663052,-0.07990346134580106,41.438065688126805,-141.98865763408241,24.563457488130545,1.0829449481847748,0.022561284488689638,-1,-0.04714684950046951
QQQ,day_450,-0.01177451107708749,-0.0034536547581024424,-0.04748434725544626,37.66362370753603,-112.24576947144907,21.0282562820378,0.9312516632299841,0.016791300388576156,0,0.0024176657820825943
QQQ,day_50,-0.011679282125708124,-0.05158243751124092,-0.018408182135712048,40.17000303085906,-481.9274223950298,16.502827595258495,1.3881257720106637,0.01452233763597592,-1,-0.047046981066671704
QQQ,day_100,0.005647319445793775,0.005932928344230204,0.11560507670688613,68.67305115969542,-544.2507821030601,82.27824083132569,0.9172435186937719,0.013821015210783542,1,0.04002416063585054
QQQ,day_150,0.010068066617462179,0.06472903516342043,0.12867596856487085,76.59152363933794,-628.3153492064425,111.5543816658312,0.7912124268254752,0.013399308880960319,0,-0.0011494556731784815
QQQ,day_200,-0.009467308064236457,0.02273875088335342,-0.03886738204601459,60.83109347831035,-696.0006727394864,76.37178789661628,0.7500821426605402,0.015600033382041132,-1,-0.01620003328095135
QQQ,day_250,0.01734354041895103,0.014996218287969487,0.046519670774928246,56.23352573134524,-795.318169955443,73.97836776473385,1.0571808236506948,0.014689135204079069,0,0.00631641916893196
QQQ,day_300,0.013342037550413854,-0.007793364817137105,0.040588081119754094,67.57060850288406,-867.7773791218101,55.75188134202804,0.9347112361324659,0.014537497047779506,0,-0.003948272594302718
QQQ,day_350,0.02100188962899341,0.0287673848027854,-0.05467718991518011,27.94744460645279,-929.8673114510999,26.004794957806837,0.8245585816607697,0.014131104223635603,0,-0.007231981288817333
QQQ,day_400,0.009053111415888049,-0.015217608343219169,-0.02935445115029134,54.78545485793577,-887.1050738596364,33.245390710826975,1.3375984792626943,0.015092111820266811,-1,-0.020444505217178967
QQQ,day_450,0.006311193801406212,-0.0026162621371206285,0.010743652356207223,52.326353381826095,-980.0187286524082,75.91510311253734,1.3718958758601478,0.013065781185965245,1,0.03500111632388426
QQQ,day_50,0.003241900249584262,0.04768688313224412,0.1722387380670498,98.4151461626296,-454.6302662516213,92.81719432054744,1.0988550122715868,0.011702439309446712,-1,-0.010146165330926157
QQQ,day_100,-0.0014177538574902115,0.0006256060205560576,0.024016091922344218,52.14163641953345,-552.6564175330135,60.88385999814098,0.7271018677915515,0.011367384948332643,-1,-0.023869046403280313
QQQ,day_150,-0.0014896595044689986,0.02016351387691606,0.048282097939410296,53.43962871873985,-540.1479279102043,75.28524932719581,0.8492208009714513,0.010511637878767846,-1,-0.025936139345395407
QQQ,day_200,0.0032232648479986192,0.02372228996878767,0.03489502848903703,60.93657113940594,-575.2361679675112,91.50026080077744,0.8046102539454332,0.011682912360939239,0,0.005703737312247453
QQQ,day_250,-0.0003352083073856482,0.023244137665490827,-0.0008318598107767139,42.120705503604064,-569.0758285390016,41.00926553312713,0.9108101656506561,0.012019988278741199,0,0.003092726539210817
QQQ,day_300,-0.002519041095142671,0.0023084173410719,-0.03655647012240326,46.18995050128287,-529.3441081087464,36.019519992879495,0.7241336407159857,0.010265690360949683,1,0.01721161825111424
QQQ,day_350,0.005984436709042917,0.020844594347545042,0.04666522477854351,48.564653497578156,-498.3030445960766,79.16193221986916,1.2506231107823822,0.010801310364019046,1,0.06099115885977604
QQQ,day_400,0.00807376488523337,0.027558348935550647,0.05545473419344171,86.8531256183936,-550.8031051609931,83.18534446784216,0.8312333471519447,0.011554829291005207,-1,-0.04111829885582121
QQQ,day_450,-0.004908967965333355,-0.008231649449700784,-0.057412880617705886,33.75133539344283,-531.2632514360216,5.27232298301212,1.2979680877010609,0.010466467573297507,-1,-0.060458957187334156
QQQ,day_50,0.0031908305688319594,-0.055467929576274666,-0.08027168980138533,26.223330564308597,-60.782311932447854,-14.498425192589027,0.7237634832938626,0.023532672800370087,1,0.15761369196979602
QQQ,day_100,-0.031559477155695626,-0.04164171646073933,-0.1744178772569005,25.0245348839687,-76.76370537960713,18.883637779565294,1.0682867570240713,0.025404256679663957,-1,-0.09437659953718065
QQQ,day_150,0.03167942042297511,0.03115832683212716,-0.1102295721459825,32.51757444679825,-54.87599452384771,10.353668634060217,1.099287893571832,0.02606618682308704,-1,-0.02311336029314045
QQQ,day_200,0.013867337844760685,-0.058706428776202246,-0.013859954932241014,32.59297284713507,-70.22568215470065,0.052131625760175715,1.036047526746389,0.02255481296781668,-1,-0.019108326704470446
QQQ,day_250,0.055506524527597634,0.11113513082263182,0.2684616984282291,68.58993379299693,-80.2797431347466,91.06545835258373,1.092774261948433,0.030418104756281844,1,0.028589391473127803
QQQ,day_300,-0.01870407436126842,-0.013583329722679394,-0.019569538590809676,48.609690008259676,-76.5339290027569,26.444156516016914,1.1220015547303273,0.02696256711038076,-1,-0.0724214145205725
QQQ,day_350,-0.009888154091295287,-0.03047041057044786,0.01360006999384722,39.89036385058093,-67.79195377360813,30.302274198214697,0.909352311115531,0.02942166517859574,-1,-0.06421509065004606
QQQ,day_400,0.0017944645480467702,0.013604967693911618,0.03579915969269831,71.2415000551239,-51.12078677141298,84.7686895830636,1.0796857566566822,0.022907275096707074,0,0.008938789406061992
QQQ,day_450,0.02187767468982904,-0.007299607975651989,-0.10367474872449256,34.06088343603258,-43.574637354546205,16.06680511549526,0.9444115421536364,0.02467121595980118,0,-0.00973368558150082
IWM,day_50,0.0031080373993175314,-0.06129341948744749,-0.17213166195433094,27.74687905171865,-65.82451613230819,13.089744495619893,0.8800000004104537,0.034525057043194377,0,-0.008251141145184151
IWM,day_100,-0.011236137903125387,0.06419599560686873,-0.006180789537294729,43.990049482074994,-55.59985935406089,55.20578667017202,0.9504915613704968,0.029323330685005682,1,0.06613217256280594
IWM,day_150,-0.01698147811353301,0.006168429814991105,-0.06295445168992786,58.80680346050384,-50.465552390407275,73.94104725078105,1.420374620982659,0.02848019932427536,1,0.042903913925504085
IWM,day_200,-0.030579677167394514,0.0922111705683415,-0.06879670137950522,52.193647701231775,-46.995400227246066,53.971468074693895,1.1983876748321174,0.03041552876727592,-1,-0.02485144387333339
IWM,day_250,-0.029002554306867268,-0.02494027253535125,-0.04992543672416749,53.56285284108484,-43.58059097591555,60.306977402170695,1.163858763979348,0.03022471933800855,-1,-0.10060983012758141
IWM,day_300,-0.013510451449909477,-0.03916910892680414,-0.13001129488587682,26.789768568970473,-32.783744719034814,-6.495780330306082,1.14573858237883,0.02552972125140636,-1,-0.08158551478027817
IWM,day_350,0.01031513200279921,0.010164258488073452,-0.00934610408361325,45.27813052828271,-22.350357884952846,52.719367788573436,0.7728422659355527,0.025349759204992342,1,0.03126037353455811
IWM,day_400,0.034589254536933955,-0.0022063423949219008,-0.038479676055237944,32.70736968732692,-24.03412178199104,8.178648694024236,0.7132508943999423,0.028405607848428764,-1,-0.09610537001388775
IWM,day_450,-0.0020631820056092876,-0.09102859348466208,0.022371795749839274,41.93627338530627,-21.38033953364434,29.573478828370632,0.8816174490095482,0.030260518922805194,-1,-0.01018170119067069
IWM,day_50,-0.005180389522192019,-0.021920319357734974,-0.18352419892687544,14.562393986857103,-217.89959795215918,10.992443485491338,0.9914921767921129,0.022322538909892414,-1,-0.01758834326800654
IWM,day_100,0.01817884966348826,0.06431711824440511,0.09359648140825794,55.455959130799414,-191.1240459678416,99.8496917166839,0.8779416661852214,0.02477306176801679,1,0.014570082444057508
IWM,day_150,0.01595642982661749,0.06836776033101932,-0.034314001722664744,49.32119616621377,-213.87456485373107,43.72166591087329,1.1963941478922175,0.019394226961337867,1,0.03348869299166808
IWM,day_200,0.02117827237503689,0.011225158760661103,0.002067588496390549,51.48754947571708,-208.23912625418384,25.164158670396493,0.9660580541017747,0.021631053568358757,1,0.05565086232760551
IWM,day_250,0.013195858004567906,0.014913833448480185,0.086980321304992,58.53467740972334,-236.37384497696553,74.74636997750643,1.378313087420158,0.020183834801572775,-1,-0.012753232723378425
IWM,day_300,0.026359354355406373,-0.0020340876485199777,-0.03023635236152389,41.99503848582026,-230.4598434877244,14.684452336611162,0.8133078625762207,0.021228225025676683,-1,-0.08815672715341695
IWM,day_350,-0.002733445043525129,-0.09908414283485845,-0.2361444348005921,24.85912138144829,-169.78640459006365,-0.9416423746747032,1.6555629450720164,0.023245595799716287,-1,-0.016177005067367176
IWM,day_400,-0.029434254912052538,-0.031840549000254126,-0.05287980711908724,52.009158261385245,-140.3996704000578,54.788717996487094,1.2482633216337804,0.019797740963140256,0,0.0034305440984913516
IWM,day_450,0.012193409886163797,0.04789907281940042,0.12159320335812263,69.17881011717455,-148.21597689450996,90.62908760793553,0.7072858585716427,0.021110055071790774,-1,-0.024352447585700904
IWM,day_50,0.0044804778034877035,0.024243977990657806,0.14550274069548186,66.17988326472485,-356.2539254502342,87.18784493878879,1.0707959162637404,0.024717612262597388,1,0.060169969931231984
IWM,day_100,-0.0014121690055112213,0.04198379150498832,0.028432316633330235,61.8925746152526,-382.6888512209679,98.6172767011546,0.8849623276715135,0.026807504915964075,-1,-0.021187303588136648
IWM,day_150,-0.03179765416871616,-0.007448019549981977,-0.030566291363308906,56.47652778606455,-348.8152380910902,85.23907646466913,1.208229846614584,0.025541049377963542,1,0.02283959090559438
IWM,day_200,0.04261301117383498,-0.006278638625367261,-0.10994825026689825,37.96107785785245,-263.41478003589555,15.158521611009729,1.1240583542497449,0.02710638033200116,-1,-0.10114215958763836
IWM,day_250,0.029826389821435706,0.05602448003330851,0.13222726051433065,64.3354735522663,-231.90299729858503,88.09275377235535,0.6294534105833247,0.026134876059601547,-1,-0.11126871194788145
IWM,day_300,0.015726628317262792,0.2137549864481758,0.37961889109559643,88.49736326265867,-338.5949916112863,107.52688097690705,0.8609142561163998,0.030621804132241033,1,0.034987272958046184
IWM,day_350,-0.014198516554537854,-0.07386475816821259,0.05200363958492438,50.050568935932844,-487.7030506443217,46.94908741952693,0.589987180892418,0.027276039142738018,1,0.061901698104567054
IWM,day_400,0.02582566797973529,0.06907951503617049,0.08609820874437513,78.40972819246049,-593.2391106741679,78.33166301247466,0.8857185431494792,0.02368378104699984,1,0.05901253557720977
IWM,day_450,0.03361045195867862,-0.04401946948031199,-0.07570705766661479,30.172216362357602,-781.1307515435973,-12.265551857006432,0.9715657189918029,0.029933995630382827,-1,-0.1067813853872149
IWM,day_50,0.006155904790855038,-0.006079276958108837,0.023429581493360496,50.29955240181849,-205.68377030356913,48.56833920349121,1.2448612524327323,0.01067848034410243,1,0.033159524572672
IWM,day_100,-0.0043344048757802955,0.024039797571965726,0.1477649736921205,81.10680211258678,-211.17215388360697,85.33535780002448,0.856080397237802,0.011741331335880687,1,0.03254133479663886
IWM,day_150,0.009209059737226521,-0.001472706991360595,0.07462170402033119,56.441967877893205,-240.86448813801428,65.16934970897685,0.8641268824974749,0.010327048218575236,0,0.0013863098899067467
IWM,day_200,0.0021595381238086464,-0.0111492203278033,-0.04515765444420494,36.60272723695623,-251.7236083739776,13.04147112693331,0.746061520789458,0.011312534933070937,0,-0.005753935469154043
IWM,day_250,0.0026820195641519273,-0.02181473122087696,-0.008269845048768154,36.331294999819264,-243.6553386768278,6.952002557210037,1.3643840439920492,0.011317059233547932,0,-0.0058392532171505085
IWM,day_300,0.009752862647381733,0.04105856280062148,0.059459690211309146,43.64118642558935,-262.2506476068767,74.47220169524724,0.9443833281323878,0.00973574244494395,0,-0.00861564071619436
IWM,day_350,-0.020448433846050995,0.013300266353812651,0.04528565554776742,78.88085461659466,-272.7775726138184,107.31235005802048,1.33471727883295,0.010231244258370352,1,0.044149740421433145
IWM,day_400,0.007137265621981248,0.05985447499935037,0.10738429876238675,75.42346873564264,-355.01985665880125,109.8345872694241,0.8682959445757276,0.009573354879361926,1,0.03487477231286864
IWM,day_450,-0.0035803104209494174,-0.0125207399136128,0.07876199308557896,58.11832270409601,-475.02224527704493,68.98773454784136,0.8801075499783751,0.010999755657182713,0,-0.0037777547449698735
IWM,day_50,0.02509118978169922,-0.02031720017156524,-0.17728239939099955,24.393727191839815,-359.84088478423325,6.794395462186389,1.0293360736682708,0.030831613120667848,1,0.03276346227922656
IWM,day_100,-0.00396520101540776,-0.061522581506949225,-0.09991065928158704,40.27316312072966,-313.7314475717448,14.672986415871442,1.2155709769343481,0.02639338341986722,0,-0.00582532793873234
IWM,day_150,0.03527240864310155,0.04937479764832675,-0.046246875648989105,25.18571760491922,-305.48252674130623,32.10764439912941,1.2857190468043913,0.02455926393174371,-1,-0.12076964405431093
IWM,day_200,0.023993166097674656,-0.09081474458472139,-0.05276840380656023,24.738111968550314,-308.6135495393108,-0.05297845127646201,0.7306200676128092,0.025933332930171304,-1,-0.033788257443483294
IWM,day_250,-0.04795078682303344,-0.0795362285899468,-0.11922000062994886,44.91918215020258,-268.4432801306201,23.234474938779865,1.0931006208735057,0.025285047453465558,-1,-0.1494040013458323
IWM,day_300,0.0323652451865486,0.000800150980803549,0.05694767513341836,51.696762098849966,-183.28058449836456,54.07006374779596,1.1254954136848365,0.03165962147149454,1,0.03361771441510942
IWM,day_350,-0.03999824778286398,-0.045281162721634516,-0.11129019566104636,27.054578021399777,-165.9962558012541,7.729461655748206,1.1172100768177917,0.0328719917420017,1,0.06968029369269971
IWM,day_400,-0.044514880468641604,-0.031757030579723566,-0.12192629604882976,28.652692976013668,-153.1353533106822,34.87962940368383,1.0173375311849508,0.023783694757387886,-1,-0.02906438886542658
IWM,day_450,-0.0029769330931022076,0.026520870465095214,0.17491273766272708,75.61172711286956,-135.37357871727576,82.43269210895292,0.9403971249959028,0.022643518136907945,-1,-0.03631058735356334
IWM,day_50,-0.022592215857239584,-0.018176735085629003,-0.008519235934292935,45.74534981712665,-325.2036157234784,36.59040043024035,1.1114770863531047,0.012213239801163896,1,0.02120709655369071
IWM,day_100,0.011847930977334942,0.026560019520886602,0.035506662708403525,41.71096548792749,-340.9974121473372,58.3620743319758,0.9270805893940249,0.012175262419563957,1,0.024618983288414133
IWM,day_150,0.005077604302344385,0.0019261300001591763,-0.032582485542698936,38.063413200124344,-330.4462049109569,19.330983607469246,1.0752971508533489,0.012095996656804749,-1,-0.038461007246013326
IWM,day_200,-0.01130292756263751,-0.0021721684770540373,0.0680537142099027,59.715806239518635,-369.495856657849,86.0510807745118,0.5848052561991517,0.016356716046577926,1,0.049412792906548396
IWM,day_250,0.004457424283620615,-0.034305430910389845,0.03845261358401153,54.17428589131985,-371.75172965693537,58.90161499134198,0.9337641585731095,0.014397298265977885,1,0.01571550420380044
IWM,day_300,0.004575671438719731,0.034327596675667316,0.011598981348053039,48.71024182584507,-391.18390537629597,65.77312449199698,0.8922930908107198,0.012835782757973752,0,-0.000722361371247373
IWM,day_350,-0.004022477893088627,0.06066170554195005,0.08883496438485539,80.57170326090495,-385.2029858040673,112.90214211443809,0.9822602965747018,0.012624703701390681,-1,-0.025458989251134143
IWM,day_400,-0.022576758164499444,-0.0051679501883300505,0.010659469397007681,61.46213282452425,-404.14241684945983,101.00631183026844,0.9339357724477757,0.009611467620880776,1,0.019031750988829137
IWM,day_450,0.011346266553751816,-0.03979705266712996,-0.0473936972871567,37.933135827369476,-388.24557669387053,-8.156924695932682,1.1564305252220812,0.014251986373237933,1,0.023736661623082137
IWM,day_50,-0.008379048743998307,-0.046555873270538006,0.007224680682063056,58.62360819135386,-257.2100627735277,54.42202384033491,1.2840873809431523,0.012218817101368393,-1,-0.0696686575062815
IWM,day_100,-0.016196733753196968,0.023960169395547348,0.008281174058600627,61.784037499545036,-218.59779067859836,103.45659149715311,0.851879654343648,0.014992348724499545,-1,-0.02455377900220867
IWM,day_150,-0.004059120005596717,-0.020040535116683134,-0.052592228875657177,59.06764930741872,-166.29805952763874,42.564468979373785,1.2737098360832848,0.014822210786495106,-1,-0.05799910724526037
IWM,day_200,0.02730871185987649,0.029959559765983412,-0.02459159479310502,45.23750153726441,-148.1468299121289,30.34744721278705,1.2343856745950486,0.017991264550289644,1,0.03810905486859559
IWM,day_250,0.023090016430303173,0.06380439139588989,0.013568773303960224,44.47086499298743,-139.25180809982174,55.31010984967792,1.0340507408385884,0.020888755956769107,-1,-0.01485789747153655
IWM,day_300,0.005267408833490528,-0.00819724918817466,0.034462342650686706,48.30633787688725,-140.93963281407764,59.79451609599424,1.2581561745452798,0.013444541153257172,-1,-0.03883990097305904
IWM,day_350,0.029050064789811536,0.05608695475132519,0.10725620430006955,64.9917276910397,-123.25521327052637,94.02543156087114,1.25133532846869,0.01425739832752726,0,0.0051689326879156006
IWM,day_400,-0.02474081926024152,-0.05265772536659552,-0.01120962171272244,38.92667885260618,-137.1188311373531,31.044337787228915,1.0943922938345563,0.011549889029904848,0,-0.005893194905289283
IWM,day_450,0.006095690072066562,-0.015578073655455715,-0.005323827405076642,39.090815724694004,-147.1658914470565,8.501568944205527,1.1342165378497808,0.014191330100058361,1,0.02092536402782164
IWM,day_50,0.030030642408150454,0.02246301445888732,0.10751923028417965,46.305726146383236,-258.27457409239145,59.086129777054744,0.9339675477145208,0.011761617703236566,0,-0.007396483302778492
IWM,day_100,-0.008305039051626828,0.02153915339185164,0.005430971446535482,61.52856752722237,-284.16551704086504,94.53284477199702,0.9090146822375401,0.015247524154226016,0,0.0009741805884131762
IWM,day_150,0.009410457588570953,-0.015222321419840257,-0.05167326155358842,32.27554931456709,-273.84513346195746,2.988379470234769,0.8949675972800991,0.011903057470774284,0,0.007823010899502865
IWM,day_200,0.022303021947828627,-0.0017417179778113079,0.027098149764456902,47.537930037157246,-289.03152638839396,25.056643536438784,1.109921860079953,0.011980593288174529,0,0.00014714505246805987
IWM,day_250,0.008586403699058609,-0.020833930456919503,0.02268290605457013,37.12272801017292,-266.4390667568979,16.74084409930861,0.8899083553898313,0.014195772971316986,-1,-0.01977556872826376
IWM,day_300,0.0009584349533586778,-0.010684188319016186,-0.0006266267684296167,46.22054529488789,-254.48565362599092,23.299857872164132,1.1165226878298173,0.013422774287829295,1,0.05404867579691481
IWM,day_350,0.0056869641131005455,0.01058152589419592,0.06945402917514354,67.08165031035335,-259.92536479485915,86.9695876021099,1.0459519443420735,0.012043733016047312,1,0.04397408125520102
IWM,day_400,0.004666470007783863,0.04284644273406313,0.10939202542783288,83.64972918294693,-292.14833994329416,99.37340979121421,0.7274343097055653,0.01173061796221894,-1,-0.013231865924699847
IWM,day_450,-0.008033168662837875,-0.030206245455890457,0.0022581277847981696,52.50792329016031,-301.9037577495775,39.69083731039657,0.694565754950669,0.011725258352818768,1,0.06329802267173816
IWM,day_50,0.008360958192974888,0.021121099571974833,0.04064825973855646,53.69627344066029,-229.1125757518835,62.41838383065108,0.6947265357448704,0.015799620878104458,-1,-0.07778975019190289
IWM,day_100,-0.02728467191102346,0.009608674116674099,-0.020834318025757526,48.11953820439565,-214.0173131547809,62.05609615268348,0.8072202297711478,0.01748723636812258,-1,-0.1046389978033358
IWM,day_150,-0.008163034784659962,-0.022622593611520414,0.01873927603187253,46.6632854938929,-202.12204282471757,37.391203367097084,0.7703592563655285,0.017066469989962207,0,0.0003289279812926542
IWM,day_200,-0.017703735626868777,-0.04802955247996932,-0.00844005916258006,15.682931648929937,-191.5678963951609,14.191605001676974,1.051809022021562,0.014647304314502646,-1,-0.012604830699319025
IWM,day_250,0.006128116123084615,0.014259556881789814,0.11029772259855108,75.19887345536273,-194.65745946949312,70.49293540235743,1.1085362531191199,0.01582781004061996,-1,-0.033617286684738255
IWM,day_300,0.003678799110735431,0.02769081393025341,0.0910322971476547,62.998637536331074,-208.30731908015187,100.4469617211619,1.020484567255616,0.015898253825812378,-1,-0.04085735158295498
IWM,day_350,0.015796675287080175,0.05200867990516311,0.03330890089673888,47.78079184747901,-213.71158023585065,62.583524839197814,0.9028118413698096,0.014755156327421774,1,0.021414335950577828
IWM,day_400,0.025419138582314815,0.012009177516925762,0.03121771197930845,40.458876086790156,-229.48250023288503,4.486959973888871,1.066756915042928,0.010983012336127805,1,0.11337198716388726
IWM,day_450,0.011011741240279704,0.0017201416647030232,0.10151827896388843,59.289207218051125,-233.9884992414616,62.6907263783209,0.7752863724740331,0.017509806907018016,1,0.05232075326896332
IWM,day_50,-0.028577972435682386,0.08939583531406425,0.05353462038469159,54.005037789819795,-220.11979469134565,87.69686338858766,0.7332001598280837,0.038688098159681536,1,0.0434266820911164
IWM,day_100,0.04110891148559492,0.19946216008838102,0.31757120321860843,73.66190098224264,-279.0891340669706,113.53721688946021,1.2298364532414665,0.0326851002110975,-1,-0.06382014661978175
IWM,day_150,-0.06105349626898848,-0.08690629333268118,-0.004336910119298043,56.899218592558846,-262.7324602514159,58.400174932591995,1.0022193581368084,0.03661992125070058,1,0.0816767113105087
IWM,day_200,0.03752053323261695,0.04928034133401615,-0.027502634135125215,43.69917519916313,-198.19143997144764,38.22136650227932,1.0736066148311207,0.03500905119324907,1,0.010911036249140263
IWM,day_250,-0.02080976320015293,-0.05097595594423221,0.04886402038332749,43.83181485869661,-184.62381696148086,36.036150231171085,0.5538195835110712,0.029224787167257234,-1,-0.03538618799731934
IWM,day_300,-0.01836301361706394,0.06031228158636015,0.15307225434661875,58.71714288945083,-178.54852637514725,93.49090985824373,1.1827941686688281,0.042069638841212564,1,0.012625593494784834
IWM,day_350,-0.01449778853184469,-0.01767826993037558,-0.11735534821037252,47.0555256662019,-164.64581001585398,48.6028512702551,1.0702450680696427,0.03442246460424307,-1,-0.043536266449267814
IWM,day_400,-0.024231227838363956,-0.0691858808299346,-0.15008161443905066,33.99041855746077,-146.344254355462,4.738599405098422,1.0400748599121274,0.034831285251972925,1,0.07217631996648628
IWM,day_450,0.04353938320595607,0.02056634645858657,0.2570742246152584,65.23582441651644,-123.62527139322889,60.58423149226194,0.6742127661497422,0.03858443671432363,0,0.005022693999968011
IWM,day_50,-0.023915690162946146,-0.06399721652057333,-0.1258210595510839,35.6857682789435,-58.08605184346826,5.766813481040999,0.6450899495336789,0.020764619346295216,1,0.0218216923534423
IWM,day_100,0.0009182284550233177,0.031481247081125874,0.13332766885588998,77.01446419570743,-69.85368968791468,93.87831976969152,0.9590903407332348,0.01911070287124572,1,0.07776552169943507
IWM,day_150,-0.030535231012481456,-0.019492774751001307,0.12053134657753661,65.39347925908879,-97.65069316472965,86.16324947620224,0.9217684800565744,0.020719934049992436,1,0.033752765582736356
IWM,day_200,0.017306699331915087,0.02268407289744867,0.027977047941066813,64.43228374213827,-112.55211241922669,71.17553850981511,1.2005409638075977,0.018912200402587145,1,0.050536642818671776
IWM,day_250,0.0021213525760983565,0.0713757225591054,0.1468468637003182,67.43377214148303,-157.51677648014007,109.00678182631451,1.2590332802378144,0.01915139242342759,-1,-0.03521096875315971
IWM,day_300,-0.01847058913120847,-0.10399500679287688,-0.11705578870965527,24.334212462367503,-147.93363691100942,-10.141819643203535,0.8125428548166748,0.018006024403106297,1,0.04314562215370379
IWM,day_350,-0.0019280686419149706,0.007562697714436961,0.04411293397293825,65.31920705228782,-134.62603908253953,72.00309293093794,1.063031315546041,0.01857696445530006,-1,-0.027213755874673045
IWM,day_400,0.010261162851251893,-0.006499035856389557,-0.005559268811310747,56.85742420988836,-136.7242876745402,59.37546005106661,1.1946511099242942,0.020709282622542572,0,-0.003625354348347493
IWM,day_450,0.009951475395381548,0.014885511461120382,0.10194477151388792,61.934185296177816,-119.58413193517204,79.1017894884894,1.116441637105164,0.019842015330574666,1,0.0727954393742406
IWM,day_50,-0.00015197605985795004,-0.07171146265401718,-0.010384111935977991,51.63939716481498,-90.08234020180085,21.771505287315733,1.0295867117131703,0.02374371716760691,0,-0.004096723678139254
IWM,day_100,0.016542109396668447,0.011347837385850656,0.013583427077987542,57.421167192884546,-88.790490075169,50.92543735176315,0.8640634024090954,0.02380388822056214,-1,-0.04267375059541461
IWM,day_150,0.020082719794305426,-0.004895798344636271,0.1714685415417423,56.70233657917125,-107.71578457984641,60.705035409119525,1.4448465691640322,0.02359248851706535,-1,-0.060147788066765503
IWM,day_200,0.010138282788507702,0.048880195133300886,0.15820590692119962,68.19466331440513,-107.94081615653303,91.6622446619714,0.9099869167837422,0.021304739684983028,-1,-0.022313625786687732
IWM,day_250,0.0028805989690181555,0.00761894778923633,-0.08948277751509548,30.865206825161977,-87.6768383541108,15.984379950499896,0.7279307829118153,0.02033807563417253,1,0.0683226947761224
IWM,day_300,-0.03613147838221786,-0.026479905957125793,-0.07316732460777431,48.04028781785822,-96.77958938155824,49.96555875621528,1.409397694397757,0.025161452929201068,-1,-0.04972268987274116
IWM,day_350,0.0017073364050419482,0.010574899625047651,0.07447009687606831,58.47150129190308,-97.35625117488469,68.08975287807445,1.2424452264757244,0.022366423831325723,1,0.013311083128713845
IWM,day_400,-0.004640336437417014,0.0465257015226932,0.03016773715339105,55.20812217819523,-92.87485850596644,101.36456050404009,0.9481228328154117,0.02558782597840597,-1,-0.023108146204306002
IWM,day_450,0.021683708773799548,0.06517514443778549,-0.011704187167005609,48.66745996571763,-92.73563859676977,63.7490975673373,1.1300518837627143,0.025453499499326602,1,0.05846987075136059
IWM,day_50,-0.007725745313114651,-0.006961207680951764,-0.07563634746295333,48.561015874795075,-259.3951678065578,21.11686760745994,1.103958627968535,0.016324702154377976,-1,-0.04211857616392926
IWM,day_100,0.0002592533688619003,-0.027747326668274064,-0.0037370379886241256,46.88785773456613,-222.94549718009768,24.255530027670492,1.0882615417173283,0.010465313612787196,0,0.007503314416188851
IWM,day_150,0.006175472499592161,-0.02471616981389546,0.030549842329608445,49.49607237261888,-248.43937216275884,48.807635865429,1.0398731815874382,0.012657024290953266,1,0.06646496381723284
IWM,day_200,-0.003900185492050179,-0.023074805637975038,-0.05192418264386722,41.45128384920594,-269.2602303877933,10.272331254729615,1.1059703813815562,0.012295462368241864,1,0.0547994519970558
IWM,day_250,-0.005825049333918253,-0.02998854437705245,-0.0642363339656925,37.88077620624048,-253.24682124566897,2.931653316854457,0.8800452377583315,0.012412049607610817,1,0.03755641482312908
IWM,day_300,0.00031693693817991253,-0.03147664974082065,-0.004526563087706714,34.97856235113191,-263.32676006198153,17.410680952829395,1.1658492170263661,0.011209630915853802,0,-0.00841357282001116
IWM,day_350,-0.002351394921551009,0.00022299006250192654,-0.0754875996397758,44.00639883593733,-253.4918112047007,16.93330845965156,1.0064384217944427,0.01420790104394805,-1,-0.015407824594241549
IWM,day_400,-0.032472047642099544,-0.02533851126958775,-0.06790637779111941,47.960613030696216,-220.93881097009614,47.58423136765661,1.2796719369711504,0.01113190570005809,-1,-0.019631941587958966
IWM,day_450,0.0040525049668234114,0.005920730105844152,-0.03671165579288094,45.14790728870894,-191.66268035179056,50.4442723419516,1.4102945901913835,0.009955865580639718,-1,-0.022394559086942576
IWM,day_50,0.00469722276466733,-0.030946787126447384,-0.09656655952648385,39.45354305147736,-276.6605269617311,13.278045926423246,0.8826213970904322,0.029691342411242504,0,0.002611717451207654
IWM,day_100,-0.028395344397136202,-0.05910426953754311,-0.051528669484323886,39.10960460615485,-268.5027165419726,8.912347923196611,1.196250502821953,0.031658922997522626,-1,-0.06969493469848925
IWM,day_150,0.09698642281587277,-0.021500069459835847,-0.00900668623340084,27.914867219348352,-217.39198331362965,-5.411515751403097,1.4631743693378763,0.023957326372273557,1,0.03331270424701839
IWM,day_200,0.010164239883802662,0.050183389135820544,0.09353388397677742,63.47563891677369,-274.9308476088029,97.44141341547947,1.4236799028872538,0.029367183313672034,1,0.13726488236085804
IWM,day_250,-0.07545520766398262,-0.08846121201127832,-0.21750385152461083,19.53668788273579,-330.48219482593856,14.932591345224488,0.7032202788330608,0.029209481163322497,0,0.005175863857461503
IWM,day_300,-0.033539207759064715,-0.11257957505949179,-0.2038601420153212,45.25390235540662,-285.59107335730516,17.38036031982131,0.7542722367472844,0.030292406408023234,-1,-0.043706627460640454
IWM,day_350,-0.046519644453474784,-0.04292732605855165,-0.13625675969037931,42.70673572297206,-199.12238686815445,31.085240799728187,1.2993446203655463,0.027941350357014658,1,0.015683571320586513
IWM,day_400,-0.06700930975102937,-0.08400760802897356,-0.01288042992331806,49.16243380032429,-177.30531920366298,53.122426539401324,1.1222634758310355,0.026740806638469554,1,0.04164007542967497
IWM,day_450,0.032096400444384,0.0264239858052282,0.3134414503843568,67.69917033755615,-199.1355663154087,76.74263638420224,0.7717798449997657,0.028769877279070207,0,-0.00017390267744534635
IWM,day_50,0.017551587361994248,0.03883097711137817,-0.005467863615343238,36.60308394008631,-400.45858589476745,37.07925511155378,1.1340885010853017,0.023372033332809215,-1,-0.028978813575543837
IWM,day_100,-0.00691284457890029,-0.025769036748522933,-0.025496890004646056,34.402303555337284,-357.10749805070014,25.019565451448234,0.9499241877663076,0.02192920583655719,0,-0.0051201248589595235
IWM,day_150,-0.01118674509519979,-0.06237347940255966,-0.11942001495918364,20.571779509423337,-295.95336517140936,-8.760931029800247,0.7893161608669451,0.024244522143328312,1,0.014631277677856961
IWM,day_200,0.037464437248344806,0.0468483915707103,-0.06752847291599773,22.834201171669363,-242.46153250422287,17.51378872479058,0.9492518534205246,0.028042252424763783,-1,-0.03201385801626497
IWM,day_250,0.008731921657304298,-0.05665405915267485,-0.09556127352609367,36.55100723899109,-180.37208104344774,-6.467226803834733,0.7718707698572784,0.024031073904715667,0,0.002591236241177879
IWM,day_300,-0.03907108659408931,-0.0953640700477777,-0.13555857532022197,26.26929540778218,-146.63306196792576,-7.991847894421491,0.7382785653380268,0.021589957921329662,-1,-0.05237467144984124
IWM,day_350,0.00014806870517136694,-0.02651861600561356,-0.0850337835256606,43.77163039399107,-98.44538913660554,34.00933090421973,1.143861565924066,0.026506934361115127,1,0.1108718884812929
IWM,day_400,0.008343032592971422,0.08397747888848639,0.04764712972902041,49.299225756386456,-107.27678347152987,64.34640377570739,0.9753514586688731,0.0232836397815352,-1,-0.05734578121004835
IWM,day_450,-0.04555115250637065,-0.04012952489793786,-0.06814881641230397,57.422636714646245,-110.55627799028527,60.91700241014576,0.5847183591202673,0.02003597106544091,-1,-0.09767618088429349
IWM,day_50,0.04084450317142596,0.029716746695406027,0.0506833225143033,45.18444615839986,-183.5012835345643,36.5940731691776,0.7981404432972633,0.02290721426163575,1,0.04666372422302533
IWM,day_100,-0.004230868723392067,-0.007587729387501407,0.08845763118335848,71.4458564922388,-182.74581500757932,67.21663690021926,0.7895516180127382,0.021401859325444358,1,0.036280427564583065
IWM,day_150,0.026620666932986925,0.042328013926914876,0.05096036273223703,38.47126556936493,-175.04535645408345,35.647141639394476,1.1725565976666579,0.02050519882201064,0,-0.0020301698800564245
IWM,day_200,0.006084265741542749,0.06600487214865836,0.15535045488188914,79.91293020649672,-176.57682169333006,110.76752128075347,0.6880025063016467,0.017014946613120023,-1,-0.0422642314213182
IWM,day_250,0.002247558270620731,-0.01635316569614287,0.12351614572855785,76.0991652545043,-242.75827088938527,73.09739654860515,1.0322893185458573,0.02135648545425319,0,-0.009903060099250514
IWM,day_300,0.011820249510192449,0.0932983867296251,0.04249071954412109,58.44550949155768,-207.18043927527435,87.22719167059924,0.9990280055466314,0.025463967674203485,-1,-0.03734218623422181
IWM,day_350,-0.00953259696588249,-0.10153852481154935,-0.0966087337576057,34.257107034280494,-202.99671642130784,-12.037955210711191,0.8948081950230895,0.02340301759849977,1,0.023786152344501793
IWM,day_400,-0.010565653506701467,-0.029161709263555657,-0.1254838164410531,34.12441665920029,-161.8512423838073,34.607374638300946,1.2191613523775156,0.02522736364041856,1,0.01231326459269464
IWM,day_450,-0.0017137115744304543,0.0049005003445155015,-0.08304612519465504,54.05690508166394,-136.49180196493327,57.521199241385304,0.9689375476274307,0.022372805751859404,1,0.01746593291687042
IWM,day_50,-0.007041980291054406,0.014089941331913325,0.15598279654816793,87.33288543310773,-148.6716450853751,87.81060128958252,1.1530020675433916,0.040440341510561736,-1,-0.04087540433842417
IWM,day_100,0.027125087384300972,0.1349439860865862,0.2429708968294224,62.75331610306349,-222.61434676565406,100.62039523961941,0.7988242409207954,0.03861266868219631,1,0.08399389418266276
IWM,day_150,0.06581098672552943,0.002188408236351025,0.03247095539367617,32.65009289146218,-373.7434005232978,1.8694976776221377,1.051944299258421,0.04423444411678318,1,0.11017879768100286
IWM,day_200,0.043169406802175514,-0.07040021452553236,-0.08019255104948397,38.702249256043515,-375.7092095864857,17.503463723512695,1.0280597128883422,0.028212735822521998,1,0.10237012608024011
IWM,day_250,0.043967908868074,0.00049894658699845,0.015331174260901914,61.079289377759295,-526.8603322456567,71.18777074732972,1.0638852894343276,0.036458400523052506,1,0.12870117819809238
IWM,day_300,-0.0007184319655513249,0.09114424163172918,0.30784514363960924,76.26465348570679,-655.8441924229624,87.2636013069375,0.7647856818578547,0.044590429805033735,-1,-0.07703821970526255
IWM,day_350,0.023264066086403412,0.0014491801819336292,-0.2471849703883242,19.115802184604235,-470.26386324185336,17.80639791513045,1.2512366137237583,0.03679302714691346,-1,-0.027113635960661405
IWM,day_400,0.0075348888769501965,0.04295917608113298,-0.010163374948089943,45.6350158775808,-322.41624490710575,41.7544723852427,0.9999901231330051,0.029732429478490866,1,0.012825152237003916
IWM,day_450,0.03761313879632766,0.08192003562651728,-0.11399753887666364,47.51815823868467,-298.634684775222,46.556401498129645,1.1200149615760635,0.03748247070980501,0,0.00902879297856248
IWM,day_50,0.01783620478901793,0.044459558070578886,0.26259662760724667,72.48614698005377,-159.9642326589923,75.10912893690173,0.7808852081019115,0.024683099648226577,-1,-0.02261570899034702
IWM,day_100,0.00868265862266937,-0.0377862655654535,0.05372995055650587,48.48159798822123,-204.84174928581135,44.633046042283674,1.1558154710626651,0.023137168657862795,1,0.016385195542614472
IWM,day_150,0.03176159116800914,0.07289450662117902,0.06589784684058131,78.77387793952124,-207.24888888704507,93.74665523396418,1.1790143879618096,0.01968277443588311,1,0.05830186585529281
IWM,day_200,0.03263869811878273,0.05807599245195538,-0.010427892327632082,51.16028699920531,-240.7669509604637,51.970522960382006,1.154705271123491,0.022529979217668295,-1,-0.0443522916716516
IWM,day_250,0.027831449170531597,0.028062929573040574,0.07581385746533109,62.824644174173976,-252.88001701794585,81.70798293007812,0.951148954087313,0.02183726774171959,1,0.04192627819107191
IWM,day_300,-0.0029991603157502045,0.012589249612118714,-0.016096386065572066,58.73531749157899,-254.97789446998323,57.694494093670414,0.7721447147154618,0.021955185164939505,-1,-0.024307581121062353
IWM,day_350,0.008857599240253755,0.16023664890013545,0.23230175342254933,84.45792864086967,-264.143081748855,119.6407990999484,0.8174782792771043,0.02735013653583314,1,0.02103727021815787
IWM,day_400,0.01926468725694619,-0.04736449109799368,-0.07634401305968175,30.889424228693926,-332.8312374188522,-15.752566877461735,1.3173968224623618,0.019524376672479287,1,0.019146158991690053
IWM,day_450,0.016592962543751977,0.08177464217138741,0.20177251847101418,69.7755602731052,-341.3798118850911,91.20115615575766,0.755753895098761,0.025284693897739133,0,-0.00255817272882653
IWM,day_50,-0.003136062724529265,0.0017386923688500477,0.028609738539973728,70.19262924072818,-206.09805152698002,72.73275405483082,0.9410007718120373,0.011722367024183123,0,0.0014025574701629028
IWM,day_100,-0.0028374371161461465,0.026767723273389388,0.14490640127125154,94.9396512636952,-226.89787161328965,96.48640306568544,0.9734389507725619,0.01051679232254925,1,0.038960596795341564
IWM,day_150,-0.0029096467018803196,-0.014729509543661479,0.0033255660906610363,51.829774875457645,-254.49470324903672,44.76708986894422,1.0112304317392533,0.01313591579719116,-1,-0.03753277980701673
IWM,day_200,-0.004987017669970117,0.013630647677844276,0.10697336637136834,81.02247259665029,-250.25500975913383,85.06255054184447,0.718250170110383,0.0131375260824873,-1,-0.013992557792931466
IWM,day_250,-0.009000986234558361,0.005630957070675402,0.04189521055958112,56.79015624708829,-280.36641432729175,89.54826158662273,0.8821375653170928,0.012970192295425129,-1,-0.019013684064850433
IWM,day_300,0.018238832060386567,0.014030487519835377,0.00511954364803846,47.8120751089378,-271.9319016224877,24.103477103331233,0.7331295960455119,0.012589439502401897,0,0.003768865993475053
IWM,day_350,-0.002418162364016707,-0.026476445149322125,-0.016117407719049792,41.6869731067163,-296.1229223525414,-2.246302533404041,0.8428017469681595,0.011893039073777818,-1,-0.06020012423434149
IWM,day_400,0.010725491015179056,0.03477307270808461,0.030130578184729195,50.06334448770922,-267.5562109197543,85.31297024013492,1.2752776388788112,0.012748593707906923,0,-0.009262814218579659
IWM,day_450,0.010350502930702277,0.004066346591189429,-0.00035305138677466097,48.339096608619386,-264.5404395847567,27.331465874007442,0.9209557292437791,0.011919107741467117,1,0.027524166224667728
IWM,day_50,0.005895989111001754,0.10459043181672989,-0.16311192314041145,45.798081646459956,-443.8978842755762,50.37498231847045,1.3622439597766183,0.02947935955168517,-1,-0.10952506469632849
IWM,day_100,-0.05353549443621208,-0.04327125425458889,0.20292444386600073,64.83117409961244,-555.4626002922312,66.96948884879602,1.3556170572633905,0.03512225806224438,1,0.07386773922473758
IWM,day_150,0.036442761686585,0.1269397857968455,-0.12677222354313522,39.035485522837746,-457.9106491668379,43.55443525017677,0.7227546264438975,0.03311335016674873,-1,-0.12069586408083564
IWM,day_200,0.026517936129183184,0.1613499187130849,0.07858459604319634,70.20279900835209,-398.5556965941536,96.2719480234116,0.8943242372201824,0.03308947140058198,1,0.061703265106896464
IWM,day_250,0.016388826139984713,0.0504779489860776,-0.015938191683496528,38.85421037926214,-372.43676944534866,26.52088536327608,1.0602929768310845,0.03114035726483309,-1,-0.12019966966922332
IWM,day_300,0.022294448808556577,0.15594542944090395,0.15113302341950519,62.41940303363164,-292.32536454126245,103.32360628847724,1.3662921317361674,0.029981331838787675,0,0.0064967047492834875
IWM,day_350,0.002768262601404059,-0.0024613095009210495,0.016855998331560818,45.03610988515413,-304.26603074896826,52.05914370609687,1.0761143187947444,0.029283084215974642,-1,-0.17036762820736423
IWM,day_400,-0.0006212802913982962,-0.04915498634246951,0.07732083613454654,62.15111820787895,-264.11784069011287,59.27235852404691,1.493554114211026,0.031000031726514887,1,0.06946203273451058
IWM,day_450,0.04770796818496481,-0.01838446612309963,-0.003386939333405614,38.159041626665015,-259.12828675480887,30.183897539653547,0.8806484462951404,0.03393387373067502,1,0.016314519779407184
IWM,day_50,0.00853236132883084,0.03331519153985485,0.04259485662656104,46.102462042911974,-95.20338385918704,57.59130247441656,1.3021687097129273,0.02632330325142998,1,0.16928459573067708
IWM,day_100,-0.025045977558744048,-0.026573270000749383,-0.0004942917249689538,47.71395482902243,-124.85788534028414,44.2523003573681,1.3995912363354959,0.029762038400450257,1,0.08993616592689248
IWM,day_150,-0.012738307601519061,-0.012321826635041444,-0.0006450562195901011,46.7947428286253,-139.82190789164832,39.888450229773795,1.103023147986006,0.029276961090775606,0,-0.006177062970613021
IWM,day_200,0.020814277689110927,0.007409222285072126,0.00794485081957741,51.63396137661043,-123.15689807227504,29.85202470637142,1.1282681613575778,0.024212575071767693,1,0.10800305507016358
IWM,day_250,0.0033242415165528616,-0.045253040582065696,-0.06548023110245738,41.232272767071244,-147.4625914299713,30.802337692580416,1.3610222781138424,0.025818525943912936,1,0.059334611234861785
IWM,day_300,-0.019415223573169493,-0.06976918958685852,-0.13603317673911985,38.212286654354216,-157.26296181830472,7.408783614132666,1.175484113102046,0.02770023206193338,-1,-0.013154386456708625
IWM,day_350,-0.024211791653562353,0.020775639149674285,0.0762897707268766,59.74009198578103,-182.41285319056308,80.46111710247271,1.0556195592731943,0.029673706268966284,1,0.03356006760835398
IWM,day_400,-0.0011377831173775554,-0.1017341609551291,0.10395557995801341,49.1056608989607,-236.78890703474102,35.62236582534059,0.7531539063347508,0.02797230322020498,-1,-0.060869449056014824
IWM,day_450,-0.00038981640500279635,0.049214681823217976,0.13855213603622696,79.42724432335228,-229.67631195352843,95.36309407599771,1.111836730884074,0.025528675134629746,-1,-0.04009360807037539
IWM,day_50,0.011724718399729994,0.040795893083635626,0.08565935708895656,56.976908002444844,-547.5020435744586,84.58069187527636,1.0171999007783876,0.038142633962496605,-1,-0.02337374585820866
IWM,day_100,-0.033850032100738336,0.018981383834307364,0.13740257729624927,57.12473795936261,-681.4303268060169,60.615964168635884,0.8945223140835593,0.03575448641274941,-1,-0.013900056739674147
IWM,day_150,-0.014188552175170566,-0.13066218181752853,-0.06572485208833512,43.88801357485426,-537.9302805338293,5.755671639680712,0.812434721404373,0.038178254462578116,1,0.026607065545938814
IWM,day_200,-0.01052128229788274,0.05997972472811175,-0.08444678493188018,54.90330418143653,-491.3738455197204,50.74917542815602,0.7825736105385349,0.036379863726084205,1,0.05858554454550903
IWM,day_250,-0.08549337476913743,-0.17266248808073226,-0.10351330320559948,51.026338735014406,-522.9255220867079,46.44241776905268,0.9612565654832829,0.03176876465736875,-1,-0.0569127962475135
IWM,day_300,-0.0029531946454853797,0.03443215290151702,-0.19462296354301578,36.53401171300152,-347.3716981708533,28.68520353945012,0.9353620031208725,0.036294414295788814,1,0.05047037551835749
IWM,day_350,0.04007996230399247,0.0566487017443853,0.03396118839031592,53.513451593588506,-342.50354578888465,49.52507034731054,0.9643062277362687,0.03431115705157685,1,0.16497831725950335
IWM,day_400,0.06455748032344966,0.12241352571926445,-0.007905166438624489,51.738156128034724,-425.20732353403116,43.35579897126954,0.8022369818053711,0.038743371212247246,-1,-0.07806993549658446
IWM,day_450,0.013916095140988238,-0.10987714094999579,0.025571332425366133,49.21716217045713,-538.3943341475957,26.14808375178552,1.0464712924238289,0.03263919592808443,-1,-0.14448098055029762
IWM,day_50,-0.0077928638535267325,-0.04987699383352595,0.03166319232444614,44.47646451704836,-91.48497694199877,28.33356083846,1.0428522442222394,0.02029963653332827,-1,-0.05839791862065712
IWM,day_100,-0.019743772858158648,-0.05658329822158503,-0.1207937731348605,23.727199252076545,-74.37342692251711,10.29850223881066,1.2879123017673593,0.01693465422241541,-1,-0.05089181821212049
IWM,day_150,-0.002023124739636839,-0.002859208506068911,0.05775168951564691,78.36638147167496,-55.05810333641517,85.48936909541342,0.7795606558089515,0.017688814133798827,-1,-0.029154750243996344
IWM,day_200,0.015544614546181945,0.025155080247341477,-0.15576178769606475,19.773318240843537,-49.56894007941974,20.90934892528722,0.9683593813669111,0.019243447020481672,-1,-0.03347458928165142
IWM,day_250,-0.05312761367172236,-0.033486692472661894,0.02114840572758414,53.679070602315,-48.628647387845135,58.561266462792986,0.7043039113673208,0.017727273198605707,0,-0.008259726977894859
IWM,day_300,-0.006443537983786718,-0.01193424815219879,-0.12489778395914086,16.33635575323771,-41.06434950602362,16.219686846940238,0.9247223258677427,0.01733309901139746,-1,-0.027680102141563474
IWM,day_350,-0.025839584605512056,-0.015081668831164463,-0.1509599902934715,29.153187117277028,-30.96156667616589,30.62546876593349,0.7698289269106777,0.021140562443578547,-1,-0.019527678176515014
IWM,day_400,0.024603052102551537,0.08368924317482396,-0.021577564478128197,43.592114863787,-25.864379166465316,57.99183201401914,1.0533655289512305,0.019517988942226696,-1,-0.06434710011875892
IWM,day_450,0.0012273109197369347,-0.021759836622032847,-0.0950520555162716,34.151555326321144,-23.90672620192683,15.035970291517012,1.3144358987524825,0.022371887849581756,1,0.04156074248384546
IWM,day_50,0.0030538383017548743,0.0029892057295033414,0.027947508984452973,59.32729422547597,-65.83454836006017,73.78196857218123,0.9991422704103201,0.013106787143950324,1,0.021720371554487816
IWM,day_100,0.00488549187323617,0.02102701247839245,0.04553728938053414,49.00059753410073,-66.99671569242716,62.69259245238076,0.9947282105374844,0.014718316835221908,1,0.013809556595141938
IWM,day_150,-0.008082065106328584,0.03604639755673977,0.01009986037675037,51.27883044326032,-78.8457690837994,76.32108672947356,1.3768521297832548,0.014761188803684357,1,0.03432074099269889
IWM,day_200,-0.009803482497185101,-0.003904340381114313,0.008282912801344855,47.54552198096225,-104.0573268688069,33.073870122681605,0.6473386782079565,0.013232091118066886,-1,-0.02030596658482428
IWM,day_250,0.015611200512944734,0.01968472682224287,0.005018236805605536,50.76342810804586,-111.56007983884795,58.89060925399344,1.0018395285391501,0.014521698248654267,1,0.018999522155303487
IWM,day_300,0.017970598986475128,0.003088472774581019,-0.007454324191927597,58.040413092028786,-125.37570702622511,55.19100041771947,1.0159966228570074,0.015311548284278605,-1,-0.02042328566072839
IWM,day_350,0.005539423997409809,-0.017216240942690697,-0.024192879404774215,44.628174004853726,-138.69417860447047,10.157624557121956,0.872766058300015,0.011311620997522193,-1,-0.02180527723218112
IWM,day_400,0.02430261039134729,0.02461056062561684,0.1116285169761182,68.96145199972696,-158.23949275465907,90.22975887826514,0.8999615801268224,0.015069288511151534,1,0.058498988059764265
IWM,day_450,-0.0020686015952707804,-0.006136158591748764,0.018369291204658023,56.94759531151313,-172.54727796336442,63.02051552720931,0.7141716736358178,0.01390711238873774,0,0.0027344193767226007
IWM,day_50,-0.024708587746767097,-0.012837495874426397,-0.03701839042721189,43.2757309849504,-342.293775108511,21.363785482322253,1.1513648476211975,0.02716963212543772,0,0.007911501833640656
IWM,day_100,0.004005475452899976,0.03267970915442664,-0.0361480950778128,36.633168665949725,-406.68003310071947,30.025138762085952,0.5974254138682059,0.02070698161284821,-1,-0.054705263554145296
IWM,day_150,-0.004087417723116604,0.006205154375023891,-0.10890444657565213,35.62883377063454,-351.41745124922306,20.723999291561316,1.1640087442264684,0.026556962658180857,-1,-0.014897329192516628
IWM,day_200,0.019299892300936428,0.03308312750897935,0.11485995055627218,68.77520961485138,-394.81949534492503,80.71373574142861,1.1281959470166334,0.020966374385426013,1,0.0512027869932076
IWM,day_250,0.002784584563671144,-0.008840993785777296,-0.03982557464461123,51.876714043299515,-354.8936743814458,39.49647786012465,0.9029445893829057,0.02167094900267798,1,0.021094817916563813
IWM,day_300,0.031287114123273785,0.07433352839036123,-0.004403925885898663,59.55314414979523,-406.7662291779612,84.06078985631531,0.9195467606213529,0.029314612981449835,-1,-0.11825915274776982
IWM,day_350,-0.0323141710282524,-0.024432732438740334,0.07190811684567455,62.678846365561704,-392.8285493155612,69.75381820771358,0.8766452550038413,0.026282376717540364,1,0.043988720972498584
IWM,day_400,0.002364456775916679,0.005682661141421574,0.17682167507402924,65.81061094896191,-684.2072491992078,64.95180881017237,1.1650770878519507,0.02557483182528203,-1,-0.07101723730175784
IWM,day_450,-0.014555627245779301,0.0284728337709661,0.006097735524637882,70.63312217510551,-600.0512641068591,92.12155480883975,1.0120929232330227,0.023811023579837193,1,0.048294455401777514
IWM,day_50,0.04027225932167844,-0.007306477021427393,-0.08328778954233595,36.649429105644565,-191.1570150204441,-0.1725496824065909,0.5891097244477838,0.0219376614792824,-1,-0.04867882347183716
IWM,day_100,0.02849592319217309,0.018108132849853575,0.09731469900836176,59.282131083851006,-187.64441800119604,76.00948500259203,0.9191150151733232,0.02271904048825813,1,0.03659052006368258
IWM,day_150,0.006460049958582514,-0.003529067485890436,-0.07874886829066607,42.638388534283926,-215.8082878349297,18.15340529315556,1.0691250863701611,0.02527828799583942,-1,-0.024452655008412875
IWM,day_200,-0.009463661831140668,-0.00599348866991789,-0.008228061880501847,48.254197129966194,-198.99744153842693,29.673563664198703,1.010503254368072,0.020120817823846116,1,0.0214008365800237
IWM,day_250,0.059746323502127385,0.06316799787989136,0.09478519717172507,57.55478263537675,-218.53546482171856,73.30520927274586,1.1687717969337388,0.023880379871062753,1,0.0808405922134395
IWM,day_300,-0.03592479653748182,-0.015258011109014591,-0.005962378676660274,49.210035870356,-242.0290545804543,72.5062898559375,0.9116116962177975,0.02444632374565987,1,0.020069422901019054
IWM,day_350,0.0049754474636649615,0.038518432783432255,0.13825434224274047,74.8241161568045,-239.83052969654605,88.35076591703566,1.0430876822590076,0.022776449352088522,-1,-0.014704181734774145
IWM,day_400,-0.0005960494966416041,-0.030785507661295175,-0.05650783827413808,31.5206082860486,-219.06407236979786,13.3358134705933,0.9381033949168043,0.023273764307514794,0,0.006528827150441269
IWM,day_450,0.037876110668637386,0.17893110310549942,0.3475117820638425,75.2244470884416,-257.2726880457168,106.43686940242635,0.9092176344297194,0.024871079356853627,0,-0.008405183771104793
IWM,day_50,-0.026243565806136404,0.06324474797897461,0.3713746638953286,76.5354428086771,-762.4461744545686,87.43825040127604,1.013702203047246,0.03631808203587966,1,0.025639769972861062
IWM,day_100,0.008591948585574771,0.09928994487940401,0.1532440456524231,69.53051268944176,-811.141216070692,93.32595124867068,0.5990935399570353,0.03554078560125157,1,0.04107717076403334
IWM,day_150,-0.001924937610853772,0.046955702774342356,-0.16113776385233558,43.29203583879183,-663.1887609760252,41.43391281016549,0.8273654546617528,0.03679664602512554,-1,-0.11687593346956521
IWM,day_200,-0.026015244680999805,-0.03271241650447332,-0.06185051884777726,70.73660089581267,-503.2668784050422,74.67058978242879,1.1284284965997913,0.027267783195849018,-1,-0.06327979376753634
IWM,day_250,-0.05588267489382159,-0.08301280394257127,-0.08964111839805666,69.0680607450069,-430.71973009250445,67.27918106482532,0.7216702564334079,0.036357974968701204,1,0.14680818842968085
IWM,day_300,-0.0584160624685387,-0.09533098146662178,-0.047896943431345984,54.01598045507793,-474.40521050086414,66.81212463835604,0.7156450968750613,0.03745453053483782,-1,-0.07238537833257976
IWM,day_350,0.022863331173851087,0.24095321934921343,0.31370507422051674,82.13338180990854,-414.40132059597494,117.30973536161444,0.7934218155872704,0.03388922468214956,1,0.015003687790011296
IWM,day_400,-0.04824622862649408,-0.12801442541756902,0.0077410017902714845,52.75898313102616,-492.61133736558213,47.91525444501302,0.9927854839750129,0.03255878918541928,-1,-0.0921217503125731
IWM,day_450,0.009446655114488944,-0.0012591939584524203,-0.1031354296046102,36.81856155910523,-317.38417008926285,23.731503071816924,0.6685595075051117,0.032838689271565906,-1,-0.14663391366841658
IWM,day_50,-0.007801197733429577,0.002666073329849805,0.07663170068195524,70.52549133092751,-157.52554529856675,79.73106417203162,1.1358414277425823,0.021625171300748366,-1,-0.06855589524257102
IWM,day_100,-0.03891019202956503,-0.07943296727840488,-0.06570631423001305,34.87150186815457,-169.42931547669505,6.756605980748175,0.9604200916318589,0.022103367380694905,-1,-0.0605194444547798
IWM,day_150,-0.004693132704435055,-0.10049620457986086,-0.08525237936650143,36.81735425691188,-151.27060249735823,-17.156265149989398,1.1677382881666727,0.022360534002301688,1,0.025238686259150107
IWM,day_200,0.018689753439565582,0.05952533767610557,0.07089580925415828,50.2259756748631,-139.56606846643078,67.41727770432621,0.8672057201391659,0.019133384567204665,1,0.013315388532648824
IWM,day_250,-0.0032088778839205467,0.019787413567946333,0.0024954154289984487,50.238987569155434,-133.24385186784514,77.84779501017583,0.938797679286111,0.022375877503363457,-1,-0.014219337770206808
IWM,day_300,-0.006178302772657185,-0.07189493474838315,-0.20411687683241975,32.90490221178338,-122.2195895271771,14.549270903093662,0.9051714059938052,0.02332519254859503,1,0.03670424013906312
IWM,day_350,0.03498636480233608,0.06506022307227344,0.0787856523465662,45.97239040681801,-104.76250296220577,76.43569037913389,1.078997364705563,0.023141308390534545,1,0.03530021651904705
IWM,day_400,-0.01424808103038988,-0.04783292187952903,-0.11664514074758803,46.28199520344118,-108.72343832289198,9.78736315926247,1.1080817371379619,0.02578871107348993,1,0.01070651704044212
IWM,day_450,0.011547947323102603,-0.04581214364804975,-0.05178569963382662,40.164639996829976,-108.49394341564903,1.526341531799983,0.6008434798172549,0.0190001159705449,-1,-0.07081505862732446
IWM,day_50,-0.014982428806425863,-0.02591607335459467,-0.05058586767062334,45.90797512583658,-72.47473689275587,44.18172721749533,0.8405241493338114,0.022197333764847057,1,0.023187415029864843
IWM,day_100,-0.0031456374547472743,0.026661828244448182,0.11183250742375073,64.82488842993578,-75.88549575053733,87.37522992984975,1.0804899935124457,0.02022670756125918,0,0.001224491959861944
IWM,day_150,0.014990640798118848,0.06615782160002914,0.1596660967363397,78.11470997221062,-86.69642642311022,97.74372345343613,0.9485412242599068,0.018655747048049145,1,0.029098461505142812
IWM,day_200,-0.02090864142284954,-0.05930760782973521,-0.13395734114514268,34.34199441543154,-107.32037625996539,1.4022129762909001,0.931701650071974,0.022326114494381225,1,0.026065586675445673
IWM,day_250,-0.00904840581304267,0.036597136297590316,0.04817198368212816,71.22769962209108,-111.4964189894519,99.0055280553357,0.811026630670339,0.017130162682869324,0,-0.00569853680797492
IWM,day_300,-0.004286442911808908,-0.07270653766763913,-0.03442566547455361,51.403012746135694,-156.27006957033734,28.011506190445722,0.9509041368893754,0.023589885189794164,1,0.12858753501813935
IWM,day_350,0.01428385239970087,-0.025504672296239428,0.08030103667268085,71.48619570221459,-173.19672904417234,63.28558245976066,0.9856820738517705,0.02497636512731013,-1,-0.024442678154968707
IWM,day_400,-0.006546745091385198,-0.03638064632622129,-0.03666797966574353,52.74443661550105,-201.40919015207336,30.015373459027305,1.0077630300620584,0.023138695906269127,1,0.03430559879711939
IWM,day_450,-0.010329678243368057,-0.023263754791835733,0.06521484367882824,66.08935337512611,-279.4683234853924,78.42453170902837,0.8934549045031037,0.01959669480029633,1,0.026103475989712344
IWM,day_50,0.035133587594965876,0.030893379497486828,-0.06091161374297793,34.87260619976847,-455.2820811400907,12.817238133226837,1.0507098038425646,0.028846454623816416,-1,-0.04221561521867841
IWM,day_100,-0.04930717381921734,-0.09956744923566718,-0.22558846860770942,38.76111303452987,-436.8250498713863,17.244384808728356,0.989568665963969,0.028608095455992983,-1,-0.04174981676194819
IWM,day_150,0.016919447044902336,-0.08148404959747968,-0.12659816871246365,36.08567154324724,-322.78514375440983,-8.15151264254741,1.0704312141110768,0.025800714186359285,1,0.0248809279765536
IWM,day_200,-0.025793575441891647,0.0034298149802494127,0.0421144497222794,56.97807380654445,-341.47992387591836,64.50671889781304,0.8806370253513074,0.030107549060439987,0,0.004494833373204139
IWM,day_250,-0.04240469645417211,-0.02849055670939704,-0.046127927407671354,53.09733048944723,-375.03244944853174,41.20151881030131,0.883569982050941,0.02407970243504394,1,0.02307549218145711
IWM,day_300,0.017746272468807556,0.013019530919203604,-0.09197669761159544,43.79973245213906,-315.6790457600211,20.674541887456353,1.2185631667715107,0.0317393764567241,1,0.054767902046446194
IWM,day_350,0.001801518545002434,-0.03486621440479487,-0.012424453168413674,51.1506280033899,-338.49820388757104,36.56237989920418,1.0352584267441443,0.03229959427577735,1,0.012091109380550451
IWM,day_400,-0.016776345925637814,0.04608959209343455,-0.1163339102970129,31.27505760775695,-254.85488496287053,22.190343060858837,1.0703411415505955,0.03336868180173194,-1,-0.02568475848229527
IWM,day_450,0.025489660420209503,0.012337073176660995,-0.04482677794451784,49.98640325594831,-235.64349710731963,56.391640929752704,1.0102820571222706,0.029790018055141018,1,0.024363454338244394
IWM,day_50,0.009760894452644164,0.024024267529951127,0.16216032202386166,91.07477824899539,-508.053593176935,76.67909910723833,0.9230660317631295,0.011919329987158448,1,0.022443026742750664
IWM,day_100,0.006676570062091436,-0.004180205462937181,0.0981953707474037,69.91424240075635,-602.0192206933287,74.51532831943774,0.6689627277837596,0.010285969796720208,0,-0.0018562505559153305
IWM,day_150,0.007119947970423368,0.005816813833262158,0.06519575756929963,66.31029818607894,-707.6297475343463,81.88786893351391,0.8047998144428377,0.011058069137273165,1,0.012330921984124792
IWM,day_200,0.02234018654520553,0.06268303932679675,0.029426545212318356,69.10940281096258,-759.8427051975817,94.75209696351186,0.6546315366660342,0.011537748662392256,0,-0.009403328812068353
IWM,day_250,0.020030144985414555,0.021006836322958744,0.003937948909022326,45.34916387280965,-859.4802266118061,1.5463913481410545,1.4286956765771908,0.010872780469041651,1,0.07425447101361461
IWM,day_300,0.014092527817361589,0.01924351554686088,0.021894691593576043,69.75731183546154,-948.9912478441087,74.76379104611159,0.7552183564431344,0.01246562138439889,1,0.014906073724547038
IWM,day_350,-0.0014481191557264017,0.004759339666817297,-0.03929761438008472,52.04009329680857,-983.4923049959648,55.639015541045225,1.1178214481577662,0.0127441828086197,1,0.03198053850231799
IWM,day_400,-0.012166757603846778,0.02056742857548266,0.045337315147235824,66.8924895489025,-1249.3120480834232,109.78405784776119,0.968865492360676,0.009895750711120014,-1,-0.032124674537227324
IWM,day_450,-0.014762546023962653,0.0017145720966627032,-0.043535601067880014,42.04684646496424,-1317.2246155922394,43.62045480587672,1.0377261723230886,0.011993724521697908,0,0.002336128606670403
IWM,day_50,-0.024046801016910146,-0.014064146055491888,-0.046295058428683755,29.490915704418796,-390.71321511647085,31.893341883784863,0.8967896354841743,0.034987197953942166,-1,-0.06683070386452761
IWM,day_100,-0.09002843219316525,-0.08314347507133746,-0.13074308196196727,39.67343290647668,-345.91877495854897,25.703138905819984,1.119799134600126,0.03375953092907317,1,0.14556409446885774
IWM,day_150,0.06255300128293628,0.09719841753545144,-0.23734992648080278,20.617096845022218,-316.8551563020065,27.998500050832888,1.1515474576617553,0.040045639039970264,0,0.0011366068376294843
IWM,day_200,0.03982441066957465,0.09015146977877908,0.0352003370932743,49.939448262380985,-246.43507361069797,48.16945670526391,0.8647535504418716,0.04073030716489566,-1,-0.12772226592139585
IWM,day_250,-0.028142592092451735,-0.0626526147848786,0.06364515343789989,51.07251276223128,-213.93702077767085,59.560918155764675,1.3865931587104203,0.038273240365867905,1,0.04973286520963554
IWM,day_300,0.025453381334431313,0.019834281292689493,0.05982264366386758,45.76312302395006,-211.5126413502106,38.025974314747074,0.8419825506150996,0.032797291442213605,1,0.24341328739558246
IWM,day_350,-0.01286436293989357,-0.031049374162145926,-0.16295376859951038,36.72235415773757,-260.1885723860745,34.607404668914135,1.578512283212063,0.04220748981050884,-1,-0.0925283033001621
IWM,day_400,0.01890172909193666,-0.04191383890861966,0.016833573284288583,18.240489823990217,-235.94230947243082,9.550006454836977,1.0717000648499575,0.035996385433645785,-1,-0.011149367184837227
IWM,day_450,-0.010771119714196753,-0.08881380941877892,0.001970931357363259,54.534318581165714,-254.34513477637543,53.16026605544353,0.6178560415564143,0.03322687342634687,1,0.06884498651957555
IWM,day_50,-0.0040982023199094275,-0.041499564164045544,-0.08759068776665369,23.32219599123259,-173.71555513336295,6.104559862745681,1.0869919499873926,0.018493127329692403,1,0.025064856207230667
IWM,day_100,-0.03724957884253133,-0.014900628929177206,0.027894467172792092,53.67423293806146,-142.58477897810803,78.24435450726438,1.1292444298620943,0.0259691106913106,1,0.05080747282062957
IWM,day_150,-0.0017850443962859064,0.017349320773820898,-0.014527703504766842,44.85279051643793,-140.50983792483433,35.23422593548408,1.1845989921915319,0.023650627495291458,1,0.1242097045388397
IWM,day_200,-0.018380750516801103,-0.027490405209900537,0.0623555182969846,49.90394076067938,-193.45279488866328,55.58596205333659,0.9885343584038749,0.024948497624959376,-1,-0.017886422724525192
IWM,day_250,0.02364711051802515,0.033187114425740294,0.03064738438991088,49.36869972827725,-193.72394874796862,46.04051612005748,1.1836527848244356,0.023890211461920538,-1,-0.045717854819177735
IWM,day_300,-0.025160641864111932,-0.09513493976912679,-0.23581346770485345,20.164991234593757,-192.3676773460933,5.253636072582836,0.962287823391719,0.02494972984232992,-1,-0.07130302713464477
IWM,day_350,0.024803169566049776,0.06956659243582375,-0.0004559017707058688,44.20706415910684,-161.64920764450144,59.19167806488355,0.8958039900978741,0.025178245466499227,0,-0.0025941049156573345
IWM,day_400,0.009086129316878688,-0.027835023142047333,0.02477797435539153,46.377475837958244,-184.92080399812758,47.047450634032316,0.6812721267830812,0.022980437913491605,1,0.023549569901559313
IWM,day_450,0.05578115388141369,0.11627470999347733,0.12523284781539257,57.20658417696418,-213.4137617089639,98.08198582713254,1.173853649080378,0.023844667506056395,-1,-0.031218565871346207
IWM,day_50,-0.01033070142678194,0.00446914772931839,0.04365249561038764,51.626842807528945,-373.03728126676987,85.42633489790042,1.0871872642354197,0.01573968186136897,0,0.0018588538416644575
IWM,day_100,-0.00663278538834311,-0.012334533926621316,-0.10102864287904156,31.94833817410884,-365.97104464467117,34.69377084126401,1.2603474002042367,0.01656493707564588,-1,-0.012166658120829262
IWM,day_150,0.011763743961871853,0.03941973629351336,-0.016162375000741025,53.44274365837117,-361.26769616627803,48.75952487578641,1.6312191144654562,0.015849166331840137,-1,-0.06576200169713028
IWM,day_200,-0.02228538916395617,0.00414197828607854,0.08772566847327856,75.53485993483686,-386.00999163794177,89.73353292307854,1.1689650339101956,0.013802616613422055,0,-0.0056612666090272495
IWM,day_250,0.03419494758024344,0.0863785914534343,0.24316701722256218,80.94660974629386,-472.9264655978143,91.4173786582911,1.0633399816191726,0.014334303597272854,1,0.030875060519722212
IWM,day_300,-0.005811567560867648,-0.054371864577046236,-0.05958654712148892,29.147281541246926,-461.3806185455592,-4.229673257096098,0.992004603683447,0.016986202907221595,1,0.015011389434351064
IWM,day_350,0.009716046186875271,-0.0471065083078086,-0.09403805547265909,27.14588752554765,-435.04587940536817,-8.411071129244023,1.436458953443084,0.0157856454238897,1,0.04051027815455733
IWM,day_400,-0.00934539781268684,0.005222458790310691,0.11586989854533525,87.78478593224145,-452.7250426035721,86.86185786266097,1.0899764012194926,0.019065377711943172,-1,-0.01882803513477261
IWM,day_450,0.003426683763133598,-0.0164465158257312,-0.03401708486518629,38.00504369671057,-437.1887411747569,5.817666425807356,1.0149131332370958,0.014202405476180839,1,0.03534122576515797
IWM,day_50,0.09126823769958081,0.09630747916201976,0.053137075279594326,40.84705383810697,-183.0095544411536,26.934002658952984,0.8665712504787805,0.034761195438578495,0,-0.007123076463889788
IWM,day_100,-0.03430197658826162,-0.029029952823420913,-0.16081087084320989,24.660451697742417,-168.62096301953216,17.931597939803563,1.0970702221302275,0.02980607910493283,-1,-0.04521082261602925
IWM,day_150,-0.04191472445195521,-0.02191944696106618,0.09069428806317048,61.81259283423619,-128.0770086288362,89.61465800996451,0.790538440513353,0.0299075760307537,-1,-0.10455779077171792
IWM,day_200,0.026179938957792137,-0.003972173050054817,-0.001467563327039123,45.78182877944434,-103.73024273710641,27.455211323856354,1.1075436882934382,0.040044087452016625,-1,-0.06386036691831284
IWM,day_250,0.008310122033410083,0.07225564217981106,-0.010012874405190053,49.026886356903375,-110.0056364275159,62.37671801486759,1.0077115097808311,0.03628829259174657,1,0.020818218502276283
IWM,day_300,0.004606135562281954,0.027943803825161817,0.05679055504646424,64.94949562726183,-115.55267655181368,100.65829539376372,1.1627406420945865,0.028924628048439496,1,0.08311327689438146
IWM,day_350,0.03802964723753033,0.09641275885988665,-0.1304876362682842,36.49090722264721,-133.7473577344649,44.73883088041505,1.0382193885698814,0.0345637323280885,-1,-0.050790457451685006
IWM,day_400,-0.028454844205219376,-0.015581506688672309,0.007613581924581947,70.09263298732151,-93.49982097769792,74.03459135436063,0.9157138892643998,0.03336600687061674,1,0.1321598439960843
IWM,day_450,-0.03760371603776025,-0.15581595686985839,-0.1480808433056905,30.611384173603398,-89.14159980413564,-3.692511314401585,1.0881865122491425,0.035566505016189985,-1,-0.04722855141006843
IWM,day_50,-0.0038479745926935927,-0.033639140359595254,-0.027834674654297897,34.55117935249423,-341.6714355639183,-6.48756009067614,1.1969424107003213,0.014260301980952047,1,0.02630917285027951
IWM,day_100,0.027854443925236172,-0.01477527234984688,0.030833647154161925,44.20944554301466,-412.52947395550785,36.78434308411872,0.6980567454397214,0.016172300051519973,1,0.06784833771959485
IWM,day_150,-0.007975051492157603,-0.04284533311221306,0.09443080384140434,62.52342313895304,-523.6518887006469,58.83224441818786,1.469334016720435,0.01443046530927508,-1,-0.02708435413860089
IWM,day_200,-0.027763864395839888,0.02346482151245599,0.006386587615526906,56.094174193707026,-519.1724547898085,80.19497042629077,0.9663112198435853,0.016888512095723826,-1,-0.030228834145574764
IWM,day_250,-0.007638989918333672,0.035011442608618104,0.0903263822367486,52.09821701004902,-587.4736410534302,74.53251158976155,1.303236465122828,0.01687355699351541,0,0.00620946585066003
IWM,day_300,0.01950139193685385,0.0630663421825286,0.06222094109124687,79.41567766128045,-717.1925788588657,106.5411760307457,0.9086806468652902,0.01399909328713677,-1,-0.05218481263564017
IWM,day_350,0.005417561745641786,0.014597021260536414,-0.026814018815117024,31.565997651396373,-782.5959490640871,32.71499148633542,1.3906524017058222,0.01382757678094155,-1,-0.01505602305554391
IWM,day_400,0.0014755430191621954,-0.016751035711815132,-0.00948061157805824,36.168418692743444,-687.4713356558116,23.948736243193046,0.7112960235299467,0.016679995442260127,-1,-0.019592446281503625
IWM,day_450,0.010171333877506239,0.017156532036171956,0.09341347230756814,66.74235003820374,-762.1479807962213,70.14499580101877,1.0348678394456647,0.014558757785052903,-1,-0.04745366586584739
IWM,day_50,-0.003545914359877611,-0.026840423880439612,0.01219816958238118,45.20478677013331,-205.25179647005564,36.69623722549484,1.096198162084729,0.013374897748671531,-1,-0.07114903510703997
IWM,day_100,-0.008258558878243227,0.017481013430507675,0.10850603513258927,75.74366378251219,-204.48527851931797,73.42722797429734,0.9300110711897347,0.01728659186281374,0,0.0048427865769067515
IWM,day_150,-0.014955654513890027,-0.008674534711864412,-0.035360366237616514,55.379204872440965,-235.30119702614314,62.40730183139684,0.9733681962699035,0.015214247321333344,1,0.10771576837279657
IWM,day_200,-0.0048550956107243914,-0.011322912953502962,-0.07269349385952772,36.57289334710794,-272.58500539997186,25.077828953025193,1.19699703479532,0.01607794074116364,0,-0.0058741464286597815
IWM,day_250,-0.018156928139768103,0.028891395235172812,0.045387816329836905,82.47773075783152,-267.6306134650456,94.22023989652716,1.09582619496234,0.01617415093046536,-1,-0.03414609073886083
IWM,day_300,-0.0023197120997611176,0.011038381730366087,-0.01941015814853042,34.330296670623284,-283.1784219014359,35.05746646145694,1.266460049683831,0.014910920316159869,1,0.014212270025484211
IWM,day_350,0.006988142553426835,0.03893383520799398,0.05024808397424296,53.83517806250168,-307.6097092873845,68.0599570085948,1.1134100934281228,0.01660495341337694,-1,-0.01618288399181652
IWM,day_400,0.009236773387180985,0.053550020348673844,0.0662168205404734,58.14749862580239,-353.8261000849678,88.20636213290561,0.6749291035235521,0.015420901120222517,1,0.024086777426909612
IWM,day_450,0.024039221407841094,0.0386164062204708,0.11949173913724254,60.1457622800707,-380.12350573194834,86.65453810797837,1.1814054917075265,0.017080438931314116,1,0.03202021296116102
IWM,day_50,-0.025186219393592002,-0.0201748489234318,-0.1253068915988489,44.79255270741302,-166.48429190876396,31.052883397084504,1.1313515434791037,0.028017381272589632,-1,-0.07799723842666113
IWM,day_100,-0.057221597891887854,-0.07450913937007364,-0.07652190545550253,41.54956807568401,-141.74802840907674,35.3803759250289,0.840614806405725,0.030203785405892147,-1,-0.10020018855219766
IWM,day_150,0.014025259745862773,0.0039368255687688425,-0.087862927814367,43.676201389327446,-146.63117657969704,33.29528808143455,0.8790364410701137,0.036311979334124445,-1,-0.04579521333634989
IWM,day_200,-0.00831294850243336,-0.037784166676278486,-0.1338058714762863,51.286843877750165,-138.24531379265875,36.706576658200554,0.7198419038831434,0.026871831705534803,-1,-0.10819200251901362
IWM,day_250,0.0032386937196173804,0.09902594338649795,0.2787687799236813,75.0729153806376,-105.48731698860456,101.24896441004303,0.8271336046287593,0.03524815537956699,-1,-0.0588313066260237
IWM,day_300,-0.03726242600587881,-0.014483043152151875,-0.045655494784615835,46.74932881712877,-98.53316909389682,28.975406400904053,0.9485978161664504,0.025765838889466843,1,0.06565374721324513
IWM,day_350,0.016683150226908028,0.01933988972722256,0.18598673405416433,70.77888588000809,-102.81133070146065,81.7317678934908,1.6057588445352489,0.031010207228591095,-1,-0.16231419379015996
IWM,day_400,-0.008048128471502047,-0.061152308621758245,0.05662800524696898,34.92549469364114,-102.14908085727866,27.851568832460327,1.0211312353977113,0.03285109619125012,0,-0.006726342517586697
IWM,day_450,0.048920594469296974,0.0020119404255023454,-0.2356353146088982,7.319761912906856,-90.82380002513221,13.437881091207732,1.14708108337291,0.02567968487112066,-1,-0.026983022670927503
IWM,day_50,-0.02538352953917733,-0.05950533318788376,-0.06126111996271355,47.463774064150776,-230.98118700480583,17.003667426906883,0.8808996712380973,0.02851080925906935,0,-0.009863936605649068
IWM,day_100,-0.0006083105534235855,0.07697020601687621,0.006855433421917967,56.79606460007373,-165.7837396493613,63.983824273506194,0.7147619365123427,0.029064054454698493,1,0.07783389536119802
IWM,day_150,-0.005116242836735174,-0.022326136042795763,-0.005979033370108855,42.38075401996701,-197.81990628018804,20.351558336173508,0.9364354730266939,0.031975159913576134,0,0.003643303921199035
IWM,day_200,0.007112286196840234,0.006863353437585706,-0.1214077355958657,26.127286116156696,-173.88766921071067,22.1464940193203,1.3010642775322623,0.0284629235880219,-1,-0.08871150716781628
IWM,day_250,-0.020789425284483798,0.03464223901612673,0.21163781922249303,75.30529576375552,-135.02130638465025,99.29992596774404,0.8793988814411137,0.03235178086450591,-1,-0.045205284792386176
IWM,day_300,0.018452201609152397,0.0848043751783476,0.019475007969879554,45.44099436275855,-171.32505997969216,52.99494600660941,0.9993669260823821,0.029896249831185714,1,0.047116199715441134
IWM,day_350,0.014442885712165676,-0.08813067266291552,-0.05402275099759979,33.54440434995243,-239.37064466676796,-4.96129413009891,1.2129053748022716,0.02818148176414276,-1,-0.025483758364967583
IWM,day_400,0.028715399999007518,-0.05479031406682067,0.19351301588642777,70.56825618121607,-258.4611814070299,67.74654433141252,0.8017372041907967,0.029328279884406415,1,0.10763749478733593
IWM,day_450,-0.006178785022128208,-0.09651208087953722,-0.024349795261227603,47.319837134860286,-302.1511980115173,6.45470040399249,0.8262130703411622,0.03578926397113194,-1,-0.04778992379354639
IWM,day_50,0.022273324427825036,0.06968376581342928,0.17887571904600486,77.9754990364733,-392.36273430757143,91.56356306604967,1.351699428287712,0.019827201181755023,-1,-0.011341580083994298
IWM,day_100,-0.005537770278315812,-0.056383050667091594,0.07267538543955054,53.23403848103108,-486.7552994670539,53.81679318345153,1.3118391582480189,0.020955236689883663,1,0.10804046984563197
IWM,day_150,-0.016232575983730624,-0.0368696913174853,0.00404972004449955,52.66060968995011,-551.3839242400194,68.85123006807589,0.7212029049862841,0.022513480667534388,1,0.02383437989600844
IWM,day_200,-0.013519185335766903,-0.08971196856346597,-0.04456138150429645,30.40948264215642,-601.882726937148,-7.297167878332327,0.8668360131007666,0.021939341250543833,-1,-0.03268895543679032
IWM,day_250,-0.0017828305714545634,-0.05934191708950243,-0.1054418357122221,28.36048506568241,-487.70946014656533,5.612415815998716,1.1960755058809591,0.023983196503434737,-1,-0.09532723813049125
IWM,day_300,0.03967856363923139,-0.003754330896912683,-0.05637310481818003,32.408360273387956,-363.9200086462737,12.335823396851836,0.7539583803598147,0.021941424778143936,1,0.08659845632587096
IWM,day_350,0.02151498518588002,0.041977023714857564,-0.03856644310382851,37.353961941773505,-344.9326375420255,35.72553606719442,0.8587825262710862,0.020965854491545293,1,0.0429544908551658
IWM,day_400,0.027712341842086374,0.04679658375664486,0.14777251836578165,70.91400824067372,-377.6292564261529,107.47150941704429,1.4991961494803347,0.01973579690312566,1,0.016269893133360056
IWM,day_450,0.026666035537998845,0.04265772585256311,-0.019759602574785262,34.403563254087956,-392.54205426072355,27.567034128544442,1.210597319272092,0.02092818710488727,-1,-0.06714183293422611
IWM,day_50,-0.025221882598435164,0.013326352835870692,0.11788283411111711,80.59230384846693,-262.86618717102186,86.76812885529476,1.002438487796704,0.021065380112833265,1,0.02374432892488814
IWM,day_100,0.007802038854725968,0.10723460497327286,-0.08469828003047608,37.57279463486911,-262.6756252874544,48.74594064050354,0.9713171119028142,0.02013898253315406,1,0.04242126629702757
IWM,day_150,0.024034572501088647,0.06734193260657739,0.04620531396606031,55.74291242583008,-253.6023368234157,91.55950778821601,0.712202430783415,0.02136219450384322,1,0.057231605289721176
IWM,day_200,0.015233725121526431,-0.02687997196777503,-0.0021663267984782797,52.73506697549318,-316.5050940076976,41.063317348806315,0.9340299654244617,0.02139019221944862,-1,-0.04147409259422166
IWM,day_250,0.03532720005013945,0.06139352547779042,0.055077040638539465,60.08973513224787,-358.5391178718495,89.38827351040263,0.8495884028036043,0.024275465387058517,0,-0.008249635838160657
IWM,day_300,0.015857294709958225,0.01661053252987066,0.23509199164169825,75.28535092446417,-430.925968645318,77.64762743842752,0.977408285898853,0.022463951845990125,-1,-0.020351517750545032
IWM,day_350,-0.06125906018561145,-0.005017597336272828,0.006261048178363815,86.82543051507791,-451.90321614396487,99.56496589849769,0.6448672572082403,0.020845193472473784,1,0.02902214106212911
IWM,day_400,0.0018687004446724664,0.05331735455944475,0.03399612907925076,60.12807724603151,-489.72807542173524,76.14654166911255,0.7601849130457012,0.020418744057843205,1,0.05608523894507429
IWM,day_450,-0.0022026748607885116,-0.05948034752608977,-0.1353024268958254,36.96943535667377,-469.75062884410426,8.967653988441345,1.060824628739639,0.025818599531752067,0,-0.004379153543970219
IWM,day_50,-0.012909561910266154,-0.028616027586234383,-0.17478765228247284,30.224858691157948,-290.70850045794754,25.899728647485205,0.9335914934658269,0.031733643510753584,-1,-0.06930452190567282
IWM,day_100,-0.04197707018276142,0.05074727890522235,-0.03757502844083993,59.47766762736483,-275.9822709310604,101.91348600937727,1.4338749437454505,0.026158342678362922,-1,-0.05511482982938723
IWM,day_150,-0.012984447508993524,0.022256863183082176,-0.0002041253099522855,48.5203231524795,-263.5141402888839,70.06197125934854,1.0677994857151376,0.03344717439553419,1,0.052573148198622875
IWM,day_200,0.03536362073291155,0.11806072477945628,0.05986884737212139,74.89947695021411,-249.85266523392383,89.09907255000361,1.0383420940747548,0.034861405867063426,0,-0.0022798651533822998
IWM,day_250,0.0013682008319224614,0.09265098290238383,-0.13415340860060188,42.22775481399565,-186.5117933355944,38.96485840519462,1.1899189116349012,0.0296154098294233,0,0.00851196635528665
IWM,day_300,-0.05385709546449202,-0.07180419705896313,-0.05158809814859855,61.36399561408356,-164.4924567520227,55.17473168516596,1.0267272692155642,0.027096934333659606,1,0.09433975447004841
IWM,day_350,0.02178918677086883,-0.0672060453968194,-0.13098534456315758,28.787354625700885,-157.56910748262382,-8.625967459108244,1.1748387466001975,0.02789338126417337,1,0.04823524546158256
IWM,day_400,-0.03329717628799733,-0.051744871020962147,-0.08668380494523797,48.17495818067002,-136.78356628837653,25.534153529371256,0.8337357308363927,0.02244138510293371,1,0.014209462132233619
IWM,day_450,0.02510276170205361,-0.04581991020792853,-0.1176886518758552,36.39835396627471,-134.50906152908604,-20.99769377089745,1.0278480409108737,0.02650277982742138,1,0.06888195553683331
IWM,day_50,-0.013015026814234276,0.02739418361027779,0.07669001401540831,55.532953063992046,-405.01730723549144,94.40970674190746,0.6808272083436667,0.018718231007668108,1,0.061811899360544396
IWM,day_100,-0.025059785144995406,-0.07412666877689056,0.03563211810554989,42.802620363121825,-417.14931920531654,36.967728798972004,0.9189709592577608,0.02886019208728263,-1,-0.048809474309342946
IWM,day_150,-0.04340668876686937,-0.026018420275511933,-0.2077778812574096,32.195746510625696,-285.6668519884718,30.580539371060638,0.948120207027491,0.0212258205930877,-1,-0.043095724472747655
IWM,day_200,0.008773624333146213,-0.007886125727659676,-0.062003997906286856,36.93861709214219,-254.83581800574052,34.700039436578116,0.9313703140991134,0.02041455341269992,-1,-0.11567341602854136
IWM,day_250,0.003785977385919903,-0.07476012222761996,-0.25457793256527517,23.366402646109577,-215.91890176576604,10.939562888293567,0.8721734539829913,0.025883631072201013,-1,-0.09925683776913456
IWM,day_300,0.005983127159294499,0.011578734654901668,0.03152126143179901,57.44426703405711,-175.003725661246,57.18102363439637,0.8533359285216702,0.0237796024328603,-1,-0.04204792717850794
IWM,day_350,8.04908618310396e-05,0.023852475211099566,0.04399286192025964,58.236826964409566,-151.64203097958892,60.185995348042674,0.9058582589496448,0.021804927044846607,1,0.024551954244374674
IWM,day_400,0.04338386942321537,0.048934798988635064,0.03001549894532718,60.2909682854574,-159.57520051002933,74.7864173487895,0.9342696989680518,0.021935272477215252,-1,-0.026188070349677538
IWM,day_450,0.014458071163747865,-0.04495998913952204,-0.014403810585238763,17.26782638555906,-168.17125452265526,5.109027003113716,0.9804846593571058,0.019183029705797466,0,-0.0005828586098002
IWM,day_50,0.01565489828996336,0.07234521319587839,-0.03923619304926551,52.364451435447585,-123.1977032969017,61.76197439302273,0.9346054678737588,0.030718985443975853,-1,-0.09049397271986352
IWM,day_100,0.0015838403642089993,-0.040301896782779734,0.07680032661002212,48.40724462529187,-118.48699065264755,45.03220868992531,0.6946106270199337,0.034220329635554755,1,0.02899352095375414
IWM,day_150,0.08451774527491263,0.19038271139836294,-0.06387002349954951,43.15921029257667,-142.0814485223705,37.01582755814499,0.9677499669071516,0.04296978852372722,-1,-0.174925348346435
IWM,day_200,-0.05408020801602731,-0.005473654788373916,-0.1254286279165121,53.81407542460657,-126.4086142518421,65.33752504155159,1.0512996501582799,0.03803763309622582,-1,-0.08644211370834132
IWM,day_250,0.04078001935936437,0.01811628482211103,-0.08238929171256038,30.23721478096097,-80.56659202371365,15.52777403131074,0.8330747735435042,0.028540820271273668,1,0.19976964979126258
IWM,day_300,-0.0214834775258963,-0.03856086423506122,-0.19382199978989467,36.80830592534819,-96.69991397192197,32.97185202716405,1.4052291661627807,0.037850156026640776,-1,-0.06505134876222154
IWM,day_350,0.03186685239974918,0.05735895781507283,-0.09185081299199016,37.20944435375097,-75.07393440736709,48.00646262704354,1.2086726793293785,0.0356312128623544,-1,-0.05742406194264985
IWM,day_400,0.07837724183258299,0.15802236106943712,0.18216353697578347,44.047205764377146,-65.23510272629636,56.61420016479796,1.180704829422115,0.0404670087248114,-1,-0.09285359930477959
IWM,day_450,-0.029942043586394296,-0.09982654569660365,0.07942783724748037,59.299833784181615,-68.34847116640975,51.791612412711,1.2022556891773466,0.029996391327706932,1,0.019012445779827247
IWM,day_50,-0.0012870811725090858,0.021106973334657164,-0.052152355951611606,43.030068326967815,-200.2246194256857,26.05306931958707,1.474679682839268,0.015499373426560928,1,0.020028363585428758
IWM,day_100,0.0021863930396086584,-0.022375722013061927,-0.10711133315119004,25.5076653899026,-176.1765303057129,14.49561896200514,1.1345707291270597,0.01630220430337422,0,0.006566971154999535
IWM,day_150,-0.023823598135859658,-0.036700428246925876,-0.028935581461435267,28.676939890771663,-175.94829456182035,30.526725634660966,0.8808167025615198,0.015726678793308815,-1,-0.032878413434366524
IWM,day_200,0.016687990582151535,-0.06419437718965482,-0.08817829936380639,28.745110767082878,-152.52652334140933,-13.090474574534266,0.7864977185136073,0.015547283334559087,-1,-0.01796226264164451
IWM,day_250,0.0057108935813356965,-0.029261130838723615,-0.10486002563163088,28.208620425236617,-144.05068809557116,8.728642377420307,1.065764258700646,0.01660609427106602,-1,-0.02935064646493817
IWM,day_300,-0.02910524401525838,-0.08456179521029106,-0.028659586879651533,47.71765353856427,-130.96645026977083,19.418619392665665,1.0989443415235038,0.01838561769915549,0,-0.002451851083711935
IWM,day_350,-0.003692878321566395,0.007104024143040455,0.03647497421575574,56.75750216489803,-123.55500552769475,74.74532324059352,1.1627756874965058,0.017789583030739117,-1,-0.04667183704599423
IWM,day_400,0.002647844124417542,-0.004040423011038685,-0.10262869611707981,23.177368142110666,-103.85649506292705,12.800933679363874,0.9658673784517198,0.016178773786463464,-1,-0.09835711416466483
IWM,day_450,0.00809741063384739,0.06564076314094325,0.02315975639818646,47.4744461427378,-78.17726673519687,65.23532862138065,0.9949982436429278,0.018308517228034504,-1,-0.05132365704218243
IWM,day_50,-0.01659467122546876,0.02985001638591278,-0.016550538749961707,49.01311461480711,-368.86224179595587,49.85311369480209,0.8525932778899112,0.029531134124509882,1,0.06271776407575526
IWM,day_100,0.003828373221883563,-0.0905850533632927,-0.0957554929069514,40.40277553610122,-374.09887616788586,7.908855719807035,0.7086434666721237,0.028168323586621517,0,-0.008109862388077592
IWM,day_150,0.0010634381887240085,-0.019597200553983618,-0.08324711556718312,37.85316093260057,-392.0394912608039,13.596853123219807,1.0975787125333496,0.03252209385066275,-1,-0.21677784625775395
IWM,day_200,0.003371089053971099,0.023883482342813345,-0.22938380598285302,28.061220394998585,-255.6914864608294,23.07670969088652,1.0301451617997885,0.035027480218069826,-1,-0.08709040218730346
IWM,day_250,0.005195906663166383,-0.035274450726539563,0.2392762027055857,76.70212792153434,-246.34332693844118,71.49564325484764,1.2106637419327364,0.03108988876137792,-1,-0.03711540804223825
IWM,day_300,0.04360584263948697,0.01911667723621635,-0.16853925719091012,33.69752405241269,-182.10573656967117,26.95408672944116,1.1480341889994614,0.026008222468278237,-1,-0.032596733256168534
IWM,day_350,-0.028653368663031142,-0.03665007306021428,0.07316654775311204,53.78390540889055,-235.0119110509229,63.9886933002752,0.7646665513746757,0.031154992645563172,1,0.01287700296567042
IWM,day_400,0.024814821770404727,0.04683186219168589,0.19022067620441274,65.64931633969333,-256.12177515047966,77.48303611070585,0.62223763774946,0.03117186169318251,1,0.03458803611123846
IWM,day_450,0.04927330256179285,0.055143797992166954,0.24978278462666248,69.42839442279724,-224.53946777634906,68.3843616334655,0.8313968463401503,0.031835755113156304,1,0.025903351865357062
IWM,day_50,0.0005339797153642856,-0.01632560157685048,-0.05026659917860821,44.83776992626524,-587.8456515477453,41.61817640170509,0.8752649040049075,0.01794159565466996,0,0.001579896721249358
IWM,day_100,0.04117165456132654,0.16504887153834447,0.2680372622011835,73.59569732285522,-593.8964516602806,102.89008443933594,0.815562090539843,0.01996611714367223,0,-0.004632213372133314
IWM,day_150,-0.020966297973833092,-0.061660460704799136,-0.010393658909851222,44.89649933648985,-755.3966523454072,52.2573878250854,0.9305386765156718,0.022083261858769025,-1,-0.019257146024652415
IWM,day_200,-0.025223400978795385,-0.06834444254323369,-0.07243409861362393,33.77750400343871,-812.552457510793,-10.029777063546053,1.0903628035495516,0.01928932147176036,0,0.004238136134036002
IWM,day_250,0.009622462803468457,-0.0037400652075589846,-0.15796318574351953,26.12168984290517,-733.5090411828685,18.738786896235425,0.9668692622451349,0.017246316920330518,-1,-0.030565013929034386
IWM,day_300,0.013942398688406854,-0.0010336449374017675,0.03764268190380915,45.37736601683107,-578.1073820959028,35.47169318563193,0.8360023823975474,0.01972012529826701,-1,-0.019688257771292666
IWM,day_350,0.025098838463021078,-0.037635914299144924,0.09255195576885322,47.51906329374435,-493.29466388868,37.98722995240276,1.0958426123954037,0.022605314050255256,-1,-0.015830528418082374
IWM,day_400,0.016809131720761927,-0.023335065797276178,-0.031557636957730395,28.440869290756496,-524.6644948434922,6.8068777460966405,0.6415644642790025,0.017345989130713602,-1,-0.053736730593094945
IWM,day_450,0.006353622198538744,-0.0006169402117753853,-0.05560699488757925,55.02595303743971,-399.72048151658635,53.85892388391085,0.8738869562209008,0.017133747603682928,-1,-0.038233045279399386
IWM,day_50,0.004661816149510001,-0.018710079086470488,-0.11236490388945564,37.12094704682555,-222.0464395209523,11.99096945503296,1.006501746075577,0.025714959992152335,-1,-0.03730905096064167
IWM,day_100,-0.0026541205839802906,-0.020449790647071087,-0.12719775658375054,47.426409517668354,-208.9031935249731,44.18173999210418,0.9627011717450467,0.0345808654683662,1,0.02437921821215347
IWM,day_150,-0.04907629311637263,-0.00812792753467051,-0.17974960563281384,40.760527776083975,-159.2676928045676,38.71076717485077,1.5604991404873887,0.033893650080015325,-1,-0.0362908731973213
IWM,day_200,-0.054417292147860064,-0.1051306126077367,-0.1378690448290174,43.621572842138,-156.32038363303147,4.312271641187997,0.8780569211554613,0.027458934328437924,-1,-0.056080659018405914
IWM,day_250,0.05092222492821419,0.05188549817599197,0.21140081905929442,80.357842067057,-127.01437568312912,75.50774506954903,1.0399108803952828,0.027696364386957915,1,0.1519265535188948
IWM,day_300,0.05061850041436333,0.04356605056057328,0.045792574283903376,33.021389939027,-165.86701695424247,16.63051913166737,0.8869638909453442,0.036188563119460365,1,0.09190778226815903
IWM,day_350,-0.05781916278406407,-0.08519476353975941,-0.024392659114047643,25.40532370904276,-158.40487688481218,20.801113885267863,1.121751130579756,0.03284857478843542,-1,-0.01138196463691314
IWM,day_400,0.04550258216972525,0.03503170554279067,0.23810070410522588,64.64353267324358,-120.86093962072302,67.1319203425525,1.084346415383362,0.031026595642628826,1,0.04142898377371935
IWM,day_450,0.029854675664700903,-0.0032576003079843874,0.35808518443767423,66.79917199077306,-161.34470516495986,79.3147853400969,0.9494566511279993,0.03050363413612311,1,0.07861864930853209
IWM,day_50,-0.0031094274281348033,0.029288225656755706,-0.039504883027994486,49.70471634869543,-257.2865342282287,59.032020459422405,1.1068055437431235,0.016493377847832058,-1,-0.03113271033605849
IWM,day_100,-0.007373582000395396,0.0036392999859000685,0.08602294466215499,59.96195664732125,-263.0616405957857,79.80629937635648,0.8180735840499792,0.01751775252813704,0,0.0034429662897285766
IWM,day_150,0.0013470314024586205,0.045320978812860346,0.08143187929099027,77.3753884584384,-281.7345667180856,97.33366748946423,0.7746236009079287,0.015696524539991177,1,0.02886590321653736
IWM,day_200,0.0035152693190463324,-0.026124909092980264,-0.04888185854735583,37.125651459586095,-301.86750232507615,-15.222552971816183,1.3266277940650089,0.015722849279335392,0,0.008973231558898013
IWM,day_250,0.0007263381340685271,0.04082022070412794,-0.057610395053179886,56.31476752961671,-301.0644878734318,57.573981208986645,0.8788061523836197,0.012523083411821772,-1,-0.012808150439640315
IWM,day_300,-0.013948607535132163,-0.045152035709173366,-0.08806352102133375,26.842074187233862,-318.11464935011173,-3.089879360833166,0.9269274971216225,0.01763367059457059,1,0.052062299973738194
IWM,day_350,-0.0023704704091191964,-0.019820310350584625,-0.06877637348207255,26.284109598281916,-357.10349509112746,4.587969527489705,0.9902736150437057,0.014875409575866617,-1,-0.010957156740851752
IWM,day_400,-0.007660849614108622,0.03733633530340108,0.20590779133432435,94.33428026743381,-426.9903978449498,93.9131382161047,0.9507319373575392,0.01547735339628378,1,0.04928360611375864
IWM,day_450,-0.010775966790779412,-0.003891603937665411,0.09599786339350369,76.46537116421163,-576.7731876617489,78.04360667041304,0.755644252771802,0.015735138502665287,-1,-0.01960277945049124
IWM,day_50,-0.019818887801190677,-0.11680032593540735,-0.18475668786095933,38.28299436260117,-106.4432326331146,-0.7369747685692268,1.1844592020983071,0.01934184336640764,1,0.031406287410250436
IWM,day_100,-0.027210684256672946,-0.05382379850053132,-0.04725747214993237,31.55124161817629,-77.80975779677628,20.83386338980842,0.8153029098088467,0.01925986585021457,1,0.03538360061065064
IWM,day_150,-0.05367180106313729,-0.06007819185524732,0.0024670502142911666,66.26511059338065,-62.6913956734734,67.36072554938477,1.070780154481227,0.02142157319982094,1,0.028305525005898384
IWM,day_200,-0.035144468978391186,-0.03853343685834376,-0.13826279378017892,21.833274136075588,-55.290266111531686,12.837162295619123,1.4079091519041278,0.01735932543969313,1,0.05202269607809602
IWM,day_250,0.01497152147625691,-0.020589290485267364,-0.08337056613493299,32.59157945747151,-47.29585795855081,15.763944761396653,0.962589900826531,0.02111920400606758,-1,-0.028544449113177616
IWM,day_300,-0.040002538481436534,-0.0380804220624924,-0.10997575166067985,53.23348596295006,-40.67110841224209,34.58295082940025,1.1104769519170572,0.02342728260429303,1,0.050010134712924495
IWM,day_350,-0.02732827800890758,-0.02826917602782031,0.038101898534538714,59.56893524685893,-33.39640977928932,75.00326900466216,1.3813599085067885,0.02100997780932557,-1,-0.03106523718492975
IWM,day_400,0.0074232328340329,-0.036765354652892546,-0.05104000801974751,24.630518415318775,-26.992204421840675,1.3647571164027896,1.0145660853353209,0.022273022234958105,1,0.05219105665849804
IWM,day_450,0.02360052465346607,0.01194438575095691,-0.02444944573161112,38.87487372014648,-26.822585884998812,35.093636878504114,0.7436075140002907,0.01687547487989408,1,0.021126935004498137
TLT,day_50,0.04834430228735087,0.17287912864932675,0.17121174936610606,65.43180685702505,-308.0364622313728,96.67371949339298,0.7898972951842052,0.03437105718593847,-1,-0.06096358844551829
TLT,day_100,0.02694187108358448,-0.12949792671575644,-0.203084096022486,13.3912503401082,-310.0260680431604,-3.88060875134933,0.7983292291438407,0.030967501547698274,-1,-0.042764274594995294
TLT,day_150,-0.03601280141368779,0.058917335116062564,0.2339907245590931,64.12785996387879,-313.6972525753312,78.09242635172859,0.6865397777551713,0.037339870060598655,-1,-0.1481347402427694
TLT,day_200,0.06262754161191997,-0.024644161622845107,0.013455458398241804,40.49626043255449,-281.44010173260205,-1.109815820760771,0.8761002464667874,0.0330664597172436,0,-0.0012804192156436562
TLT,day_250,-0.023943173910002336,-0.06142940299565591,-0.13379238164799567,41.89665176226463,-269.0264642706412,36.29448095163891,1.13431294887208,0.028913007606700042,1,0.05438072941781937
TLT,day_300,0.03250366682394379,0.10709421069490843,-0.019094327023465807,36.04855492012932,-244.38341572948414,41.092279367955,1.3085875361453663,0.03621701117546537,-1,-0.01501058630828644
TLT,day_350,0.06767451219358445,0.15027584624953816,-0.09574386110547861,33.621071123424485,-211.85154498071375,29.807520517923614,0.9996594599171875,0.04008487656379656,-1,-0.022694069352689836
TLT,day_400,-0.018045235772903512,0.09167730432464172,-0.011978020572807058,42.656296840166725,-174.1430895639524,50.611231515772204,1.1701053654447948,0.041885731717229396,-1,-0.07345364365414556
TLT,day_450,-0.028692267559512263,-0.06839935928629692,-0.08379024099572163,59.06891892146532,-134.9782336813355,38.849905500412966,0.9249760107413852,0.031006639342043004,1,0.07518455557238532
TLT,day_50,0.00498259135979362,0.03553406940872916,0.0395108664015289,62.07979886356461,-507.1255075306647,95.01823237672488,1.034842929687218,0.018728711583497436,0,-0.0034570568735897414
TLT,day_100,0.00039843427952379606,-0.038387485250163667,0.10350393829355498,57.17532443882031,-492.61154791952316,45.33073968380148,1.000879560376778,0.02567767457958546,-1,-0.0488572113329458
TLT,day_150,0.01742200604739108,0.017542772512735505,-0.08128774167461339,32.33773398304615,-373.6447605811455,31.88388286132437,0.8401259142635013,0.019297376966625236,1,0.02621085369432097
TLT,day_200,-0.0024556242229153424,0.021655022954031322,0.10111855016317461,60.22375440131352,-373.7077670668168,85.42147359237633,0.5833193298736524,0.01899623180718464,1,0.062190384275851086
TLT,day_250,0.015651911949703834,0.037988444219172246,0.11442303296189227,62.25110686013384,-437.18241372529263,92.22635213644725,1.0039472498700983,0.020806308151600787,1,0.026111125409693917
TLT,day_300,-0.009491312396758378,0.045794568769454314,0.1252890403526914,83.15147862193282,-504.7622733741037,100.55016527634453,1.0819419864739883,0.018773615073551523,0,0.00012391701421868165
TLT,day_350,-0.0017389536657190785,-0.07807010544743531,-0.08398722843354545,32.076886104788755,-527.0846694342687,-3.928918624983323,1.3692567550394477,0.01772194272960545,0,-0.005415849126743662
TLT,day_400,0.009686237787832175,-0.04044024224826559,-0.03319681110507844,29.1728437529287,-468.34743302020905,2.9465614318895508,0.9406082819528468,0.020845221462007513,0,-0.00010457329429724302
TLT,day_450,-0.02194236722885079,-0.015396380302001966,0.060527336923557495,57.13464120457604,-432.899092770838,88.16008899541781,0.9813547511834413,0.019148943742840045,1,0.010272971827598959
TLT,day_50,-0.018571760707875806,-0.017267768692708074,-0.06378534889426957,47.20619590732852,-372.6490178382768,48.77149858284535,1.3124513257591848,0.018810983452532088,-1,-0.030306636682635293
TLT,day_100,-0.03918264473836919,-0.05361995207396897,0.011510092935252292,56.84428922581554,-335.07748738450556,60.24686609305851,1.1722606041440673,0.021114168113879426,-1,-0.038274948012916414
TLT,day_150,-0.009777670460779708,-0.019084408151164856,-0.11735136948043723,13.809725428851024,-255.63703049632468,13.885128347791573,1.080292779996931,0.022013319475658256,-1,-0.045826290690801214
TLT,day_200,0.031764792715471835,0.05149963448656503,0.022534056634143207,54.46578459665368,-212.3826729507514,81.7330093232239,1.051100243398961,0.020629237751986048,1,0.09934384071509299
TLT,day_250,0.010361756428201252,-0.0274557296232788,-0.04911309805767117,45.74967490257314,-206.92841741489238,45.622430176121995,1.0572781374570475,0.02400324301177204,-1,-0.022654929889247406
TLT,day_300,-0.001436143924508193,0.07023739057298517,-0.04332281814098293,48.0323362249929,-206.69628588347797,67.71651945356109,0.9115356997246166,0.023752313604847954,-1,-0.04151503505671736
TLT,day_350,-0.015782568036634248,-0.062033099364777966,-0.08711361900726888,38.25399141561504,-181.6756272097968,24.528189496265146,1.0931545463806447,0.022652869572951935,1,0.04577978562149801
TLT,day_400,-0.034525151084596084,-0.10270255225756098,-0.014007431826716377,46.694444444064075,-160.22361628169898,17.588815947588124,0.8696524908301235,0.02277477552760004,-1,-0.019898631362959683
TLT,day_450,0.01661584271744254,0.015279763764618703,0.09401581505469503,53.49907697992915,-180.78036078762173,54.91582517855294,0.8256469232637306,0.025075560509900067,1,0.016485292534412773
TLT,day_50,0.02574782252079988,0.036418624492081886,0.12009974265493817,68.46985491050664,-400.75450193954924,77.28515672775785,0.923272409634522,0.023774161689654388,0,-0.0060766981145998124
TLT,day_100,-0.02203539430542345,-0.005210454133415809,0.044479301036573604,67.45607048782443,-514.2126531621627,74.08237105268913,1.2365393944403762,0.026269591416335104,-1,-0.05938683278077931
TLT,day_150,-0.02911499875823831,0.02713913342023644,-0.16083217319102638,42.26966429446962,-449.0662062027136,41.836171904513634,1.0305074226786615,0.030412560892872947,-1,-0.04751539803295793
TLT,day_200,-0.03964235824494544,-0.06121130432632704,-0.23656041725927557,27.19433688069286,-313.9125036556522,16.432308891718154,1.2724235949625173,0.02598429955592595,-1,-0.030374138567821115
TLT,day_250,-0.015952409800835676,-0.03683936098683671,0.021234341717869976,60.537659336191304,-288.2475795530224,64.20590027279698,1.009650080779497,0.025663309499739915,-1,-0.02886341640266002
TLT,day_300,-0.0006668594636184411,-0.022410784358843028,0.09390239049296789,59.21350961520366,-270.51739025793455,60.802292549228866,1.0607417245064417,0.023193385241428718,-1,-0.014832099407385202
TLT,day_350,0.011688918763121725,0.05771295071001448,-0.05357895085055253,41.62903419904249,-229.7375183922882,38.2366139852965,0.9407820568489704,0.029944193983564318,-1,-0.035039821886996836
TLT,day_400,-0.035815493414297794,-0.05516343726995532,0.040354384062496695,60.007584563693634,-233.429297678124,56.290283908380744,0.8212487583044505,0.024469143188942527,1,0.1662707240220242
TLT,day_450,0.007374558178901536,-0.04053123726776686,-0.0967067809476464,26.559256183312073,-283.7611798753187,17.470514436026072,0.940709532231875,0.028475633723409575,-1,-0.019726049629830777
TLT,day_50,-0.0029443180584055595,0.04480739270267464,0.0556965401539391,73.34627033718806,-280.9896716454712,122.30216562082961,1.3542759354052614,0.012199543777342853,-1,-0.01539881905506425
TLT,day_100,0.004991600826077303,0.013702723728414412,-0.1846918941024862,7.603702569100534,-273.8682255270425,21.567278325625256,0.8422099889971959,0.014442136265435465,1,0.015118557297796171
TLT,day_150,-0.007863086998890711,0.004500262890178464,-0.026281634068409332,30.89438418452096,-250.64900100200867,44.96776191567607,1.1957964843726288,0.012397410582342209,-1,-0.04651275506706906
TLT,day_200,0.0016642967734741276,0.009931361832765218,-0.09157017174077886,56.15627257985046,-208.7290883810846,56.35495031987519,1.4249434761957769,0.01427800685363229,-1,-0.014267986681793732
TLT,day_250,-0.0016484850781528504,-0.008714680954547527,-0.00012743710525109364,44.223053276027784,-188.84979699033835,34.92388376641853,0.7522362890220723,0.013682075822630275,1,0.03056457310799087
TLT,day_300,-0.009293044505645276,0.021924967516058214,0.038444580359187075,43.11435788802317,-194.12344219090568,64.77218620934124,0.8211611702653394,0.01418451055401518,-1,-0.030561421316972936
TLT,day_350,-0.014539859985127856,-0.05863498011133095,-0.06548632599938498,38.64153594384282,-175.16848183435,-8.704890283366886,1.0725099423431628,0.015222761123454756,0,-0.006078366971470278
TLT,day_400,-0.0072004566293975,-0.020402529726086138,-0.0077809629065097585,48.9076904060877,-168.89062530309837,56.91794512251654,0.7758122026853889,0.013649169264479224,1,0.037124701167237366
TLT,day_450,-0.026925157354440343,-0.06613945783390018,-0.06449003876151715,52.40279079578936,-154.38139550349376,24.564303825940204,0.7136789898795294,0.01546491712366301,0,0.004777888900974715
TLT,day_50,-0.004850273789603121,0.01126997155565368,0.06605743760344307,62.2786136041934,-519.9538270620926,86.30403229612573,0.7864339336897063,0.015368212757577843,0,0.004572207258896026
TLT,day_100,0.02812960754966287,0.028539854016127686,-0.025061502857277818,40.60085146912501,-497.55492441361133,41.15839656311056,0.5018864747703207,0.0133171594362482,-1,-0.034776508264612795
TLT,day_150,-0.0016776148682365877,-0.006974127317201595,-0.019587524072905427,51.792773247704815,-457.11654237072304,44.74360652049932,1.407200837148469,0.015090671124181896,1,0.04297031819341775
TLT,day_200,-0.023328777460555616,0.010098894464944719,-0.0005816780687575296,58.30251521715318,-502.775135135479,91.27242538601429,1.3269971873803252,0.011787025537803659,-1,-0.028829799437460172
TLT,day_250,0.01864211286212014,0.06944511690976984,0.003286045067258714,48.22855374390145,-467.30800515736763,52.45497135360458,1.1191762846666762,0.014031923766891637,1,0.06591561947694285
TLT,day_300,0.01729322233790609,0.010100486825167732,-0.04059200110340544,35.63961018405038,-456.5458281948179,23.12595565702498,0.9236793943310686,0.016417978588472756,1,0.0343514563243449
TLT,day_350,-0.00393651179728427,0.0009561782303242339,-0.08732858280323907,39.44906517271479,-453.9908296770313,32.362462295819434,1.0656361535804793,0.014565320755306374,-1,-0.020782610697880656
TLT,day_400,0.008261443012614222,-0.03585377375069554,0.06372537268279754,57.047225065100214,-491.88603696097226,60.59989346909288,1.2803818244523197,0.014859851841861376,0,0.007646724449711724
TLT,day_450,-0.005362506630622321,0.020429102646950525,0.030696884785834655,44.8475279661914,-515.0298946437592,58.110224355314124,0.8470474796933467,0.01531548953014516,0,-0.0007199704637344719
TLT,day_50,0.010949559870739867,0.05055493096888686,0.14329516776591356,97.5301459284313,-259.90079154923137,94.86221312941834,1.0815193400421876,0.011949611800757421,0,-0.0010643026736449018
TLT,day_100,0.001738390824652214,-0.012699024585128171,-0.0019421281293005022,40.10722483985179,-304.6625323837339,37.681174182573216,1.0498315296356746,0.009658538822162274,1,0.044112489105905935
TLT,day_150,-0.01411520477886008,0.03327877712021299,0.08152116668816878,61.759062775795734,-356.050492373371,98.75575827650613,0.9411119224798562,0.012931361004664106,0,-0.007345358452924871
TLT,day_200,-0.00020989272839677664,0.004452825252740933,-0.004573860028566079,61.86980936172116,-366.49888505194957,59.94739017422961,1.3298687754401333,0.012340840052154647,0,-0.0069925062962308245
TLT,day_250,0.003948870762059409,0.0033446598007891293,-0.008739650011469369,50.79274866235832,-336.00765659495835,65.7067352875448,1.0066955118739083,0.011574687613080467,0,0.0070868234619325225
TLT,day_300,-0.010071268352798923,-0.018453710505526244,-0.1099182293099118,24.68575571785182,-315.70563526619117,22.178219114981363,1.048328529811576,0.011462263448757276,1,0.013110886257242691
TLT,day_350,-0.0010748910856421823,-0.017871308864408686,-0.08685625124732999,27.955374440661743,-284.4507338692433,12.815231347146488,1.4041662456100346,0.012757779884482642,0,-0.009814145077294955
TLT,day_400,-0.007046890493263236,-0.01694938902700538,-0.04103116802640161,34.967900141794416,-265.05970144623296,27.226820507539152,0.8658290248302465,0.011576065604012918,1,0.014213327297008983
TLT,day_450,0.007578035480363843,-0.03003573527304182,-0.017005206074491186,48.72056116579517,-266.12660892289756,29.590448450482587,1.0527440454245227,0.012304019394749234,-1,-0.011129533207728387
TLT,day_50,0.026752275021986405,0.020897700389207685,0.09672179995898178,56.743352182263116,-342.19192073528285,55.625834126864405,1.1117982686814285,0.023131944897505908,1,0.020735443389088788
TLT,day_100,0.02025272620144869,-0.07046104197596748,-0.11967003937316323,27.57834994650713,-360.925030531047,-9.442969161325955,1.018098681357279,0.020483468349173486,1,0.04503235275459328
TLT,day_150,0.013603372912465828,-0.0018401600367472515,-0.06557836727257593,36.270608850333296,-297.81433951612985,37.82976940479905,0.7584776310932279,0.022415454619166636,-1,-0.04391562853576823
TLT,day_200,-0.020980531271457048,0.020034271653970537,0.010883795777790972,69.60584350891419,-319.3289495268029,102.66699437476025,0.7255675604735705,0.024042499278939145,-1,-0.01162890663094106
TLT,day_250,0.026989122061410464,-0.04620842266491021,0.2435563203705633,69.96205908715118,-443.29173372342785,65.113152806116,0.9694795509626353,0.026048274776031895,1,0.0829834610495407
TLT,day_300,-0.01063976050379356,-0.042396944423537586,-0.13084789827761933,22.190588425690393,-471.52403414596876,15.031958265275641,1.179495405844387,0.023115521477261085,1,0.06120731395449601
TLT,day_350,0.028606275941200465,-0.013258957528530013,-0.029933301466939177,36.44813796563143,-451.45448904505133,5.800460279143667,0.7425361495400254,0.0214915868163558,-1,-0.060022724513144866
TLT,day_400,-0.00125827441230153,-0.021015030221052222,0.06512558518551459,63.88319406329434,-456.12269958594874,68.60725497370738,1.0113116926506567,0.022506338146016894,-1,-0.059411320704288555
TLT,day_450,-0.0006871690866676605,-0.032148023660582226,-0.09403672964282739,46.72574026686615,-361.94267922843187,44.951473979787245,1.0178573661420267,0.02011449315799945,-1,-0.060481184013526076
TLT,day_50,-0.02093870961823263,-0.05206581729395976,-0.17765492924515147,17.55502913340021,-443.4165683923983,11.22469470440482,0.9350726505022123,0.019232217491033834,-1,-0.0905001648240457
TLT,day_100,-0.025985900550498653,-0.02621261879530712,-0.030738464173276747,54.16964334588968,-331.30420610789037,34.91547655460454,0.8407914618617859,0.01745522469951757,0,0.007174072546482588
TLT,day_150,-0.0012889373107202173,0.008290120896063735,-0.025008415864311906,48.02519795495228,-290.8314443091895,49.43513616581962,0.6426959241526867,0.013554552650447917,-1,-0.06935486049732409
TLT,day_200,0.01662648273395617,0.09542630653819062,0.15168119664164736,77.82316118778667,-242.8662660396362,114.45473081844382,1.0941457367444363,0.017349051324949336,1,0.016207239930265894
TLT,day_250,-0.01689557624523974,-0.038289233440395365,-0.012508127891568521,35.02199454786141,-246.28790390774094,18.900192447971655,0.8654553146603184,0.01704158712253744,1,0.023153330669818343
TLT,day_300,-0.029724283636751947,-0.022611350858761425,-0.07597454560860684,37.79194675264063,-237.8996719838637,29.85035277455707,0.976639545356662,0.016706324253723672,-1,-0.0170968333806653
TLT,day_350,-0.02734789143595917,-0.06676122687943398,-0.031751036236772,28.262474204427278,-252.1408637710469,-3.66296550818451,0.7992700408616249,0.013051800871079693,1,0.027698360690333632
TLT,day_400,0.0038668711660474475,0.014329629181990988,-0.01013703704119695,55.901520000320204,-241.01104838945767,57.518572750078334,0.5034738571753324,0.01676907036171817,1,0.038216577328813936
TLT,day_450,0.0027555846697522313,-0.007934940200954754,-0.1016148063800355,15.046751196932632,-235.67634090699806,7.431431882835531,0.7146423183039384,0.016937920171576894,1,0.04399738543578591
TLT,day_50,0.003698617152409822,-0.01022020442939775,0.08320433190544008,70.3571963399973,-335.004026195968,64.12974201591986,1.2564551325884297,0.014702647367877048,0,0.004999711115883634
TLT,day_100,0.01254411835285052,-0.041952800189480666,-0.07386617930674766,52.07421730572295,-329.8933291316735,33.48939851740235,0.9138748763967253,0.02043667173406407,1,0.030128177562644146
TLT,day_150,0.0006223429333502839,0.051633239624970795,0.04762335595708023,71.5921120320183,-376.2248871607846,97.68315141913254,0.9653976117905104,0.015195360826852654,0,-0.004558282695720922
TLT,day_200,-0.004973172652726676,0.004096144506633426,-0.10423426877135722,28.091077480018996,-359.189289862779,29.43723718293002,1.1350955564599194,0.0174393681235565,-1,-0.03335181141437815
TLT,day_250,0.0033340673336015314,0.048481096420024405,0.17982355734209565,68.38306535802408,-369.3408833183366,107.24400953373691,1.0411921012047671,0.018097670804288903,0,-0.0036995909875101067
TLT,day_300,-0.012657288383087217,-0.049323937031467646,-0.15274532361335447,21.320862132741468,-359.6594540577815,5.800380563768519,0.985481418202893,0.018668118355142736,0,-0.008450010105502519
TLT,day_350,-0.00461455513714093,-0.07103987217443819,0.017384661828527825,43.223204595953945,-330.46479089774937,20.397826409374893,1.0058116262989154,0.017390062500455817,1,0.046750873953430576
TLT,day_400,-0.01588168755669539,-0.03335576541775953,0.02948444978568654,54.34718010778655,-345.5300119729033,46.85470963842416,0.9639798573896301,0.01915660389019557,1,0.025562406020300653
TLT,day_450,-8.017462034604073e-05,0.016651579428037522,0.09132081287495031,65.24479906452717,-369.266262142482,79.27249310715092,1.103286957249867,0.016054902078425172,1,0.014119726356665838
TLT,day_50,-0.023228951158208666,0.011177952710636596,0.042389387026160685,77.56474276031946,-279.6814092450588,97.58081723842419,0.9578067323544709,0.018199579040187517,-1,-0.033141183433304855
TLT,day_100,0.00254002354435956,-0.036819473726877994,-0.16992584382226716,14.366453876816692,-222.75679087036724,2.188518496680324,0.8597307495260833,0.01757475425647663,1,0.0420006171413269
TLT,day_150,-0.020672803054061162,-0.10953924217062083,-0.03759761371775483,40.67969439541097,-187.9705136579498,0.07613512867591146,0.6989480229355595,0.019928226195302774,1,0.08804060100710284
TLT,day_200,-0.00926200093668561,-0.02598879645543639,0.03575431226409287,64.32153626549535,-217.15665894640577,63.393118552698304,0.9079108854075348,0.012618431823057821,-1,-0.021364250865344166
TLT,day_250,-0.01921907397788236,0.022906917511371194,-0.02201217301016689,25.312748766671845,-230.8847339409614,40.29918832571697,0.7647744094792378,0.016216031666214478,1,0.020619771075765656
TLT,day_300,0.0032326220753302604,0.03269449298288718,0.11133561190172525,73.62734872361733,-256.37621935191885,91.20401185348064,0.80713545638882,0.013279135485371999,-1,-0.040176413080468536
TLT,day_350,-0.009572523573816993,-0.007755947673298125,-0.010503764966695583,59.79488225768141,-270.6435291216433,84.9803676512969,1.1456277380402822,0.019638308700690645,0,0.0010431914478914062
TLT,day_400,0.011831672575371543,0.02243304519863276,0.1039005398732642,61.483163747118645,-310.18633152607936,80.09357799116266,0.9175695882401412,0.017108959010699434,1,0.05944719046132416
TLT,day_450,-0.02461478431870512,0.002010887890388169,0.09107828815512442,67.69415127223064,-367.43949801057397,89.41038622067448,0.766984518862474,0.016981476246980768,0,0.004935326558803592
TLT,day_50,0.03694381310448036,0.09094355517929786,0.25412304662705476,86.35913097202372,-603.6778765851434,106.47632635493277,1.1653802652564011,0.02035127137430108,1,0.08658241195248141
TLT,day_100,-0.03608994177793001,0.0025799083605200224,-0.06703930956615278,36.45968161507653,-642.1996544624558,43.93442135556982,0.9339598441345173,0.021793354592541503,1,0.03496025689697211
TLT,day_150,-0.011081923672376592,0.024440492013625637,0.14570909746707517,59.23308104831884,-691.0647895693784,77.83728118656835,0.933437484049022,0.026512234017399557,-1,-0.04283457122704586
TLT,day_200,-0.012426513728476252,-0.008308503125504796,0.00505605573200496,49.0830107224345,-666.6497555785028,59.88954195768406,0.8963237168025966,0.02262399195810721,0,0.0024139158971252413
TLT,day_250,-0.018471211659362496,0.025687232649803438,-0.10411224770491534,36.88635243326643,-614.0766961511405,37.25291299490178,0.8383897857754362,0.023856195640481123,-1,-0.05051230381849184
TLT,day_300,-0.028022326045278434,0.00714076222711002,0.03744211758263938,69.28655123696896,-611.2719021707683,94.7371555951938,1.049789710161993,0.02191001528149947,-1,-0.1633751074958425
TLT,day_350,-0.0031065366062513755,0.06443637680727532,0.10644522021402936,66.55257606746693,-494.55999550107526,92.19581423182875,1.24346938566446,0.026748769718359475,-1,-0.04049257692723208
TLT,day_400,0.006786246285213071,0.02645897454835544,-0.019205857085237366,41.53542249139175,-490.04219190465795,44.426834083578996,0.9717244587046602,0.0276667140646182,1,0.048462455495094675
TLT,day_450,-0.008265016692511007,-0.01129417664370369,0.018036365955764966,47.227974164067106,-527.7669405909548,43.55654146308107,1.2687672175371396,0.022701734082054337,0,0.0029453304189411104
TLT,day_50,0.0018832563450987827,0.07426044611570459,0.04657514586492972,65.45804836141645,-277.1841464739526,104.78016283946565,0.73579330188403,0.022668567134940153,1,0.0981145802993707
TLT,day_100,-0.01176217485735842,-0.019053755236975722,0.08128864120268009,75.42358924930988,-334.0582364434982,71.94814614727711,1.1728252012759455,0.01949398780032452,1,0.046786779792219624
TLT,day_150,0.017712194068776554,0.08134152103884662,0.05168846813704864,60.44205289003897,-348.07041801182277,74.62736186533306,0.8059379299862106,0.019810938790462564,1,0.010021620361438303
TLT,day_200,-0.000928455741974421,-0.00860876173456293,0.03136741402265586,58.08604986738234,-336.9544835197506,63.50278515984754,1.1017822200593255,0.019673649622534598,-1,-0.05480845562490488
TLT,day_250,-0.0003854680449504322,-0.04092423186683092,0.12491156875028508,61.21668369573171,-364.5061878975371,66.18005230170935,1.2061233106862503,0.018696265191633286,-1,-0.03534277673545112
TLT,day_300,-0.006730306299298161,-0.03157243198021886,0.16626926893686744,65.38484325109016,-464.18534301624805,63.53995762842687,1.496982854608881,0.018698247923886475,1,0.06988772351592726
TLT,day_350,-0.0003453543185160113,-0.02127652981763617,-0.069314639913719,26.225458350279524,-505.58196005950447,10.857795740622542,0.879815426631296,0.01788796609316713,1,0.04633691693190689
TLT,day_400,-0.003190764826730752,0.004788545896911689,0.014107445945974462,65.65408418221888,-537.2043513095501,80.43585799601422,0.675021513855146,0.020228205234465224,1,0.021492562153769164
TLT,day_450,0.005924611488592468,-0.041738939414694975,-0.0044120408803047795,54.52681911087075,-607.0633253365232,28.764207846729185,0.9221677143932232,0.02333280685389787,1,0.06367397574514891
TLT,day_50,0.004795684542301171,-0.02976444720295468,-0.05505316689214723,25.45203840351654,-377.4131516897372,-13.259414203496366,0.6031167992983322,0.011048409317218405,0,0.0055145412089240555
TLT,day_100,0.02004223610514666,0.00921019204091511,-0.0531039590090564,29.69771741647652,-365.49396970328047,5.609040044502345,0.5656578562556662,0.010576024339687955,-1,-0.03192553323169522
TLT,day_150,0.019958267924786943,0.01051235654913607,0.02874577397040401,56.99973788399833,-337.2781550197239,77.93544362342125,0.9661289435754239,0.011185540639278279,-1,-0.03656623781662834
TLT,day_200,-0.0014885289748558517,-0.0039090511238695225,0.016896404668418352,54.11981218546778,-323.6092216246142,77.80978706000465,1.0496952092064147,0.013181040398356776,0,-0.0034154250010931097
TLT,day_250,0.02209127993317872,0.03997979650016048,0.13758302387384846,81.50252854511311,-327.8858173694845,88.37294019038649,1.2156630042319374,0.012456520416718428,-1,-0.05412185818072612
TLT,day_300,0.00277840154537512,-0.020448407423667048,-0.07444767763099458,30.421776011533098,-279.4554782100443,3.088327670602794,0.742343806981048,0.011474105333570102,0,0.0066640563113159355
TLT,day_350,-0.00985291692887924,-0.011158683912788958,0.013401973096529352,66.30029454157315,-247.85314290396437,78.71459450652793,0.9203912975538848,0.011126962911225337,0,-0.004340327668350187
TLT,day_400,-0.002424230213755263,-0.021757544654756433,-0.0019225730052492285,48.903062127098856,-237.60356537375702,23.632171908844224,0.8799226653962607,0.012505695056282075,-1,-0.029624455600615076
TLT,day_450,-0.005574025539155536,-0.00012504508921851176,-0.024062203498264934,38.68693998600851,-212.05217842244474,38.37674108913268,1.0108354391521526,0.01187650782411838,0,0.007964099737765924
TLT,day_50,-0.006818414673171014,0.02639010702149225,0.07502666185832707,75.56702423411494,-105.86837956685265,93.55482713557397,1.4434864093406679,0.010279585207821436,0,0.004009267135388005
TLT,day_100,0.005270044610852231,-0.007877904244391276,-0.03686403015335582,31.053580818819768,-97.58269659953545,8.607318089025444,1.321397029707983,0.009663897271577992,-1,-0.02355235093605743
TLT,day_150,-0.0055148799967078554,-0.02646576107150045,0.021377614615947227,49.48246592349924,-94.07217430699221,59.68636561436864,1.1276405977653148,0.011176513040067228,-1,-0.019114509785461118
TLT,day_200,0.013139856703453745,-0.006973666771741049,-0.013968904095213341,40.55365168865107,-95.85318275577298,17.742539404682116,1.0163494863332916,0.009874343791957126,0,0.0011930049872680474
TLT,day_250,-0.0015006062082374427,-0.02027352849549735,0.00014378005196125088,67.58013729663818,-102.48119379314772,53.98497818431457,1.4774433915718794,0.010067454162119247,0,0.00897817812331526
TLT,day_300,0.005187774853380178,0.015325194287721278,0.06848682021002062,62.3789985700873,-103.33983119160813,77.02560066056341,0.9697484482044583,0.010861546281076587,0,0.005594719244725288
TLT,day_350,0.0033348239708423932,-0.0023193970321446766,0.05771311635262655,63.74372549473898,-111.73074654707072,71.3192705325025,1.1912151216976996,0.009440587416433582,-1,-0.017719619101808234
TLT,day_400,0.0009721583405337686,0.01255171734113758,0.019019292098235052,61.16994266180308,-122.70158960395133,101.18682657404791,1.0619083387579877,0.01203867852359208,1,0.020019088244031286
TLT,day_450,-0.007875121695530618,-0.013097823998735936,0.05221429161646962,67.09355194487442,-136.59631918727055,71.67224654580453,0.5595576700046931,0.010666178086795822,-1,-0.02551934763321006
TLT,day_50,0.016668415421030147,0.1104211502407948,-0.0055438379294483475,59.77686346747416,-194.9663452264324,82.31615926572044,1.0121881884913202,0.032490226503942087,-1,-0.02560886835931465
TLT,day_100,-0.013116494395047806,-0.07322008420049775,0.06313497389083689,66.46825852951667,-213.60069393699465,61.667363949936906,1.1846866788317216,0.027679751618699826,-1,-0.02378122426427978
TLT,day_150,0.008596287448413342,0.10603906709194888,0.047312943343134295,49.38981108717347,-203.93171540542647,78.07622955084014,1.2367930865955454,0.03161980396384834,1,0.10612397452894329
TLT,day_200,-0.02784945118352633,-0.09091134752823449,-0.04890936257540712,48.89803407242378,-237.25310903855825,33.620250774445196,0.909555146585781,0.032578508376868195,-1,-0.05654624555836246
TLT,day_250,-0.017394693215284418,-0.022931656430595138,-0.17108402352874752,39.30873413395295,-227.31358232025525,9.437980927799494,0.9936237823027054,0.03460775166659971,1,0.062365559825317565
TLT,day_300,-0.02033267338168976,-0.05598761891283055,-0.2454181434395477,25.23408877975153,-186.88655656591732,19.663219060705103,0.8793054872884054,0.0333841290426988,1,0.0881891484092647
TLT,day_350,-0.026381957403550538,-0.025983091743988496,0.08329695246259883,66.82428410934102,-222.71208098125518,75.005132501464,1.0472778844673711,0.028076937132251446,-1,-0.05789163768524066
TLT,day_400,-0.023428952891679233,-0.03667303822322665,0.0835148294589858,68.39062150152856,-230.65361652978092,81.67435389321292,1.0302351039899602,0.024905789851223492,-1,-0.12519002169315852
TLT,day_450,0.050969986616399954,0.0895000682386673,-0.1348960321902013,38.366767552009875,-170.00288683230323,40.12092492430232,1.1307496545567017,0.028614818508545338,-1,-0.020657253653923117
TLT,day_50,-0.04438032040542861,0.0005644204977699463,-0.14033413454774535,54.263140810365115,-217.4274089716953,52.534839486178555,0.8561122635882603,0.029370981599063876,1,0.029977565703983588
TLT,day_100,0.017089875203136318,0.04449976720126658,-0.027278673984868718,49.00479720973275,-201.4179148123823,50.877504174149635,1.0579048671984737,0.026132468202117405,1,0.016451171259824097
TLT,day_150,-0.004389931893153176,0.1015039336592245,0.14457879473708402,72.97177402290245,-242.10795383949116,110.65732241257122,1.0214687657299606,0.02462677385049469,0,-0.008654218764150507
TLT,day_200,-0.026586572519409768,-0.09628077567109972,-0.07159556929018063,45.85759469266065,-238.94591463200166,19.62864812466811,0.917923012689663,0.03055153458513249,1,0.07537541531039806
TLT,day_250,0.025328756614953152,0.05463061791981194,0.13376644115404912,75.11341483154982,-219.12287904510904,95.27042021330124,1.1381321811069913,0.03769143152665621,1,0.09348621660833965
TLT,day_300,-0.0019323155777849488,-0.06430576789643949,-0.11773976975953415,34.4732978687734,-223.11259175932574,-3.166429529705548,1.0824451870607192,0.034208119655065525,-1,-0.05348530533382437
TLT,day_350,0.031158488312114763,0.002666785806985761,-0.09999349814964453,29.738774785586102,-171.41952341281612,18.852955124585097,1.124572934454129,0.02595184919164423,-1,-0.055404018870385145
TLT,day_400,0.060559632965235366,0.05467665679164635,0.007381442881958078,38.372282883788905,-158.09844320990254,30.54325780188786,1.0633257465063441,0.03082243823425948,-1,-0.10418316242402778
TLT,day_450,-0.0016581170350677965,-0.035380882823710436,0.14471737348454594,63.25150393173895,-160.09035423314367,72.22668234259605,0.7761888091972307,0.032269189487869714,-1,-0.018169447133529262
TLT,day_50,0.02124188324408305,0.02011962944951029,0.07629690174815829,58.10883140895073,-247.42691656336956,64.00098929011645,1.0306025763444477,0.012128885253166325,0,0.0043594655762500805
TLT,day_100,0.0011551656840607105,-0.010731731825884827,0.012036373951350265,60.93288483320119,-272.444374472229,43.218560050098546,1.0920454159338395,0.013329893616300647,0,0.005958070105718403
TLT,day_150,-0.0024174739646317667,-0.01153547182037662,0.07889656401399514,77.14058348040841,-323.7755058056746,76.58522469800599,1.0705351821750313,0.012665855885607083,-1,-0.04824340877441872
TLT,day_200,0.00999191984921266,-0.006882403294184658,0.03154412601990075,45.8744401978713,-341.1360787678314,60.48906588109282,1.5053665933221385,0.014243664871589757,1,0.01996384686004091
TLT,day_250,-0.008278056007005041,0.009132666122578792,-0.0006029423540657719,57.097226899126746,-373.23653915865015,65.52856736062719,0.6554191476545683,0.013860457199418414,1,0.024207955214098197
TLT,day_300,0.0170373068115679,0.0073164351513992365,0.08026657398173875,62.42117401515026,-410.36953725560585,74.57047078879188,1.2024824905413074,0.009613751399913481,0,0.005139267007579831
TLT,day_350,0.004944562349888271,0.04843703164117108,0.026585794711081245,53.929635598882015,-442.94757918349904,74.15387704790199,1.1582953397828284,0.011929940629381233,0,0.004912955684318142
TLT,day_400,-0.006456915983377831,-0.02171359474028478,-0.07982223448508585,33.39799893001393,-520.3792924834751,14.752361749552298,0.8790069940723891,0.015782348938907148,0,-0.0058385965181035355
TLT,day_450,0.011653209848309976,0.08004130357238415,0.07503442742594268,69.69339321419304,-588.3344739206063,126.57807678245815,1.0172037254822839,0.013477116762653056,0,0.0054472072159239575
TLT,day_50,-0.0018610448791109846,0.005902236779056436,0.0405021754023942,75.01869322795008,-419.91395863478647,83.25924036240518,0.8560474168601525,0.02398600176641844,0,-0.008246638825638192
TLT,day_100,0.030626389124020603,-0.0834584496088987,-0.11615149403401215,26.64572564965637,-469.90966411270057,-7.053309769772158,1.2843448641285666,0.02143549768404422,1,0.03417408361966627
TLT,day_150,-0.045916946006769765,0.021518721123665818,0.11669924554493427,70.81513248469741,-508.6004627363965,102.2292473996933,1.263476032569648,0.02487216861216453,-1,-0.020943120398226857
TLT,day_200,0.01809163508114575,0.03999956500951796,0.033354140043691416,70.55287577546954,-499.91670388493236,84.898321008325,0.974339705997867,0.02150563145928861,-1,-0.026913448737602097
TLT,day_250,0.006480287908820159,0.024821129468723946,-0.06333932946365328,41.139576198505495,-448.46965343295136,36.53563138151184,1.3025124931097152,0.0209553838400229,0,0.00795487385851568
TLT,day_300,-0.0015554723853912211,-0.039578933613221734,-0.05035753023869283,44.440212320328484,-377.0357030678692,11.395253465597706,0.9203545625830527,0.022156913546305244,-1,-0.09793902602329312
TLT,day_350,-0.006421081220959746,-0.025662997299235157,0.06408830090996909,42.17950403449692,-321.39392257096665,55.33876907580812,0.8172012616211489,0.02269045814645826,1,0.03022900061578399
TLT,day_400,-0.0037755962094817574,-0.006613923874319583,0.11462282879457697,61.732272990803395,-390.53665345726563,73.87757290196465,1.007887779413297,0.02180283383044653,0,0.006190531618356305
TLT,day_450,-0.025768775437467473,0.009082188256434476,-0.04208401290917951,53.888910968926126,-410.80056798100895,66.85191879349748,0.8911548392932553,0.019271458168471353,0,-0.00867508682654716
TLT,day_50,-0.023696469826511524,0.13024604040745613,0.4145856486838133,92.3064744015192,-150.07444469428134,101.99983531466192,0.9696021772412415,0.026967618674507206,-1,-0.0387439024342765
TLT,day_100,-0.04545635556122951,-0.13380415275288593,-0.13093810230723013,39.732398532497555,-155.8304535075047,-0.9288523018589342,1.048206536291238,0.029417275892803352,1,0.12132181991728448
TLT,day_150,0.005046520655052955,0.07746828899508729,0.08578683976779367,54.78512677085671,-232.4638457211149,86.04713804614748,1.264557114601693,0.03119407038161077,1,0.027216454207691632
TLT,day_200,0.04291427434007122,0.11641135646123835,0.08099739081594426,64.45525500792176,-361.6791264574509,90.18573101280248,0.6538530458049053,0.03573187633497123,-1,-0.016594440684788894
TLT,day_250,0.0065741372833625356,0.06140919327487415,0.19969642284363243,86.94991952393914,-490.63098716615036,84.95121872762444,1.032226025567404,0.02795283575327422,-1,-0.017317880498146684
TLT,day_300,0.02903109116536129,0.007580946941988742,0.3240951914955228,61.922936257141714,-686.7249927922996,74.70573472383612,0.7994623784970252,0.0338333827051048,-1,-0.06105362867021832
TLT,day_350,0.014171655950800055,0.014772156231480427,0.004675025345983741,66.38554471609368,-723.7148080968715,73.05430628607674,0.8872753041990475,0.02711831636765338,0,-0.005740611648764476
TLT,day_400,0.024843764648795563,0.09529268573244343,-0.0034598049245917473,70.3277050426385,-656.0121305564819,69.66071967300309,1.268086500632877,0.03145013832269403,-1,-0.05045195857805497
TLT,day_450,0.013370513219868485,0.08396249080388252,-0.05835627380366826,41.60445218874868,-694.6451541466711,37.99112478014313,0.9476352898823712,0.03276658980342114,1,0.07150546643715736
TLT,day_50,-0.027582631266115376,-0.058428389330317576,-0.09158224050982522,41.8840831266566,-333.0517811199495,-8.725883274480466,1.2591605952352416,0.016414040292686644,1,0.06948750044535394
TLT,day_100,0.03330577127690404,0.020103247051939777,0.07916641264619884,56.97754505956607,-401.8277877117435,48.71324988359553,0.7976875872592548,0.019573884093345144,1,0.06640464630010022
TLT,day_150,0.03614692886801052,0.032732500934748554,0.10617263689351963,46.66170677012482,-556.3517004074331,61.309571816765626,1.1313253001465602,0.017044921313732548,-1,-0.028232155453992578
TLT,day_200,0.01240181213821634,0.005354670144766649,0.03547532197580061,44.95397640660889,-556.3008977826308,35.845958592771005,0.9275509010361046,0.01963458994517731,-1,-0.011003744996537492
TLT,day_250,-0.01546728791563734,0.004069984776003732,0.037606958537190316,47.559793058751936,-561.8046606477735,50.48803878907042,1.17533614881753,0.021887496025911193,0,0.008803780296297619
TLT,day_300,0.002835642438303587,-0.014917937755175359,0.026753905475797257,57.04112754280855,-658.8048866710518,63.50412948978412,1.3536112031563545,0.01804356010603414,1,0.010453099527619235
TLT,day_350,-0.03052198564352049,-0.026026446445853724,-0.00837097429120437,42.46515991434088,-627.780938695018,41.082165074929215,0.9526743613340873,0.019473679049529017,1,0.054220117759195934
TLT,day_400,-0.016573783019407817,-0.026670812175731307,0.019252404844991133,49.073864539457716,-695.3769320078054,53.731320480283884,0.9900408746535898,0.018745645783001787,-1,-0.016671204835374213
TLT,day_450,-0.01721126274474505,-0.027669076729327613,-0.0008863038542087365,33.34448287801651,-672.9759269150404,35.287562457014005,1.0602729308518686,0.019779567944979835,1,0.0213085451064123
TLT,day_50,0.008792910425340583,-0.03071566524498437,-0.023286106757545277,57.69311304509028,-303.0312130279309,57.02214635343245,1.0741609749349108,0.032899627872286674,1,0.080657620798916
TLT,day_100,-0.032788616596653,-0.01113954163834252,-0.08548887997485921,46.97664740469227,-346.31639724431176,28.714883229891186,0.9385906495333399,0.030338123521768765,1,0.1559866771229902
TLT,day_150,-0.015967684486418166,0.027763681567984255,0.13129979349345766,52.85028381220317,-422.8176800039373,69.31998750192827,1.2092547378957448,0.03144158162938485,-1,-0.03640158585547156
TLT,day_200,0.044916936874550784,-0.057404333002546326,-0.20128387289320548,18.44195665354256,-492.1685103586236,2.4284380826577365,0.7172497856007549,0.03432580050061221,1,0.030433610662044933
TLT,day_250,-0.010231088194382454,-0.0018990193885300988,-0.13314992173591778,26.478108545729427,-366.36136497818126,21.335385881013416,0.9470033872759263,0.028039538050050952,-1,-0.02754292966935601
TLT,day_300,-0.004248230630227279,-0.007795618746660016,-0.06917278551168582,45.63392843024372,-322.2228932136715,48.71101835058329,0.9854555361191956,0.03016127197653369,-1,-0.06346135867347628
TLT,day_350,-0.005260258256912009,-0.046405830137769555,0.009891125713008542,55.46277013227404,-244.83998336359932,39.25413014485782,0.7533401023205959,0.034559334154754276,-1,-0.016078452255148448
TLT,day_400,0.04013581664798482,0.08486300897998378,0.03470251820617953,38.233354681951056,-164.39145354671345,40.38514341922968,1.030140293609332,0.03335937538131313,1,0.05295308458365928
TLT,day_450,0.027856536836712742,0.054330844992360294,0.04902835278535722,58.229317572158585,-186.07648978471124,81.82211107606582,1.0301812502262853,0.03094442028021617,0,0.0018473077274303727
TLT,day_50,-0.0011018351697444917,0.008203856041288038,0.036219590952254244,51.04981253656825,-355.2114966978388,53.281471009619,0.9604625433086256,0.014153065134972123,-1,-0.030478202489461915
TLT,day_100,0.000952352305991111,0.020549055354453394,0.031901118983628685,62.39765176318715,-329.67116442410344,98.70147651900325,0.8346615012998275,0.01393206399426804,-1,-0.027834170006782778
TLT,day_150,-0.023308441459628515,-0.01666786447187374,0.02181742309897161,75.65231802014787,-338.9519178027769,84.61494447053242,0.8209087136458595,0.010316238056827584,1,0.05941538026122828
TLT,day_200,-0.01254674885131879,0.014557290994558603,0.036027709130818986,63.78892213846757,-408.07051203165776,122.78609717854891,1.3451249735934674,0.013404228213711282,-1,-0.03290053796180283
TLT,day_250,-0.009323629532073219,0.03101720664194163,0.016677206991245752,52.235468833760066,-382.0764560291877,90.15646128691137,0.9097406448258792,0.016847355808221734,1,0.022245979596879312
TLT,day_300,-0.006484279734408793,-0.05314428930396509,-0.06383271462379259,22.73932049658717,-367.42561290906673,-5.471555980932377,1.3478333577913855,0.012944940349349305,1,0.018805732606689995
TLT,day_350,0.016122225750205832,0.009126049116171098,0.03869155450846895,58.0785542975861,-309.94199313339755,59.459718542810116,1.1100237212327593,0.013069636994860504,1,0.019953726660239406
TLT,day_400,-0.004878564005636465,-0.03736371854259568,-0.041248636456351795,45.349421773000934,-302.6736272172022,33.531427901377796,1.1347643984543132,0.015337934527157952,-1,-0.045453508719849725
TLT,day_450,0.008867065188469248,-0.03759089901128587,-0.07258887212651643,20.00901595910922,-253.51044913989946,-3.0134595596276634,0.9634504841470398,0.012510735217628827,1,0.021817857398516376
TLT,day_50,0.013416982618250639,-0.008093562746929184,-0.05848381048082263,36.47550339706171,-289.83136033684417,6.9371446317046805,0.7867258217737646,0.01855357418506565,-1,-0.07450457054849988
TLT,day_100,0.010320966592211267,-0.03148769791704287,-0.08453370425318385,21.659942164760324,-236.73573513763841,-4.995767923621472,0.8933377459079825,0.017150631322782363,1,0.06296558386533394
TLT,day_150,0.02615552515406616,-0.014794064531511109,-0.002427545197297487,41.1759431052193,-260.3367382737964,17.906822629885845,0.9055736776924815,0.020160218472550395,1,0.04391836043632953
TLT,day_200,0.018133663272194234,0.049821718101854096,0.019245647178367298,70.15249982779171,-237.70254354006792,90.23120956338451,1.0465298766929325,0.01916230306721455,-1,-0.05061224839644502
TLT,day_250,0.023142579123985207,0.026725370679264726,-0.10087564911531344,30.042190565802443,-239.07278373697832,19.061764022896824,0.8849111185217416,0.0200613156345661,1,0.04301199892139467
TLT,day_300,-0.019599519354338013,-0.03296520119922575,-0.05600782013962935,41.6794147043773,-264.6585664374406,27.58751495170437,0.8890645766264016,0.017073177138966795,-1,-0.06258172019984998
TLT,day_350,-0.00947791694909672,-0.0253575621009402,-0.09215599303988431,44.982173954972104,-227.55801644907308,20.271458401326992,0.7372489839749324,0.02441946332925071,1,0.08188229658193465
TLT,day_400,-0.0035805466031164634,0.04521206198378991,-0.03625593984171149,38.72530534770107,-211.99376071355707,39.8790186957458,1.159473045778654,0.02065840684039221,-1,-0.03451811028058465
TLT,day_450,0.04072670374793774,0.03123418310228865,0.09343643667171131,65.27701900297073,-202.5984273352083,59.424411087341525,0.9937396351373006,0.015352170583014243,-1,-0.059960947512961146
TLT,day_50,0.028170317598031902,-0.03662859075668157,-0.303627494473637,9.661562852256594,-312.7018506161169,13.252875048383709,0.9647800055580833,0.028097152768732845,0,0.005755077602940815
TLT,day_100,0.0186246116742379,-0.028595341858304146,-0.07800003374526865,25.82570484464553,-289.9573072289665,-0.1485920948863094,1.3205392759112338,0.025277440713855206,-1,-0.09094099928135924
TLT,day_150,-0.022555923821455215,-0.021969752738271175,0.040579589444613484,57.70887988608263,-345.4617477614714,69.99672613806732,1.4683876332013444,0.02627365539144003,1,0.09026757328357225
TLT,day_200,0.008679601321049502,0.04261452742430505,0.1314460630988885,69.65326286551272,-399.0476025564347,93.62646910467689,1.2072021157264157,0.02662154398789332,-1,-0.03450147730597248
TLT,day_250,0.043356666547974765,0.07140804723203287,-0.0451987822397063,48.55697535710698,-424.5582199219313,56.67434995380094,0.7584865586675671,0.02637720361584843,-1,-0.06736895515990286
TLT,day_300,-0.06703118122692908,-0.04515708154796272,-0.13225443076655385,49.44351226173353,-418.7458432573836,37.62839762839803,1.2491588615992395,0.020416222713891114,1,0.06037755178348237
TLT,day_350,0.020919756740677364,-0.019851428120812864,-0.024111613643093777,48.62053830320859,-411.3480379474229,26.765133045848337,0.8952033255031737,0.027452909018369463,-1,-0.05565513666208261
TLT,day_400,-0.0006220696437224671,0.08249451258444784,0.19031430062724297,79.76418971762675,-385.95906983029846,96.55506176009284,1.005673171103697,0.028325265832032237,1,0.10046938337699308
TLT,day_450,0.02704004570952323,-0.011597159001409563,0.06467598151374832,50.6780023117653,-446.15110027439516,36.348219617656795,1.1275854703928638,0.022418486496978206,-1,-0.013869961745260862
TLT,day_50,-0.03233224238557875,-0.0912472952884118,-0.16168850422109404,29.427117898994098,-138.219088778512,8.336471500372355,1.276062495092036,0.0310750037559877,0,0.003516509206838826
TLT,day_100,-0.01733112188922492,-0.08403454612059835,-0.11964735197822907,33.67866444418348,-120.0869716286498,16.756882682477805,1.2403959711211299,0.04327748862681466,1,0.1898458375731107
TLT,day_150,-0.026009667864311026,-0.05038848799689688,0.038690771178000016,49.25512733724739,-176.40417558861216,39.25655414131459,1.140505643022371,0.03719424611715395,0,-0.006738638483617835
TLT,day_200,-0.02212263327200037,-0.17691303496493405,-0.05019794299030689,47.57931171184025,-198.98023367584662,16.309102586142973,0.8396862310859938,0.03906688222332112,1,0.15083408080311836
TLT,day_250,0.01939241676949366,-0.03785321103805328,0.14983317963718457,66.72442880990323,-196.18549761960512,66.03087937718773,0.6445922162298341,0.036052942585736165,1,0.22208739251277568
TLT,day_300,-0.025789734405260223,-0.054941400546435704,0.19823210858994478,71.7149682248695,-284.9548309564299,72.20562202470026,0.9426209409845067,0.03660987062709162,1,0.05271019875353407
TLT,day_350,0.0034146285739913296,0.07867075376458765,0.08784716774306833,55.43863803035789,-315.88742750112357,93.04965638904854,1.209312465032091,0.03839789383870824,-1,-0.017820836162328976
TLT,day_400,-0.04610013863197315,-0.12297461437424329,-0.020303145492539976,35.17069107465282,-517.340018456623,20.309208895951826,0.8397858282135845,0.039699461851600205,-1,-0.05044105251985179
TLT,day_450,-0.02790274498564227,-0.1183812853098073,-0.2698396749078652,41.83121927677587,-378.3401886143812,6.158105793098773,1.0189137912477373,0.045755271335656746,-1,-0.05015584381575186
TLT,day_50,-0.013255873229660264,0.12430112895387424,0.05557990988492745,58.753864129134385,-302.46849006952243,100.85817403391792,1.255634194824869,0.03551928494019899,0,0.004245154416409024
TLT,day_100,0.003932376067761423,0.03880965803001479,0.13713320781743032,68.63832054839611,-307.9041041321007,86.67085640628369,1.3593707150374674,0.03749843809701118,-1,-0.1190453506988011
TLT,day_150,0.04382179171018685,0.06904053520677045,0.30950676228613117,68.60790168254736,-340.1674304035402,86.81675243464821,0.597159005169045,0.038220236018124,-1,-0.036540303419383836
TLT,day_200,0.020396347204992615,0.08596193915205497,0.010437334277537014,51.67307736482584,-329.41333042787215,56.55956723626975,1.1433354730196095,0.03735098372751517,0,-0.007678282885630716
TLT,day_250,0.0011712538660773042,0.04494774507565613,-0.1678008971822219,32.292255644175384,-278.8644377559377,16.65753632358415,0.9351474827153744,0.03877838410796591,-1,-0.07180634666234816
TLT,day_300,-0.03140920586568918,-0.09617191786916701,-0.25059198121251247,37.30637654740068,-186.37177854994968,16.19691627761849,0.8949473318670099,0.0389625157704538,1,0.04117163622068929
TLT,day_350,-0.01311425930110044,0.003620488220223317,-0.05747952128482414,38.516797457392784,-150.0955651943808,36.94243096073369,0.7590279326351137,0.0388196040999449,1,0.11452033515359386
TLT,day_400,-0.04468860790238505,0.0034118801788347586,0.046978421404242576,53.36610818889012,-179.48867809984668,85.82805171293519,0.6753771732422748,0.03384714410220297,-1,-0.017660999380551587
TLT,day_450,-0.03302787476323221,-0.05112376092701498,-0.1112103861639967,48.253550846472095,-213.72892985893333,20.231340598881133,1.2085810294173793,0.03486218189325447,-1,-0.08143174153787196
TLT,day_50,0.043169745422034334,0.027337712273273418,0.09943497505890497,54.44671938071515,-428.7846149227835,49.205950075026955,1.2027962172127153,0.022857273266619287,-1,-0.02186296581047134
TLT,day_100,0.04730351615192063,0.11024776635902311,0.18811183966735312,71.61596361915568,-516.6466931288879,114.7977698773102,1.231951992638987,0.022494410305652558,1,0.13344540103657607
TLT,day_150,-0.030814812114664192,0.018721127260185932,-0.024658299722124855,62.647508347811375,-604.027740654829,93.39358244085093,0.6232443014319018,0.024169219093166175,1,0.1446781290479632
TLT,day_200,-0.03603568631722365,0.03269077569131551,0.06380859167989694,59.157508167535745,-677.2042256763999,91.51436717214362,1.096756533860697,0.02752759420541629,1,0.0245954262064769
TLT,day_250,-0.05370811908731288,-0.047578464412980304,-0.1766930928025876,16.660248775172562,-651.5973544626107,17.038241685218765,1.4830887761307665,0.02068453698709497,1,0.05484218160941381
TLT,day_300,0.016081646696542107,0.07040549270332552,0.3121300797779869,72.58213600152743,-765.5811588495211,83.83488658406644,1.1628877720699256,0.02693736015471409,1,0.040980522767238806
TLT,day_350,0.04036048229761069,0.04528462878034256,0.0340957385404006,74.99797942356197,-827.8487346657432,79.07284866610759,1.2154461892649164,0.02770866725538078,1,0.07787572133766153
TLT,day_400,0.010133699563284582,-0.08300918446049466,-0.06510552741498032,36.37776705867108,-1014.2425273564254,-20.182525084316858,0.8741109686677389,0.024359882815955556,1,0.1200394331676227
TLT,day_450,0.02428184495556951,0.1923690921730652,0.03196116501245694,54.021253989454436,-1003.657441997004,93.94332950611452,0.9929499987943154,0.02874548466281504,1,0.04919857935358658
TLT,day_50,0.03609968288807819,0.02710365741398557,-0.06328534620105497,47.52400531425711,-166.95619978400774,8.100155608192393,0.8666211845785544,0.02463392120835751,-1,-0.10138079891308933
TLT,day_100,-0.0003119529230818374,-0.021033159802092416,-0.03728782445472267,29.87962916882276,-196.41156040904005,28.916654444775773,1.0021081786639454,0.030605894133873907,-1,-0.0683726189031089
TLT,day_150,0.011214750405466045,0.05350623245650721,0.14623423103196953,62.17122384641463,-152.91898430558402,95.47965275067276,1.041658531498746,0.02728947987346953,1,0.07676636459403868
TLT,day_200,-0.027466845621683667,0.0013809913706250843,0.1627308151140241,64.01485553604219,-154.06101351947055,77.91480883314101,0.8897208187702508,0.029770854981255316,-1,-0.031797616513884186
TLT,day_250,0.056902371058785706,0.02153804642238888,-0.04809964633959074,38.37784641852057,-131.78885216911337,30.319452541033527,0.9318106423444719,0.031135865201331703,-1,-0.02656049755381257
TLT,day_300,-0.06285723039947055,0.0503350806106857,0.04013722551433285,71.40776499659042,-148.844048442704,112.36233628366668,1.0139901685456487,0.03655416795666519,1,0.05829544867340415
TLT,day_350,-0.033989675239323947,0.01064251599116739,-0.020290401223259535,52.948711032218604,-133.59806509598053,66.0776408795835,1.3978944977570928,0.02781128753492244,1,0.06460039876397068
TLT,day_400,0.007514585780181049,0.03270511725403602,-0.09506633195867631,46.42764102247403,-111.85959935383798,33.6288001054844,0.8016428612602851,0.03075721534973638,-1,-0.06651966258066178
TLT,day_450,0.01851957857423958,0.021364802648961456,-0.03439206943584239,49.697773236361364,-101.54492333138883,37.544959145103554,0.8652453998354607,0.026575443426824545,0,0.0011364181844017872
TLT,day_50,0.013216964390680985,0.053008584367585154,0.1149042336299888,75.24991874625228,-321.15243715444313,89.75230048922636,0.9104786738897664,0.014407764223433216,-1,-0.04689970215101076
TLT,day_100,0.009178086712141376,0.007923365585856379,0.17629405284572952,80.15675903752278,-372.5215240587245,80.24825855946075,0.7226970635753152,0.015073670349410252,-1,-0.030936217192702425
TLT,day_150,0.03094843828366134,0.027843758592405177,0.10609139570320947,63.576348620153794,-412.6166883259615,77.51500854205938,1.0137716836631885,0.015371639918974209,-1,-0.02702761735893453
TLT,day_200,-0.01379523790279713,-0.023410981263009445,0.028554436669661953,59.56297307880045,-459.67795071540974,70.71502422229342,1.022657618537718,0.01747632956011633,0,-0.00547218943754336
TLT,day_250,0.024770198966734602,0.02933417893856438,-0.07468973285773428,23.000307454143368,-460.7758409475884,17.806841976614145,1.608494990127168,0.013811702597542365,-1,-0.02920848500807816
TLT,day_300,-0.005184586345212128,-0.02817559419090465,0.07264405394820583,58.16610347949076,-481.36716124292417,65.2518294556,1.2942901909272841,0.017267771335999025,1,0.03964481014994577
TLT,day_350,0.0024523386668338087,0.0230556746243189,0.08138636991501103,61.37452059229495,-559.9963041030766,82.75034844925999,1.097300229140907,0.012525077291498354,0,0.004849260739377029
TLT,day_400,0.013507794837540166,0.047200656342958114,0.1329837187236247,59.4847138303808,-618.637394343688,71.97611685293771,0.8996719111034758,0.018026339489030506,-1,-0.010261820390775512
TLT,day_450,0.011797420419548788,0.04874042339188889,0.006523032790452854,48.61232373718675,-699.3307123348109,55.15891143209469,0.8471980233967116,0.01422321063463384,1,0.03417304414090721
TLT,day_50,0.012774969489677046,-0.05728111236309641,0.18781271901563978,63.36542934928189,-60.06956953848168,61.21855503355461,0.902489471322189,0.033229122046327754,-1,-0.09444094834434386
TLT,day_100,-0.028514455250421844,0.006679454776367777,0.13242531062562435,73.10607124335819,-58.43933405429256,97.9838250785102,0.8969019805582255,0.026378501692882833,-1,-0.028508268506485825
TLT,day_150,0.06242463469486714,0.07988525222052245,0.1484652072492032,62.33379591388664,-60.47418355740348,82.28660499957499,1.5281500029308512,0.02655801787279717,-1,-0.12770128786618032
TLT,day_200,0.010416850809183087,0.007263322872386624,-0.05786756506705926,33.80373168916306,-56.84444961971579,18.77912549107119,0.5561809386664188,0.027703445484658053,-1,-0.057283775272890226
TLT,day_250,-0.0012008238931425774,-0.02676070567616251,-0.29626075681162023,36.366171629179135,-37.89419358823717,21.51720676646691,0.8663375906637267,0.03387146440196255,-1,-0.062315635282532277
TLT,day_300,-0.0017285169204525053,0.06242851619841194,0.2616810863560146,80.53827188917398,-33.931784628822804,96.9660773978515,0.9640688769577392,0.029132249157733447,-1,-0.03784944554460522
TLT,day_350,0.04544665820717575,0.04791348052227895,0.33813693075192885,70.79821141702794,-48.80912317124676,70.48947488313736,0.8135669496448945,0.03186769586779342,-1,-0.09671766459491529
TLT,day_400,-0.02366007757472588,-0.01038445990478809,-0.07801511745148304,41.730256366018175,-47.23245658676896,34.15341568519238,0.7758073561086195,0.028620630286616464,-1,-0.05297148082116757
TLT,day_450,0.007068941230561787,0.03120232403098666,-0.09224869222792931,38.39095847599364,-40.65898669939742,31.22707182986804,1.0513100442321643,0.03219313038668232,1,0.011643047794908436
TLT,day_50,0.04401563072557679,-0.04950438460964557,-0.017610742528572643,54.24744489629814,-443.2421416953454,30.18222402535112,1.1665812666363364,0.025967290513070593,1,0.09095905787305923
TLT,day_100,-0.02028846978426624,0.031301840852636875,0.01686583882076831,42.68042634912319,-520.4817447684816,47.086909092832265,0.8494520031046239,0.027102527731509483,1,0.05907567306935101
TLT,day_150,-0.013127037071651415,-0.015897919384316506,0.11859175918753273,63.86973699071936,-565.9478195784685,71.72531463228044,1.5574771305113748,0.025918987630942462,-1,-0.026621632173157755
TLT,day_200,0.003275393742744992,0.010453380462844386,-0.20137428491497655,25.603769503944676,-502.8505141647573,13.953625870651676,0.8293617133136744,0.026530363389282056,1,0.06263328990761102
TLT,day_250,-0.015251794495721893,0.048528125807680844,-0.09133559347688458,38.629740138766444,-452.18057778951095,37.890479581454095,1.337207746109122,0.030405788075589607,1,0.06140664331156998
TLT,day_300,0.007507899656771233,0.009248587977469747,0.19460747594362826,69.86270282523478,-440.47162966163006,78.87288184596983,0.9641462274190694,0.027423935391026947,-1,-0.113527888939161
TLT,day_350,0.016283652668099613,0.04401054774411062,0.12062822138351459,60.08219160408132,-382.91284951393726,75.08154108836915,1.0101999751900599,0.02718832071240819,-1,-0.09406239786169528
TLT,day_400,0.020894762255118104,0.06570043615738363,0.04382199625736738,39.75796431446318,-430.7703071016364,46.65465280199458,0.9440636163307817,0.024166723970260772,0,-0.006849829310623339
TLT,day_450,-0.027177764873981047,0.02255128299667475,0.10128986954064434,76.22643361948825,-468.0672001039423,96.69282141018336,1.1775447099088223,0.025980329902943716,1,0.10024629682766062
TLT,day_50,0.02624668239985306,0.005318768763306947,-0.007425849425997222,41.721148437454154,-85.17001784290319,18.008603408505476,1.2321169240567358,0.011544310911930195,0,-0.004063481478181917
TLT,day_100,-0.025568272372094802,-0.015195400986389274,-0.04546082389691308,49.510666683728644,-78.39346171652336,52.53142989788739,1.2410140510362202,0.010167213924763264,-1,-0.03595937725571479
TLT,day_150,-0.007056583269934635,-0.035493205829502994,-0.06267174105861761,41.86449874021475,-68.5746685535147,5.168085422644844,0.8520615185929381,0.010672788144244287,-1,-0.01800683053899493
TLT,day_200,-0.009666622145790393,-0.05421354290516733,-0.1061498991350519,19.83762976061952,-57.919496781875104,-1.7163855508673158,0.9785188731421322,0.011285173101838394,0,0.0054817291234648185
TLT,day_250,0.017691494946426634,0.010246631894279545,-0.08429812630905886,27.576366747782544,-53.11547267733936,16.87760554195925,1.1050089810848454,0.01097645696368347,1,0.01263814207085206
TLT,day_300,0.012175356936066306,-0.02744292798113135,-0.030141353477714072,26.962516988098955,-49.125327525137514,-4.108018143963851,0.883833938675877,0.01115497987175299,-1,-0.013700524227116167
TLT,day_350,0.0043719362885839,0.00394061770980958,0.06380155016456901,48.610446422434656,-49.27428536083963,58.499239217732516,0.8731792397062805,0.011602374761506476,-1,-0.017713235895780013
TLT,day_400,0.0036660593880659675,-0.007933251480382153,-0.02566565940116028,29.090099112508554,-48.13358361469394,6.88854193948964,1.1220637190073925,0.01004906571501991,-1,-0.018929030159899846
TLT,day_450,0.003976736914048207,0.004304580626184551,0.05708845850369593,73.75777872730689,-46.287106805816634,80.98891934469692,1.267965617689586,0.009606163900307114,-1,-0.014291088840162449
TLT,day_50,0.003414178149122815,0.026814132661209023,0.10468442353090834,72.12799728084948,-335.5373764252742,83.21761193740798,1.4785841596886544,0.014832842863440323,1,0.06407885928254117
TLT,day_100,0.0006847115771730916,0.006351841371813327,0.03285943861311402,38.004635844309554,-361.39173993342945,41.36804764759482,1.1870336051650985,0.012126388581916628,0,-0.004751408328444233
TLT,day_150,0.020351047622830576,0.05349865113311103,0.008335050738524474,36.215720237781674,-339.6307479909708,47.81280962032376,1.1618113039026694,0.013510887213240806,0,-0.007538611186253294
TLT,day_200,0.0024916963031944572,-0.009519144204101826,0.03049517273579827,45.718585930547384,-348.85242574899905,43.82702859163793,1.1469814013870139,0.011966184472670054,-1,-0.028035384752467425
TLT,day_250,-8.36511359534331e-05,0.05770974066891088,0.07000544302094891,61.816262674604296,-336.9397859620604,116.70882566363711,0.9747154819732557,0.0110424568566757,0,0.0039207749636273005
TLT,day_300,-0.02214565147449088,-0.007991322731182304,-0.056369958217954874,52.48963248397032,-325.9428310762662,62.4147516570134,0.9758074779833672,0.013495790404249508,0,0.007503994084952182
TLT,day_350,-0.009702072796044736,-0.03354704601885883,-0.03255418188638104,34.41082350384217,-304.4070113902371,4.313973826681106,1.1336364442907683,0.01167133963022479,1,0.02071408734153406
TLT,day_400,-0.017050931838054395,-0.04150962408287895,-0.0959407009265072,41.67064529899904,-241.62121782756847,13.603562482479111,1.0094103635335128,0.016116267112996206,0,0.0007769168743243615
TLT,day_450,0.024798961777005912,0.016574698294815615,0.00990025702918862,43.05823629842457,-194.05890439992731,36.91478285254848,0.9573659874664403,0.01201279006109535,-1,-0.025306469281570924
TLT,day_50,-0.002102531426494081,-0.02787159054209154,-0.11793021561625883,33.01204041740728,-568.4545513244246,13.739459508053676,1.0908060058888116,0.03914356224512646,1,0.07978213316844637
TLT,day_100,-0.03002760709100949,-0.03667365132321909,-0.18111126357198115,43.64479466975379,-457.87342872600294,16.46862648422316,1.080424738559146,0.04141268660793922,-1,-0.03559793223129528
TLT,day_150,-0.04679543243083972,-0.006617452025142745,-0.08475612258307763,60.49758852374386,-396.5929223654051,79.20167155645747,0.7526140658212267,0.03450978652649474,1,0.0173603779293573
TLT,day_200,0.05292068306150943,0.1579349734350013,0.10359929071918073,66.4005021346967,-385.8245749812315,111.51632992282879,0.6820776989052577,0.04068212880875592,-1,-0.12562244215485938
TLT,day_250,0.032699620245947525,0.07793187252903166,0.23147947032188743,87.15571819026883,-432.54818714760944,86.96647331116272,0.7305319988613077,0.04396183901992473,1,0.11368179090937519
TLT,day_300,0.045271688922146947,0.09022279910645148,-0.06599807010537606,38.38820742883993,-539.1219807388177,9.993713809446582,0.6994504430822124,0.03893150815500493,-1,-0.10697169835579964
TLT,day_350,-0.023875463232373884,0.03912682411889312,-0.1493275024841274,44.226141283543406,-326.346208423127,53.66272179568563,0.98409539316796,0.03251266046424134,1,0.02402227094659717
TLT,day_400,0.017318139782527497,0.09029863727645648,0.07128682299770084,52.2951484635698,-303.52669995051053,63.25464753273874,1.103167012392247,0.03762026721246259,-1,-0.15652835808199003
TLT,day_450,-0.03800370355644722,-0.0243367712888386,-0.1718615142888057,30.696336899775446,-333.0080025683414,24.391861471963264,0.9794070668236982,0.036711053852644594,0,0.007483420078079781
TLT,day_50,0.008685975816564273,0.07488856598492322,0.14070692606987834,70.30433378513789,-395.26820022955496,104.58839071757502,0.8509034527018595,0.024935851089680144,-1,-0.027650751126493636
TLT,day_100,0.009419950138561894,0.08280277864226582,-0.09484707704447659,45.07746794692584,-396.81320477384094,50.581832031087984,0.8860526345392713,0.02972755448237683,1,0.06690035224242798
TLT,day_150,0.06786457604292373,0.017201440475671292,-0.10378679221614495,27.223033420914845,-357.7465455111205,9.43810328559863,0.9764291878069703,0.027095419962440154,0,-0.007888177040497442
TLT,day_200,-0.011393364306726106,0.07202627712851384,0.03871713952778033,62.56264772911348,-389.8558127977861,120.84033528740818,0.7343568451936445,0.029666230048018667,0,-0.008204144684629395
TLT,day_250,-0.022671258364228786,0.006332504374032988,0.05681141279277013,54.33931097669888,-394.15229591887305,79.62943901660921,0.8738720590139636,0.025545768573699324,-1,-0.047324615697250265
TLT,day_300,0.007938351988666215,-0.01580103737577465,-0.0717248276834862,55.6756298746706,-329.11979918842485,55.326156778737754,0.8813885271018651,0.025633397926057202,1,0.07681467461770577
TLT,day_350,-0.039885801143958566,-0.0683877785826923,-0.021182273166947763,60.1396285429794,-375.4180915089281,61.92835458950773,0.8460426489160856,0.02483902456977483,1,0.01807348900005415
TLT,day_400,-0.016751390410124856,-0.036501712552646226,-0.1851401430944457,29.81104579868385,-316.8022974051471,17.60663830915083,1.0541519622286126,0.029031856027445794,1,0.05809316140439806
TLT,day_450,-0.02576027896853672,-0.09638932057867267,0.13703955859712158,54.823209901764905,-377.2316629194806,55.606512687054575,1.040863022610952,0.031527280918194,-1,-0.12619501907436265
TLT,day_50,0.04993445098796001,0.04357235189706188,0.08398073919083449,60.12050563609548,-167.5874633660626,70.986099662645,0.7955318421305734,0.019589948833090842,0,-0.006587958232714249
TLT,day_100,0.0021007939539736675,-0.030510257794361118,-0.0898442297278017,39.491348998674056,-143.24850539892677,10.921304353584024,0.9429000802841134,0.019318267693438324,-1,-0.05820261037640025
TLT,day_150,0.026912753729105843,0.15212082828830464,0.13076151508447875,75.3698708191926,-129.93863999598574,115.24156145649746,0.6949277238906137,0.023653091950570974,0,-0.008867839663955528
TLT,day_200,0.03682925491054667,0.023624577133338542,-0.04890226158377953,54.5392804085417,-147.458100905378,53.100808504800476,0.7898757221555767,0.024071614439330136,-1,-0.05367895689434866
TLT,day_250,-0.02114308823484712,-0.004660275191253893,0.07005111532986485,53.911633568683584,-171.31109658774304,78.14879065387956,0.9332029458734924,0.01880958090667888,-1,-0.07876193130956871
TLT,day_300,-0.032226306746988564,-0.01269107493783872,-0.06542647940109658,50.203999209400855,-133.45538334346497,51.10302174065653,1.3084471271366023,0.02327570594053353,-1,-0.019980314088824055
TLT,day_350,0.007945851621584454,-0.04076668871458089,-0.22073125389518822,12.55228432037353,-104.0829853545282,17.402093589275957,1.0554304106251715,0.02660156698478386,1,0.044480042807510105
TLT,day_400,0.011693128304153255,0.09435372329274805,0.22339009691305223,83.0840407353137,-94.7253675629204,104.4158667208767,1.0006551444195797,0.02272901325983436,1,0.12219547201809883
TLT,day_450,-0.016499850351117007,0.019619248323614613,0.05431533405660538,67.63040984197242,-123.56651043823338,101.47774546867426,0.7403674192595915,0.025437263954050507,-1,-0.013110438588611054
TLT,day_50,0.005709191155058635,0.01716537393465889,0.02584271383400294,48.833059841282,-69.33478138545091,54.02530114664599,1.1420281364879634,0.022940527979511873,0,0.007904901742056146
TLT,day_100,-0.005071669127840739,-0.02445973116889477,-0.17491418431555728,33.96838687000016,-61.03691434342712,14.757497315609339,1.0939191688898398,0.027014033384668824,1,0.027811449411991613
TLT,day_150,0.022854922541422074,-0.0035686968168268107,-0.10826351616730068,39.80185609324745,-47.21037883498704,18.27101837269818,1.16411049523179,0.024396629028250245,1,0.05809041634592611
TLT,day_200,0.00984016809146504,0.002885357458521476,-0.10494286771469619,34.810851504247,-44.80828819058266,11.930233934954053,0.9296561496416906,0.0308344943161597,-1,-0.03032099835657983
TLT,day_250,-0.04406936782892268,-0.029741696199941492,0.060043425108956994,59.26185713653077,-44.391347114270324,76.90991470364436,1.059117720577679,0.023823043124629923,-1,-0.013341200134531422
TLT,day_300,-0.011692553441827624,-0.06254762135275638,-0.20169388192576787,30.005334950797277,-39.887595119281016,23.428246511203046,1.0948336923143884,0.031010383834983973,-1,-0.06790870602378336
TLT,day_350,-0.0029120850150109456,-0.05137210604103992,-0.04117939255267433,37.6164425804405,-33.94450075324775,1.1737624178051524,0.9384777376282539,0.029998744528696976,-1,-0.07778110923915155
TLT,day_400,-0.03520017947487053,0.02567997833199054,0.0018919833690216326,64.97274631570356,-27.676560460411313,82.97412381161261,1.063671344853249,0.026840391042019494,1,0.010922126050062986
TLT,day_450,0.0014010157265336165,0.03201855594484959,0.021832784968729868,55.81121917635038,-21.94730338493068,74.14719326429467,0.9283161828512331,0.024729739564808242,-1,-0.03293340106056848
TLT,day_50,-0.005912829406828579,-0.052007721950879104,-0.03689664589741459,50.16709905686468,-175.9625645629311,26.33265747918245,0.7972818168277218,0.03548963679178507,-1,-0.05548703869760797
TLT,day_100,0.027229259061251065,-0.06756674846207467,-0.3629173482844904,12.293651517788703,-111.61216260441837,16.7987757383365,0.9647396195288035,0.03651713036032567,1,0.14682138382103438
TLT,day_150,-0.010927372439353378,-0.06984414360164659,-0.002248559690450347,45.86060231265654,-110.5148338537904,19.21036517456257,1.4049529640676452,0.030996364438508273,-1,-0.10394429832205329
TLT,day_200,-0.024067145377280608,-0.03501503774244841,0.13359576522500305,78.59961480688536,-94.33229692795003,82.97866929399198,1.3201630341141424,0.02838737597273087,-1,-0.041647568126777924
TLT,day_250,0.031866761719564485,-0.005331776547521705,0.10421992034838867,55.776702441890386,-68.73673848329378,47.891231497805734,0.9664593563067793,0.031852801113227296,-1,-0.04983435208412406
TLT,day_300,0.026157051588138414,-0.08213377070221461,0.03528791253447072,43.62615311045759,-77.80292005835459,19.284749416809927,0.9350244342218746,0.033177164002920506,-1,-0.05840829636006965
TLT,day_350,0.0016407792300210389,-0.002390060760819379,-0.20449178786756905,26.13295776123786,-66.2139549577314,30.444661628740395,1.1533196184488572,0.03299181470330969,1,0.031099237327679653
TLT,day_400,0.00579829971421808,-0.0053658560903201424,0.2879326569610354,66.11870874360771,-66.25340476816623,63.58651145071974,0.7685893446271962,0.028778055747676008,1,0.053143180461575394
TLT,day_450,-0.013256210650386291,0.07556807234620266,0.06521712757827003,62.00878716161595,-59.003902472089635,108.17582471368654,0.8801575566324481,0.034645860967967304,1,0.01511817990589581
TLT,day_50,-0.0036742146585668767,0.06641371457036005,0.14883414920325144,60.57465009293887,-390.7254334983758,120.7974397242675,0.9591234618437288,0.022295988602821535,-1,-0.029801611773982634
TLT,day_100,0.00826647911562528,0.04012949014340417,-0.0833048738646821,46.24945718246209,-307.52950864050854,33.47886152667215,0.7074673132489994,0.021345074942142054,-1,-0.09583902466553453
TLT,day_150,-0.00380464690085236,-0.004184105262598603,0.09361192903724924,72.28205691020827,-330.9821811293596,66.77650900193991,0.754301644855149,0.02706896392067131,1,0.012426619077024905
TLT,day_200,-0.009563062141115575,0.0020427556276085834,0.00847314976062763,44.21505687299923,-427.42543747239716,38.19505489918769,0.831986799132003,0.02304251836650658,1,0.0240860926548209
TLT,day_250,-0.060139506176104085,-0.05710097676671633,-0.12824776983274633,54.47316407711907,-415.8430880715146,45.241366694369034,1.4980226560663412,0.020331974914422294,-1,-0.01639231910015855
TLT,day_300,0.01219653915276564,0.03940449078793784,0.04044585142839452,51.05312033923496,-408.6725063198835,56.35760704320464,1.2861834744893361,0.026959445257786003,-1,-0.06681823203940589
TLT,day_350,0.012348262715506264,0.0992847071024412,-0.10723388438930948,45.537218514992105,-411.7632149949893,48.165301066255296,0.6619643436143697,0.024638222989173245,-1,-0.05103121318469069
TLT,day_400,0.019642976694768555,-0.004076077240045328,0.26385333809718325,78.69505087816023,-383.69900115105077,76.02746376724346,0.7900821979807691,0.029420263007805907,-1,-0.05277979315569694
TLT,day_450,0.019788905716303873,0.11083880940735025,-0.04220393465425121,55.41036557991322,-333.3097186188462,66.15886122722942,1.005644373721127,0.025131351906262263,-1,-0.09653000374374068
TLT,day_50,0.026995715294968914,-0.0016462653447605335,-0.0633107004193284,20.614264445804068,-463.9734603739697,16.07797955537411,1.178152780183109,0.018944625774094663,-1,-0.06279405949490968
TLT,day_100,0.04430856567964381,0.03290634320482577,-0.053922064548503235,30.68917167333089,-441.8627037355276,11.01182997138005,0.8616375075094276,0.019639946319086714,-1,-0.09771281747107385
TLT,day_150,0.0028074463980773956,-0.02814582573966995,0.017000011684153993,56.04705608739412,-456.08807631689734,38.162957939934486,0.9580383947863191,0.019185763064661375,1,0.013433389007657247
TLT,day_200,0.00964340907613992,-0.07140937976555206,-0.15453881949086568,11.79753395118793,-398.48553935818927,-3.6702229266586124,1.311471149654138,0.02066240679457359,0,-0.00416017251173381
TLT,day_250,0.02529453217097921,-0.004996624741257172,0.08668138415203774,52.21133563757931,-378.56229036069374,59.573157963985004,1.55933665185459,0.01971655431459265,-1,-0.019727534918626544
TLT,day_300,-0.0050899109013802235,-0.010849546331016202,-0.0188229042667436,55.708591147360266,-414.27487054032633,60.31838742785885,1.1147345375878892,0.019950983935209245,1,0.047496875781846686
TLT,day_350,0.007968123976256347,-0.012991267163781517,-0.09117297433499372,36.383853447991825,-403.40827434312376,31.24465470197371,1.1180859117442565,0.01818670547342593,1,0.05015492597765465
TLT,day_400,0.0067621463443705565,0.025085628650365344,0.1540566701927366,71.84090789854665,-458.19048549152956,86.57687077889494,1.0247402297461585,0.01934958322151202,1,0.017189843206804823
TLT,day_450,0.036789614314512775,0.05740087649159631,0.0293885971420369,37.91571467609984,-538.7029353482834,43.31207939699031,1.0354384171010107,0.020965302457367056,-1,-0.03853432912674847
TLT,day_50,-0.06433670626609367,-0.12188734258527867,-0.3213062105174297,22.73175152665482,-264.57063413604885,16.308040956795015,1.0323034668372395,0.03234751226995415,-1,-0.03134004470239015
TLT,day_100,-0.021902914992840472,-0.004250382437156031,-0.020411827450095843,59.80522565869019,-214.42183909557642,73.29276242726354,1.0087704420377515,0.03266744961964085,-1,-0.15630722020452548
TLT,day_150,-0.04632299052138478,0.028259473250240585,-0.14971035483483963,32.9328549513656,-131.6905604667465,35.92276552376026,1.1123978261692826,0.03179654924428589,-1,-0.10452483619985178
TLT,day_200,0.023863739654908844,-0.057999466126193,0.030197048833766837,25.440108790197186,-110.42799739629423,14.030021580039406,1.3615492059863898,0.024500477101273083,0,-0.008647261813213257
TLT,day_250,-0.048360039349928496,-0.12733880224487792,-0.10835253547443979,41.20441244454209,-94.05087422974373,-9.866018692364612,1.464879889537919,0.029586460724977358,1,0.04732985155476455
TLT,day_300,-0.049809200533505904,-0.11427908436481926,-0.16940757493744774,41.344382192077894,-59.589364991046715,8.581354310551902,0.846275638683391,0.03063618893011703,1,0.05600233575503668
TLT,day_350,-0.00013245492234292833,-0.04805019744422956,-0.1463565338966749,33.14789943071409,-49.251612074998015,8.025587772822043,1.0785610131698753,0.024342165360027646,1,0.05751947997014913
TLT,day_400,-0.0030373986663680963,-0.03753231771888399,-0.08216028985996315,44.31939262848367,-46.210114159464695,1.69448535566757,0.8406551465677015,0.028658181841475033,1,0.019565249601282513
TLT,day_450,-0.03344090285715284,-0.0851865600145949,-0.18409090651747895,29.83375919746291,-41.252249123419176,9.869073178405992,0.8195739101965918,0.032409790317936144,-1,-0.04379909478688122
TLT,day_50,-0.002527949632214699,-0.0353552872084405,0.0015779174298538035,51.369764387940464,-531.3661831181637,28.636720635930562,1.353969360892633,0.012877520240688363,1,0.048939639900973365
TLT,day_100,-0.013293578737530676,0.02731147881652851,0.09479340015402538,90.70684718621567,-536.5674445357816,91.6714643318922,0.8947760746622369,0.013111947393135108,-1,-0.0289038655081418
TLT,day_150,0.027413147294930607,0.058642558736094585,0.04773862702157117,45.596891336818246,-510.9994239041347,68.34057648966866,0.8278324203218208,0.012482889028918951,0,-0.00508159689700487
TLT,day_200,-0.016506904571229275,0.012981965685417984,-0.03751933384110728,36.59604108274639,-550.1129860250009,45.5309516812198,1.2301326889588924,0.010745196334468396,0,-0.006332417737878808
TLT,day_250,-0.0026230569275074167,-0.004346947135135726,0.10075235056970344,58.02280356899484,-614.6811100540161,84.11474478597498,0.8953649023925354,0.014609834775615846,-1,-0.04932463362952772
TLT,day_300,0.023238781752896953,-0.05372554862548695,0.009414029874383445,59.235752728333225,-546.1289129597826,38.91003034785842,1.0712621246798757,0.014393565467208196,0,0.00023339479112026952
TLT,day_350,-0.004558405995175985,-0.023640360765275426,0.02689738486131077,50.00713485406076,-523.7445142402687,31.8502321718659,0.9799423860633499,0.016002362136451342,-1,-0.053656701222128296
TLT,day_400,-0.002178716794710045,0.009039709834778309,-0.062094453068830435,45.054392347270436,-438.06802707858776,17.736000263958704,0.7162713950269505,0.013263029481618196,1,0.032692556179087486
TLT,day_450,-0.0008295967652592884,0.0013093904910956855,-0.05244463294686208,33.111191398868286,-381.76237450912265,10.764409406184106,1.033835981732665,0.0131083815674856,-1,-0.02140363358602098
TLT,day_50,-0.005012537061655498,-0.03948464559325926,-0.1583546116714406,26.321572670798574,-391.5541815167794,14.420508079549926,0.9689174609864342,0.019630938704347716,0,-0.004576620660725567
TLT,day_100,0.005731205947124618,0.042288601038642515,-0.04669547902289939,43.90652098300199,-314.86736118383294,45.44745785633191,0.9104122124946801,0.019821207612471043,1,0.023241949000583295
TLT,day_150,0.002188309124852461,-0.01826130356224509,-0.10992837128483457,27.389372415850346,-289.8619895472879,13.353847679698235,1.4863940148956911,0.01737725668969901,-1,-0.048908745615393184
TLT,day_200,0.00048298640013944016,-0.0379281783520562,-0.14993606029326234,19.01660342207279,-220.3233494120783,16.077189824726315,1.3699778885205138,0.0156223607304003,-1,-0.03248598046404139
TLT,day_250,0.008261444934213769,0.02604021964565484,-0.10533945615100537,28.27145157241867,-156.9107027999438,28.748733892224475,1.275809244807759,0.015786392852424343,-1,-0.016328112784278485
TLT,day_300,-0.011914191239668193,-0.04389334220291785,-0.06038472672127693,33.55362473719566,-127.18825088413746,4.579770483183423,0.7919845418505007,0.017797698966961126,0,0.0007096233754848347
TLT,day_350,-0.01824024791604495,-0.041329472851447946,-0.17607021574294568,12.97277765779657,-107.62468679421002,7.308566510403666,1.1149426232152195,0.015099208386317795,-1,-0.08102846049723704
TLT,day_400,0.001054343411904135,0.0005503115571867667,0.0002761319538118201,48.72532437681121,-75.40211781888084,54.42254444438475,0.9513728294061032,0.020482795163102138,-1,-0.09394252517789027
TLT,day_450,0.014728410588000118,0.031147898020888576,-0.004770836672124967,43.71863391045079,-65.57961468906113,37.33445171611989,0.8888909511134875,0.019963687206803967,1,0.05188742925699048
TLT,day_50,-0.031050120146161375,-0.0866662831297067,-0.12418134731160879,30.818306728353818,-407.2501611600146,-4.680899760507841,0.8097067877851786,0.016488917756260473,0,-0.004124943222376883
TLT,day_100,0.03065917263469564,0.02691431134621003,0.07327843105245102,62.948862785148506,-360.7199977012354,58.721906553346855,0.8954886071008226,0.0171139322326891,-1,-0.028580209244774037
TLT,day_150,-0.004120305016909631,-0.023418407080967096,0.018482998053988453,54.61501426359335,-333.42347352441806,52.59772896171403,1.0034587833127748,0.01473023566741309,-1,-0.03324182229370461
TLT,day_200,-0.009145811242118551,0.006401881617532634,-0.040963796330779956,44.8072134633307,-303.77437132119934,53.47886438451701,1.0881675591541529,0.01343947870736306,-1,-0.04219729068465285
TLT,day_250,0.008484696421063864,-0.01406221367089433,-0.0849137518335269,23.330067141602726,-258.5173189142214,5.830079192252174,1.191897586305145,0.015931551810169746,0,0.006815855152568994
TLT,day_300,0.016753790253110745,0.0417809340666091,0.07784007166422069,58.781911747146054,-235.99130689779125,92.85222661019628,1.0411452391476637,0.01653680283622861,-1,-0.01295949071723755
TLT,day_350,-0.025860082884685665,-0.05819735261002512,0.009239928347746673,69.31857083826314,-222.40065966020478,61.93662489060894,1.0751845584657667,0.01709202495892311,1,0.02619020134822968
TLT,day_400,0.017044315665197596,0.012128203667111537,0.020948923980090184,52.15913978722443,-230.28796312122103,46.75977281845292,0.7740752421260809,0.013963255125091624,-1,-0.013138342586432062
TLT,day_450,-0.011333429464073674,-0.02376343420727889,-0.04648612092229876,46.0537135137389,-203.32214267039876,7.232648713277904,0.8672107209881437,0.01523620416629256,1,0.06150605691362861
TLT,day_50,0.020397147169021412,0.030713044034669235,-0.05433277978945705,43.773527095622974,-73.24039394215832,21.79082608547621,0.7464915708808059,0.0318849727737132,-1,-0.012377175762930992
TLT,day_100,-0.03433004632610248,-0.06537701921651184,-0.16397806721150487,37.45149036296242,-64.3181604284471,8.511482974130216,0.953314154164271,0.032950478712801635,-1,-0.18287420067965024
TLT,day_150,-0.04726601022972865,-0.05099881363410208,-0.045970284438490605,39.49480729158814,-45.77639824756193,24.54308654893495,0.7899897922268116,0.03626719258705846,0,0.002478066503299438
TLT,day_200,0.046675219490272646,0.05565439041527909,0.19047099861339722,65.1224634051637,-47.242106565876654,62.81157244886623,1.1719383443194074,0.0369403746044297,-1,-0.024188613932368035
TLT,day_250,0.03473753845728633,0.059804162961927254,0.007234428879451693,60.82475102314551,-44.801426241763714,89.7150646617693,1.1713101966537272,0.034213840232816865,-1,-0.015279708135776506
TLT,day_300,-0.007543726074850543,-0.1077650313180194,0.14662111413622525,62.14521411111293,-50.9471589304977,60.52658462653928,0.9181740020388778,0.034653244092121296,-1,-0.12482717751391076
TLT,day_350,0.010098237861300596,0.05771102561277752,0.13063374002151007,81.75575042837431,-36.105169284699095,96.7561547098408,1.198635402360869,0.032600674584669254,1,0.05859265209475578
TLT,day_400,0.06632455434490803,0.1563550301230432,0.15097285652979875,62.786561638547006,-33.871270101448246,90.58553649903722,1.39975771837561,0.034139842610888024,1,0.13919998593691152
TLT,day_450,-0.002687778549599007,0.05518948133913959,-0.018066607973125093,66.60580934528448,-34.4287178138171,93.72282667368592,0.8304462800535137,0.03125857075742065,-1,-0.14889272030578962
TLT,day_50,0.00501895864080848,-0.10579985010683457,-0.11336599302225392,25.805519855019483,-56.20060356371786,14.511026755914747,1.1108997251930126,0.030914809451570626,-1,-0.043814955137978326
TLT,day_100,-0.052379957762151985,-0.019447039358638674,-0.20704222488998647,24.23403599719785,-50.91727760549179,27.8076270608651,1.0566201718911423,0.033541308359238034,-1,-0.03333580331405733
TLT,day_150,0.012340058702712042,0.07818832934005449,-0.006914303298179547,52.30785931654903,-46.35629298609792,65.80158475111386,1.086051362080451,0.0341933154119187,0,-0.002596646367901253
TLT,day_200,-0.05992863577347429,-0.13216871202824265,-0.08214228177805427,34.17770343122656,-46.9906360070879,10.80672674238402,0.8339293733794635,0.035827310222637805,1,0.014361193478333737
TLT,day_250,0.005595842783594929,0.04433513541701006,0.02612494640020624,46.65929216352481,-43.746666130509595,61.65702736447724,1.017021343942926,0.032888419103047864,1,0.11544099361337443
TLT,day_300,0.027465601026074093,0.0724437332409984,0.11274045186857684,71.57068026371141,-59.605707035286315,88.47595904373136,0.9260989170494484,0.034767771036963595,-1,-0.043962952837638486
TLT,day_350,-0.026525985469400326,0.027801947735220933,-0.06416431549810186,49.425487679017856,-38.128104895454676,51.25688694661667,0.9632551816227322,0.0285230927097965,-1,-0.07333612037107204
TLT,day_400,0.025810423669378135,-0.01239996151247702,-0.04795630669365669,57.34365290651944,-41.11561358168183,42.231110065912816,1.086517156738473,0.030552014775124477,-1,-0.15751154135644743
TLT,day_450,-0.020877307619275975,-0.05969239999015197,-0.014982096887765306,52.49548525367187,-37.90490190561656,35.68062964315942,0.9033485231129307,0.03310526108359724,-1,-0.10884638531688721
TLT,day_50,0.036296361997005366,0.028244192684494518,0.07789210931605761,43.00902117796814,-315.3816709156605,42.861057902655126,1.0347713249000352,0.02224820993790251,-1,-0.0677014504268488
TLT,day_100,-0.00902755724701676,0.08694744596829307,-0.028644427513484505,52.99752258883904,-291.3043490554813,62.083798853182834,0.8083904361662924,0.02615627183028759,0,-0.006285749916399387
TLT,day_150,-0.0035799103036090463,0.05126811664609687,0.11819676957596648,87.47435344570812,-380.15612183620124,97.58295352930931,1.6872491304649402,0.017729406002096822,1,0.05531152151673
TLT,day_200,0.014619967468053163,0.07807303693954881,0.08495735914266445,67.62137481512657,-395.0318200706691,113.99727090562904,1.059064796421785,0.021924953045573188,1,0.02411731752263502
TLT,day_250,-0.04269975027186779,-0.0199889331970019,-0.07135017693346768,42.8408361155549,-367.30691816012313,20.161896533465786,0.9882949030116236,0.02197893648604558,1,0.04526657446208031
TLT,day_300,-0.015499065944041823,-0.04772637697587123,0.0736163765870923,62.170689392250004,-427.2786243132882,59.19371051648352,1.206357980756743,0.018971466306769283,-1,-0.03855132002942781
TLT,day_350,0.006691584800443406,0.03421354112755326,0.13519732467068235,73.66678653876185,-480.24164735540785,92.3628417700208,1.2745298101464824,0.021550832213703998,-1,-0.05700767355429021
TLT,day_400,-0.02168195583498289,0.01820429792079592,-0.12462330979763758,42.988473302475754,-432.70922010481405,49.39764079946575,0.7315108931639979,0.019503383514380294,-1,-0.03328935689124979
TLT,day_450,9.676334661046226e-05,-0.039157897865031654,-0.0555699203740162,38.56222325782627,-424.43602123812286,-1.8960981737577938,0.7739954538684318,0.0225984322693082,-1,-0.027631705472305545
TLT,day_50,-0.013436030093250007,-0.03979833434307223,0.08769441846160153,65.7942623822144,-97.72382958898707,69.04624201415011,1.0019235608404045,0.019069574411052302,1,0.03227719513730138
TLT,day_100,0.004514503088339117,-0.006622460603524227,-0.06267157796277656,24.39689865588508,-83.4117731965832,20.36303041168213,0.9392331615330748,0.018703950295453582,1,0.05357771157964001
TLT,day_150,-0.03869087356610279,0.019426601942340804,0.09620498837382518,67.92276468187868,-95.23813244793818,99.76126757352488,0.7886751517511471,0.017707527319772588,0,0.002212605048325795
TLT,day_200,-0.03083581285048631,-0.0081336325798963,0.07505911852993341,50.61417986439426,-119.21551543975538,56.01067370886159,1.0738414351378978,0.018706782150379235,1,0.027799953324729402
TLT,day_250,-0.01565381328094395,-0.024551301406762982,-0.0018146643462990664,54.18492962860395,-137.40509333431936,48.714589480203344,0.8848836026701579,0.01938607265157681,-1,-0.08446616355449413
TLT,day_300,-0.0013642925529561145,0.04306997275986202,0.06382979659325838,80.43585629576418,-137.01369139799067,100.36054969776731,1.334233674287819,0.01929965595527299,1,0.010381809451267963
TLT,day_350,-0.002218575603453732,0.00703174252407579,-0.017645111205187636,45.21266458888514,-146.8789220792087,27.06505891136152,1.2745734090631486,0.019599144236464444,-1,-0.0494169183318306
TLT,day_400,0.0003692380363085057,0.010519396368207534,-0.0626913173378113,35.97502188208564,-128.12847686802394,27.366648548752536,0.7900341234996885,0.01522573752731422,-1,-0.08217495691655477
TLT,day_450,-0.027766703975066087,-0.019193753023764804,-0.06179946256846269,39.15064714684436,-94.93412779067668,38.598285298093884,0.9440776904075209,0.015841583812290432,0,0.009234104415262411
TLT,day_50,-0.008149699564273916,-0.01918031088397809,-0.010906353270315527,51.158266684926815,-181.08135512368708,42.10425454923447,1.0394067463993992,0.011540628342596643,1,0.04571851962867001
TLT,day_100,0.007574613757571624,0.009111085342235592,-0.03962511625864018,29.650336744925056,-180.49942309928113,13.2727602088306,0.798399806117156,0.012770176714942896,-1,-0.015783796053231377
TLT,day_150,0.0007623126633646837,0.006933755492453786,0.01067689281278783,50.86232743818893,-161.0398186473591,83.52761084532665,1.029869258382615,0.0088733894490012,0,-0.0036437863374827934
TLT,day_200,-0.0070406361004415885,-0.0030697141220134005,0.02241753030947269,48.67303643468913,-139.19053738266484,84.64939452041138,0.791810131016956,0.011482309821334604,-1,-0.012129581812434074
TLT,day_250,0.00954481561719156,0.0043934212759748625,-0.028149733590389303,36.44470707460925,-134.93400816850507,24.107274749256945,0.6950268210897086,0.009645249116877645,1,0.022625690962137346
TLT,day_300,-0.004196219860183925,0.011008159941103823,-0.0006076815300347649,74.88570544467433,-138.21100624092924,80.98764887170479,1.342213631872399,0.009734005760282655,0,0.009988254207544482
TLT,day_350,0.020462578101364537,0.07655444026752267,0.0775012437281768,61.97731098517959,-143.66375619060696,111.76365896539589,1.2244137950932343,0.008940417792564867,1,0.016012682408693305
TLT,day_400,-0.007159659873621549,-0.0013246040815336757,0.035668820112638056,71.53409917316993,-161.24287009592945,72.35282415031189,0.8479164617364012,0.00961027590458393,1,0.02321104156727802
TLT,day_450,-0.004773042114770143,-0.009420995582985703,-0.027099413878514667,55.60013429255492,-151.25035225066597,65.69238661594235,1.095841238586114,0.01165656847711334,1,0.023740375843141547
GLD,day_50,-0.016540385927772072,0.01357048078141121,-0.0071098596642477085,57.735973825401636,-688.3521545413284,64.05031966347667,1.1958916657019345,0.03153628300794661,1,0.11624478095292812
GLD,day_100,-0.03292037992118391,-0.09340855720058927,-0.11539857632488038,41.76762850026977,-813.7698327122782,30.139593030733288,1.395507777168066,0.0309210767127975,-1,-0.08423564699007952
GLD,day_150,0.03592968427949028,-0.018662727987286853,-0.13604289634051991,27.95104609523895,-701.1203109579836,5.516659421409094,1.048502547657094,0.03146756536329063,-1,-0.06977025327889654
GLD,day_200,-0.030482183299244237,-0.10225151444569491,-0.17526036382876442,28.080141387196008,-524.6072303544481,8.547521663747244,1.288010449258214,0.03212906745222222,1,0.045600471787673014
GLD,day_250,-0.027451104527532744,-0.03616727987658308,-0.26118585849542597,19.65404181779057,-430.2427901575224,20.290177093032053,0.9002502954295557,0.03259137390523052,1,0.04912115093295239
GLD,day_300,-0.018660310776486555,-0.01859093063608752,-0.12280570271004543,21.154274260314466,-372.51872340057304,17.942751585872372,0.9428199147888447,0.025220959119214716,-1,-0.039588515320035926
GLD,day_350,0.00797470373241893,0.09350843863417868,0.17821774983669325,71.93207803857884,-329.7603423086167,96.57140530801496,0.858603044197422,0.02850589702977846,0,-0.006357782761376611
GLD,day_400,0.0040416049796265785,0.08040709629319687,-0.14757336513140495,36.61897469735087,-279.014236025086,35.26128518844253,0.8504970951260376,0.027532237492898726,-1,-0.10270507638002374
GLD,day_450,0.018190155053143142,0.08697943847166711,0.03208032898605495,46.631435806757935,-200.82296608343646,67.03650334600061,1.2599052753463424,0.028829671626550896,-1,-0.03505397307438152
GLD,day_50,-0.07183094689030656,0.020048322904448135,-0.19957267770261777,43.14161349220119,-243.18020083613573,47.75187293433128,0.9729457957489455,0.03340857553643154,1,0.04334763047450359
GLD,day_100,0.025272595169462342,0.06578759622157149,-0.04729065244600206,41.95828687735791,-207.70100344152416,33.81085801403069,1.3175064692302696,0.02586385568367202,-1,-0.1312950175322441
GLD,day_150,0.05863148469757862,-0.0312962310454985,0.28006097678347497,66.68546453030922,-195.587277274139,54.276988003579,0.9298846955472192,0.03274756499170473,1,0.04468458299925758
GLD,day_200,0.029650325328959504,0.08323605517412358,-0.030634223309669695,51.937536008158474,-225.12789797467877,66.44854320996704,1.055164656293558,0.03458182011385298,-1,-0.02248974994192511
GLD,day_250,-0.009679571749787952,-0.06245552905585172,-0.13964315564772234,40.67565665586045,-198.69062679449894,15.443212404882312,0.7918776047151562,0.03262999085054463,1,0.11038404156003348
GLD,day_300,0.033373958130493264,-0.019770338572730584,0.07912510063173128,60.24377829356186,-269.15224949388386,57.90436963416503,1.1260148714192655,0.03580991604213081,1,0.03203150576279981
GLD,day_350,0.012759444248181095,0.023158758011682323,-0.09255335145167298,51.28740101336147,-296.96224466031265,50.19806783881059,1.3262927553053205,0.032950560953417946,-1,-0.026257537276648698
GLD,day_400,0.04408726418265618,0.09393164838155865,0.203878886228958,71.84412023828573,-305.985029988009,86.92012705715322,0.855305079541044,0.026077558726275523,-1,-0.0701157624630924
GLD,day_450,0.0223012226343009,-0.02592552237769885,0.061013852445926275,50.302007942385345,-254.78458871277425,48.95103747862172,1.3040738378484136,0.03246436062316803,0,0.0048621734383209785
GLD,day_50,-0.006808202404883668,-0.029379279878640974,-0.002381828716538248,57.36799314597602,-194.9030354134582,78.83596321530632,1.40700536469678,0.015087760198816053,1,0.03082748015772673
GLD,day_100,-0.005418568870067086,-0.04737569288704624,-0.10830089408551791,44.0814793504295,-177.90765335158707,13.627281809691095,1.1362486429563128,0.016813589692061315,-1,-0.057114761205813526
GLD,day_150,0.02017287912928034,0.10688323840108693,0.02167850444272834,50.02911278631542,-156.25065004409058,75.32941070929208,0.9350865747144425,0.01453753897407204,0,-0.0008253800227897382
GLD,day_200,-0.02636999805950313,-0.02770451485279679,0.05163075295795583,80.19113929995943,-150.62670251200893,83.35200661667955,1.144092373961922,0.014083185315916489,0,-0.0014569900983653753
GLD,day_250,-0.004520173289501939,-0.009056727855623836,-0.06647417286662272,53.291253738628264,-146.53252348819757,42.35706830888341,0.7602424335701228,0.01460829245958743,0,-0.009747076904102666
GLD,day_300,-0.0006583375734094954,-0.06140035982195102,-0.008518963159080628,40.2029291603969,-129.87370019717534,18.669229517065347,1.0890940478157602,0.0146609208885233,-1,-0.019047782827108724
GLD,day_350,0.004515442912911727,-0.007592762644389128,-0.029107231533667677,59.382847545046594,-110.20286843619647,63.1487144711819,0.9559096404586014,0.014370661455646014,0,0.004363266727864117
GLD,day_400,0.025280049193419307,0.01777925542078429,0.04248875186844381,50.434763276413,-108.5114965242731,46.78682521531595,0.8338955761430745,0.012721268793651958,-1,-0.02857712479270187
GLD,day_450,0.007410397488682108,-0.0008740596582677007,-0.019471785628896843,46.178236151685276,-111.91802568558546,20.11819459335117,0.8604734172314701,0.01669214989075076,0,0.001613042547166082
GLD,day_50,-0.05019255922088062,0.01203184987773298,0.08973081684487849,68.98631200321297,-326.98274220992045,81.77336626854957,0.9854135243920109,0.02822744809252357,0,0.004158524113433928
GLD,day_100,0.012999734962445109,0.16289898833258443,0.23929514467588953,80.8232821439183,-306.3190692200999,124.47773452000948,1.2576940090115192,0.029662404458011674,1,0.011938830099681347
GLD,day_150,-0.007265904029768899,0.026884439680564975,0.0024489428822020987,51.82158865249306,-415.9713664970323,73.34424546075903,0.6600986987109276,0.024856365320218638,-1,-0.04871132933413061
GLD,day_200,-0.038592184006736474,0.08068918865562869,0.06504815587055912,67.9903059572461,-445.68169236013654,122.04302398744406,0.8931518117878018,0.03061459022538481,0,-0.0018649275602981106
GLD,day_250,0.008366971981957017,-0.04143073996310187,-0.012107042684882274,51.01398785477815,-613.6143110866655,25.94245710921337,1.0631264801764795,0.02881249447784377,1,0.05271965354455389
GLD,day_300,-0.017231478783494514,-0.0218535651094659,0.11200693929964389,71.34817238669146,-686.5452482035237,82.81798235470332,1.420374186717858,0.02532385527813805,1,0.07742739923195462
GLD,day_350,-0.020803907394774224,0.001877024493268875,0.05821295684515748,45.170659249168,-708.8537822192333,36.00089178672797,1.3398704461298383,0.03050393292271513,-1,-0.048502400061315225
GLD,day_400,0.039521978021388016,0.11679712506403872,0.3522979759378526,79.46737003537812,-641.5329100156672,91.27904398971603,0.756198563992026,0.029110194454221562,-1,-0.03101191073907636
GLD,day_450,0.07295708043211735,-0.0006539213951273215,0.2125649818507327,67.99992064809534,-720.0922842490694,63.87971771465251,0.9281120843158832,0.02681718685157975,-1,-0.03789876416430457
GLD,day_50,-0.021350106714005945,-0.04285348111470155,-0.24538313138659984,17.765280097326354,-127.84170856017597,20.000296517513398,0.8447797874703481,0.034268169857223356,-1,-0.012148995597346291
GLD,day_100,-0.025869484896261508,-0.023230886536868556,0.051772741854092086,69.22613825695329,-97.53934448486385,89.00636620606272,1.118274574996943,0.030295074924876965,-1,-0.07786022014756225
GLD,day_150,-0.03780027196399072,-0.014181219690571734,0.05022970818418071,47.24396425988009,-71.32616429231877,55.3757632555653,1.1041774430233273,0.03170053203557756,1,0.020871793872057315
GLD,day_200,0.05385135959760978,0.05554777699779945,-0.18081829508467628,30.040787102584062,-58.057409011386014,23.05640288611397,0.9143919956334045,0.03479499100689709,-1,-0.024857330410233393
GLD,day_250,-0.015519185300024274,-0.0595507518751226,0.07469020180782016,65.1188744758349,-65.27035560596497,65.63411478109644,1.166145464123599,0.026763513703762388,1,0.08097985018008146
GLD,day_300,0.011955709236283418,0.08490868853653222,0.11675910544312851,64.88037925926565,-65.63881648134279,107.39022696924259,1.206352916371457,0.027972799228995305,-1,-0.04838710507957697
GLD,day_350,-0.016103418992432617,-0.1042064406527774,-0.07750190479574981,38.065712752929734,-57.78776297353598,5.686067149155556,1.2906912066396377,0.03333491029120567,-1,-0.07264687580563027
GLD,day_400,0.015434338845715212,0.05887402287751842,-0.0038589968039104416,50.58556922446363,-59.41415314800573,65.80018332482102,1.1766866782965697,0.032656786326965996,-1,-0.025235438446726738
GLD,day_450,0.03765568186361867,0.03209986174889279,-0.08324614229273886,36.51436381517059,-61.054477400616676,14.77962859221339,1.5331589079768586,0.029012998091757447,1,0.06425841907558158
GLD,day_50,0.0060498340057684175,0.05582591457808084,-0.03092162075007243,49.68354582721207,-301.4676807331309,55.459389742442966,0.9704514498717773,0.026900986269833192,0,0.006930985826407995
GLD,day_100,0.021110281596162128,0.044173238368113044,-0.06805093447900734,42.85624678880215,-289.5029363494697,31.669460565030654,0.7430447779381429,0.02575206027034758,-1,-0.07732881217758455
GLD,day_150,0.04233217759662877,0.03715905709220646,0.060673173069689224,52.88053560870395,-283.8578138306277,60.37228633594235,1.0173053039363633,0.021765390605231638,1,0.07344665097372666
GLD,day_200,0.014157415476875324,-0.011227426642868354,0.19224287816520813,72.88879634655603,-319.9548824511882,82.02037883990042,1.4338822210041104,0.022704863654289465,0,-0.0024055518346373962
GLD,day_250,0.014650926337732795,0.03942262925985984,0.1645769784341531,68.34433389328095,-311.69672165026844,74.9948668012127,0.9511481243490141,0.02434108466332997,-1,-0.021428103425456115
GLD,day_300,-0.015718633887531697,-0.023596614862070098,-0.14129799145129673,37.05484061913151,-329.66821387954303,19.182662194143237,1.5314133064784168,0.021426042068830708,0,0.006104412846307182
GLD,day_350,-0.02712596309713422,-0.026232483745203705,-0.10074477172446983,31.80327929211944,-297.4070747871948,13.13225005245227,1.0159230209949381,0.021783112227576975,-1,-0.08006939386679911
GLD,day_400,0.01762363533075173,0.045828331150916,-0.08368715715191744,32.28821816697709,-212.80938675770093,18.97789933008592,1.1004693189969108,0.024243121472108407,-1,-0.011007915298809536
GLD,day_450,0.015392532038859708,0.04205694140473493,0.10581957213641768,58.53450172762116,-234.82904366411017,89.4837925614769,0.8771757764393489,0.023675990168931668,1,0.06890630171734678
GLD,day_50,-0.031553915450956316,-0.028569001190131282,-0.18138940220128152,17.15770177394249,-418.83102213468885,12.652140857620338,1.0618298254619503,0.022480043719754615,1,0.020014859079740634
GLD,day_100,-0.046213232747624455,-0.016447895754030273,0.03878411950466143,84.44900054908382,-393.0851144870462,100.40526164098603,1.0771785909330405,0.015434060858167783,-1,-0.06907517385314887
GLD,day_150,-0.003116046681248541,0.0007696224059299261,-0.0018417153832620548,46.5031276552074,-366.1190636076054,59.68434930782453,0.8829319327844228,0.01852175775446583,1,0.029688913590811165
GLD,day_200,-0.00199296960486417,-0.06159687676538239,-0.09749030054739594,10.693161847403786,-317.7766670243342,3.3068120543999497,0.577244098694127,0.017140906776019534,0,-0.0027447119541058754
GLD,day_250,0.015116153753854888,0.07154937590472188,0.03935576241126304,76.23807091855923,-263.30532457274256,93.33933504770543,0.8232117514372748,0.020544504616680174,1,0.040552421767020015
GLD,day_300,-0.00040989887374265344,0.013709855521533365,-0.0036669333208930732,59.80823649463172,-266.16017461723624,86.66424882010342,0.695235304376345,0.01724746990501169,-1,-0.030646758939210515
GLD,day_350,0.028397859030576456,0.04073403485082472,0.058206958017450905,62.067272606662534,-262.33851196600574,96.22514041796317,0.6323164268973783,0.016457030787072963,1,0.038131055638345096
GLD,day_400,0.001408642474812094,0.0046978566165627456,-0.0033787038381830614,53.12792065715098,-256.0698636621249,65.57787862321646,0.9193495396985583,0.018905564135713385,-1,-0.04387767155141737
GLD,day_450,-0.03270598884090625,-0.02415785030334805,0.023993292668433197,57.57384090337991,-318.2293922603143,68.08999121231832,0.8114341829223475,0.019476850977299225,0,-0.004752853463296638
GLD,day_50,-0.015515150222820684,-0.04264906740043428,-0.14977128491526548,33.396541158535,-82.7840456117276,12.745247722557226,1.2076283298911845,0.031105173174031667,-1,-0.11734181189047893
GLD,day_100,-0.022336919734600502,0.06427542842253309,0.03162988394750821,72.62056004995414,-80.14834976866912,106.11751020191049,1.218767929614307,0.03374860993947908,-1,-0.07711011696621961
GLD,day_150,0.004358165989563734,0.013640113495570372,-0.05632450336142536,46.29278025559559,-66.55978921201351,36.93721951633843,0.7536250727398535,0.027591033842835212,-1,-0.027195532785690542
GLD,day_200,-0.021109496991691734,-0.03405294621860622,-0.013122382895206841,58.46125912330173,-70.44453291380731,57.12324841129025,1.394353861762617,0.030858490699115147,0,0.0015899696808513906
GLD,day_250,0.021893607600013132,0.07811741033728703,0.016653625986475573,53.59771564771287,-42.61999021722014,85.39940212654025,1.179388575860763,0.031907659891986684,1,0.06558835914640504
GLD,day_300,-0.0074432972945756015,0.010126771803731893,-0.03919915246416894,51.617701194067074,-51.85766966880826,34.354943031944,1.0014914467405613,0.03334342028244383,1,0.06350362042836817
GLD,day_350,-0.007709342331657432,0.029391529095228908,0.1620932356823055,59.539210953315916,-61.03705768065782,82.87198000218297,1.2344239405572215,0.03629506494069272,1,0.013600280613008251
GLD,day_400,-0.10194316070965681,-0.1465954086506318,-0.22852573484674576,41.124247100066995,-71.7191264375269,15.12947833717998,1.1633329647645465,0.027075537992281507,-1,-0.06038447893162985
GLD,day_450,0.055051411779172055,0.0030840975803720916,-0.07924403258343571,28.63177897631624,-47.36771940552245,9.119947303752623,1.0434175712155713,0.02774240241611706,1,0.024787974649033335
GLD,day_50,0.03455678530791828,0.15210771725834382,0.2958440805835707,67.5057453663144,-315.95495332778484,96.27343456039766,0.8070607665598277,0.03004859379876707,-1,-0.06938928066183903
GLD,day_100,0.012566120091550559,0.10883863455232379,0.19505112873913966,66.25343311231242,-399.72954314059905,100.0159102343276,1.204379842321568,0.032636948272591254,-1,-0.1219945180099915
GLD,day_150,0.05909351445825184,0.00976221605117944,-0.13273514971119937,21.32458690070183,-347.56680011265536,6.642860095135951,1.005893445024775,0.03789206357470523,1,0.035397988382217076
GLD,day_200,-0.0005170526223882144,-0.07006823635304504,-0.07435769709618034,43.062207112746144,-354.9960624892727,27.56276635678948,1.338344747015759,0.025371389640369793,1,0.02869754091172511
GLD,day_250,0.016926497445171496,-0.0642414552095878,-0.14213401617844235,23.791803655903976,-388.9475328781875,-3.3064538729447084,0.9699558349972538,0.03172586706075119,1,0.02799574760419941
GLD,day_300,-0.0005581234310747529,-0.05540676806271194,0.12432736091368168,59.39960230414083,-518.6247752511975,51.900221115323134,0.9302128244324842,0.03267274827025418,1,0.08749888327040725
GLD,day_350,-0.0027928040902560625,-0.06013767199419384,-0.230640717144043,19.073058184036256,-457.6339685324699,6.195129508792982,0.7547519658679902,0.027021967445458532,0,-0.0021434647857330783
GLD,day_400,0.020059265397500026,0.009158605572878287,0.02924611120668863,56.655941177882184,-443.23235047467534,63.32076226576441,1.0302395490841587,0.022942445542622533,-1,-0.06682583483988724
GLD,day_450,0.02602696025279938,0.11650877982561747,0.18942774848532973,67.05397349062994,-463.51695848204884,99.69736843207905,0.9477148472187721,0.028582443636033145,1,0.028892225529244454
GLD,day_50,0.011900636200180115,0.02790451335817723,-0.07562315776981232,34.699826582903555,-87.23497696885877,40.84196161532728,1.1510285279543049,0.0301443300745596,-1,-0.08535545280692317
GLD,day_100,-0.03275422307871201,-0.10949002152879295,-0.03859016444361274,46.323134217296726,-63.76854970030192,34.8951258638483,0.9210746697931466,0.03268631698139296,1,0.01167353904699819
GLD,day_150,0.04359546039992557,-0.06090176768327915,-0.18886659509283388,31.062116141447987,-34.30582823955692,4.313729286385556,0.9373682190459693,0.039925481877951245,0,-0.005383934841246251
GLD,day_200,-0.03641915064451273,-0.03708895063809703,0.18810501867778773,73.76188752948907,-48.241335126079306,77.24895199826291,0.8146022608079,0.03352949354774753,-1,-0.07830905743945075
GLD,day_250,0.017754414276774044,0.00934634691151004,0.09981073773020999,47.64382718052714,-44.908432672731266,36.41692345871589,1.0150532876812743,0.027874509441830814,-1,-0.026173986130420834
GLD,day_300,-0.0671486968948497,-0.060076753105087644,0.15247456168427487,59.751720819142484,-44.576855392563004,81.27573215402421,1.2912615950134454,0.035619410155937316,-1,-0.05498254838552833
GLD,day_350,0.018171747946282846,-0.015102432620718198,-0.08614060323023909,34.78319271338074,-38.698401483095275,2.583262162992095,0.9152392452547603,0.028607238327911275,-1,-0.12003268347641334
GLD,day_400,0.027915634436410652,0.003173481751257201,-0.03561913085123358,36.80679266044711,-28.843435968624945,5.888927684229754,0.8615884607516854,0.029616714541680307,1,0.035277386124053525
GLD,day_450,0.01348210573843156,0.0692212244829451,0.11079645066136656,57.1196108807563,-27.36629042522753,79.89998465222097,1.1766512926345558,0.03436691277687435,1,0.11542616912893061
GLD,day_50,0.10543882818373951,0.24351497562264646,0.028017292816916672,41.22242325494044,-258.98672424568156,45.16278957432379,1.1650066386466715,0.03795572416520458,1,0.12784785164924242
GLD,day_100,-0.038783620298819876,-0.016502786172835404,-0.0696295648057722,36.59847040683922,-398.82469369486427,32.9457556406609,1.1283826161669122,0.035499373151236385,0,-0.003307277294547859
GLD,day_150,-0.00028542651311080913,0.016940065707169882,0.009650950602213992,38.758498228601084,-389.42919026582973,36.10521506928761,1.1940670754073879,0.03608966649157965,-1,-0.04863511601909087
GLD,day_200,0.009586750757167861,-0.007528180198191126,0.08697345188958416,51.0465876386094,-363.8522381179453,43.27294374612233,1.0877628056992645,0.04180362042398693,1,0.05588474601020886
GLD,day_250,-0.018925997617670554,-0.0777290872876053,-0.23937531864053363,23.49138662478721,-284.4370826587801,3.06978771585107,1.1657444758317208,0.027962959385227668,-1,-0.13609123378226853
GLD,day_300,-0.020865322075186987,0.01976496380180115,0.1286812494872609,59.931911179164146,-244.4232095050717,98.73975117477754,1.2235221530645346,0.03710341346537724,1,0.04037302606911649
GLD,day_350,-0.07995084482601422,-0.08229046999259804,-0.2697861971578307,38.70435895135278,-212.03507739735403,19.482739806142348,1.058658947209161,0.0361212861495219,0,0.005372640240164196
GLD,day_400,0.014629883835125757,-0.04162890678893505,-0.2046668067079035,35.94232940113244,-168.98715293435833,10.255017574863803,0.7071894110781803,0.03400010039251896,-1,-0.08222082425926734
GLD,day_450,-0.003833932446827726,-0.11073745524691392,-0.010573785738023145,49.1538723289882,-126.78218475510245,47.297101352677885,0.7665923216904607,0.03862881454484744,1,0.05103016939492688
GLD,day_50,-0.004292167015617965,0.014996682893800628,-0.08526020810351542,58.277565919925934,-291.09368904398127,63.91542573353506,0.9747910589312623,0.019975086234664163,1,0.0375954374332674
GLD,day_100,0.014729344338072492,0.03726844455494649,-0.019020456382118023,39.546863132346154,-326.4432268948226,12.296459919376668,0.7366818446152026,0.02083187453711528,1,0.040415993249773664
GLD,day_150,-0.019581935420924235,-0.06732002263883452,-0.09307435043932688,37.76428255140912,-306.49523557447924,-6.566279606069261,0.8136568441477374,0.01776964146783031,-1,-0.022346375291687388
GLD,day_200,-0.033050616347078066,-0.006412765827026323,-0.04058097313527409,49.25678690830358,-279.1818926560983,52.987748325104576,0.8988633464244411,0.020066016165556456,-1,-0.02233237518228298
GLD,day_250,-0.006019572789916272,-0.031070689740911983,0.10965309099832532,58.201120808308005,-284.3174786782152,61.101489442084635,1.1909897618986098,0.017273702445588554,-1,-0.029108404883085612
GLD,day_300,0.011037692144155065,0.01684980211356768,-0.025583679275543947,54.47551637193226,-314.7799411508775,32.70428596057835,0.9420998595596036,0.022345226987872474,1,0.02049654986381776
GLD,day_350,-0.010566336378237673,-0.053217302469608985,-0.07127738670980488,32.89348022989482,-268.6693121661895,-14.648789388187494,0.7983722404167654,0.019559679066455418,1,0.022806459537131472
GLD,day_400,-0.04007083877523787,-0.030752915241874734,-0.025070307446098727,57.218448167622476,-233.5267935057617,72.47908280996505,1.1904550155548734,0.01965924981890992,-1,-0.05405846540388881
GLD,day_450,0.03848106562795328,0.050530636613783875,0.008542330473809479,57.162819476936555,-220.69887619190632,53.57671179215557,1.1552883906734586,0.017641520098106555,-1,-0.07101489434300479
GLD,day_50,-0.04759689046547122,0.028831041251988987,-0.0014078038661394787,55.57665969437239,-62.94916199667464,83.73644510154365,1.1032621297738707,0.03304367704667729,1,0.02610081237343598
GLD,day_100,-0.010472899288269222,-0.06328697093764302,0.027277928302499976,32.753867645755946,-90.27129376047066,24.064147908066687,0.6764614765456309,0.031967244042536716,-1,-0.12128227493086388
GLD,day_150,-0.02314286339745364,0.07572837408518596,0.24078595533976666,66.05380212107977,-87.3960901576418,104.9348229394688,0.684389878052705,0.03495013292534186,0,-0.004135254228068718
GLD,day_200,-0.04682091538037181,-0.06839123723260188,-0.029736683846196987,61.485904096199675,-91.91413924384415,73.21872385400575,0.8918145602568737,0.030376951960180306,-1,-0.043336321308083764
GLD,day_250,0.012158764011364731,0.009365525682231368,0.006861298134389182,47.42920539564251,-115.44487306389192,41.206825573009795,0.7926212907459526,0.03376170043733103,-1,-0.044220325331158494
GLD,day_300,0.01904594386381908,-0.005181547056090863,0.003919833373726478,45.45310645833143,-115.10102164437276,23.378328681488185,1.1342550916604874,0.03332908911916591,1,0.018286142365316328
GLD,day_350,-0.02408695874512745,-0.07284499299992853,-0.10493432357602372,42.259698569606854,-102.16732172862893,3.9110765381040373,0.7919688064226351,0.026761898616310564,-1,-0.04551978842692098
GLD,day_400,-0.04748555550221756,-0.07686789110538017,0.04598144462526732,53.467882300587355,-87.21244184717997,53.046525040657855,1.3809572266873258,0.02637621684329513,1,0.01300388043558436
GLD,day_450,-0.005113994798557786,0.03543803535491308,-0.16709809430894762,33.62771026238178,-69.06937561701754,34.325016591175945,0.9088007131940199,0.029586591970923424,-1,-0.09672271326351727
GLD,day_50,-0.05275998690439354,-0.009614709247623976,0.3476601110445645,67.75229638648582,-463.05385661184226,69.07282154258357,0.9610804029291926,0.03658978960970729,-1,-0.08283020561061136
GLD,day_100,0.060033938227387784,0.18430192960631397,0.252922331152696,63.871488479224695,-456.27098622318505,99.04574759039755,0.8258994291561795,0.03452965689213083,-1,-0.05799692703606183
GLD,day_150,-0.019871210535300277,-0.10535784072933996,-0.251791934322839,27.643810048678688,-340.0179969739768,12.086142456527526,1.0996117865068684,0.034307584180411466,1,0.08049159420888288
GLD,day_200,-0.033374907881564275,-0.1593171287365146,-0.1496923619604078,42.28580043776643,-351.81697004277373,2.807983213162162,0.8894139946997399,0.036277642028662245,-1,-0.037554024194507624
GLD,day_250,0.013692238382360111,0.0013329271994129144,0.04728167093212221,53.885866266438185,-316.1327680281264,71.13761656628785,0.7630645638597857,0.03752375600316824,-1,-0.03050939066652975
GLD,day_300,-0.072361739605868,0.0018402875035874455,-0.05926858913715349,53.38917926682325,-275.58703937824265,67.39831415946662,0.8548380439771117,0.035796943915297155,1,0.19563699847981908
GLD,day_350,0.06710537789220172,0.10580770641939852,0.499843450297377,76.63197603598617,-369.5052222626897,93.20568278533432,1.1895480743698283,0.036933424252888786,1,0.042617215565354936
GLD,day_400,-0.013996106325498414,-0.09201143577856497,-0.10945608929918815,31.356187809585833,-593.5870890868056,-6.310741802504547,1.2958069731480837,0.02946404702588559,-1,-0.10837036086106143
GLD,day_450,0.05713406101939711,0.12492055246199651,-0.10765169954050913,36.78546757913648,-401.63038780131296,43.191934520159705,0.8393580028427183,0.025290210871370317,1,0.1186946010279806
GLD,day_50,0.011476420775003104,0.027101121306847054,0.17993843996061698,99.23528662549283,-471.5432677772689,84.73119832350798,0.9950513150092988,0.011500461460649146,0,0.0033124976205094947
GLD,day_100,-0.019147758346341304,-0.008247308922249008,0.018992558362601608,70.87854342840937,-551.9842991761308,84.11654302098367,0.964514091919058,0.012640839028854725,0,-0.0007630851235679032
GLD,day_150,0.004949771836147088,-0.023498924366111784,-0.06308675100949157,24.973497596693704,-608.551702937602,12.069553770001196,0.9824541175121461,0.011326633919987094,0,-0.006482063055043987
GLD,day_200,-0.009579324121110067,-0.01272861524575264,-0.033307548217889726,54.150286029291976,-685.9208367055447,52.766702204078655,0.7005357812589114,0.011723470794140281,1,0.011290603861841018
GLD,day_250,0.012838758158712382,0.03165835950374252,0.0624625971529964,55.50200053710942,-698.8775799437268,92.94694260640362,1.1064343320051013,0.012799425691109987,0,0.008456242804905277
GLD,day_300,0.026815141215734473,0.06810981544300287,0.13555785552006672,67.26545577826437,-744.6113544732308,106.08566550238905,0.6978823273393414,0.014455195760351982,1,0.03036882357753627
GLD,day_350,0.002147688315747409,0.06912835975430975,0.1865318354737926,96.90506476085726,-985.1402045624011,99.50535326936067,0.6144624375151388,0.011152939359667996,0,0.008888330675389834
GLD,day_400,0.01401380116952411,-0.02462814494445731,-0.022750269625661845,23.404646896196397,-1155.0477388289487,-4.397859168884234,0.9557513267171206,0.011105150010400808,-1,-0.01672711699122763
GLD,day_450,0.008013317353612548,0.026983310233782865,0.045258304286120765,64.443281569004,-1202.4365893412382,90.69926340045498,0.9185995307223551,0.009563817676271163,1,0.03180859753558886
GLD,day_50,0.021209519103881913,0.039679609896008605,0.0957703483404595,43.10508171453059,-269.14514870750685,37.248232881762775,0.966396470112423,0.030366205072684078,1,0.0192903137716986
GLD,day_100,-0.02130163628069215,0.038926099770913325,0.040423268661959666,51.04325392757862,-235.20273079618815,87.48718739417919,1.1310814946556431,0.030863863408352447,-1,-0.049627611841439566
GLD,day_150,0.04526633940397096,0.09836485827268904,0.012175661264654858,55.86472097192473,-186.03915405889697,78.3131478803716,0.6110279413620282,0.028587425937066403,1,0.05389559476319896
GLD,day_200,0.05382327444731638,0.20128208102613243,-0.06124665287085018,52.308646054010154,-176.64539361542347,59.530964383627705,1.6965593408889397,0.02813350732421488,-1,-0.056156209393493486
GLD,day_250,0.009277094749506887,0.0050868393253504784,-0.07346080954511014,53.03768754864816,-150.18367786050038,59.60876433072806,1.2630785937568436,0.027301084237992105,-1,-0.0449238004008655
GLD,day_300,0.04249644828713106,0.09589400612863619,0.13516034677972333,50.67181480186303,-140.0433269331908,74.26781839591212,1.1286387339792465,0.02657085752730281,-1,-0.05211045986713172
GLD,day_350,0.07041468565215792,0.09347204619868599,-0.00801313648500901,56.79470105378719,-122.604220182658,66.20305550788785,0.7566572450142136,0.031072981819534242,1,0.01938349616469061
GLD,day_400,0.0625411078259952,0.02548460006997577,0.21269909283725918,70.37523616321799,-117.40608390515916,71.64508812003263,0.9922033043156977,0.030559147923695296,1,0.04306410786098008
GLD,day_450,0.000640082646963025,0.06911567960547105,0.031017544452526025,47.188116397840496,-127.36552893904532,64.65214815093944,0.9309076511576795,0.032139013195046834,-1,-0.12150527475342188
GLD,day_50,-0.0314740190168753,0.04092076998131278,0.13365936976030657,54.98411855565425,-143.31789732541918,66.20687049681236,1.1198943918496587,0.03646750603829065,1,0.08703367607653469
GLD,day_100,0.0087144286859413,-0.04013059315826628,8.904161212486272e-05,47.38559618321514,-118.47030704297964,60.59778002867191,1.32308892680762,0.0449439063801828,-1,-0.08219703171343726
GLD,day_150,0.013893510543182552,-0.027667642473121923,-0.10189774596448742,35.237255774854674,-76.74474281039181,15.982690016394688,1.3819663093644678,0.031166055063865154,0,-0.0001141480945327499
GLD,day_200,-0.05813512728365966,0.08877786853057335,0.043622075441772434,60.39669243441382,-81.0510219877357,120.14315595663317,0.9699961499310361,0.03437607060915005,-1,-0.10215470387903952
GLD,day_250,0.047810113097958906,0.16608175430092076,0.3945104722352897,77.3078144720848,-114.64301162420409,95.22011099544316,0.9465667192488436,0.037325578472176255,1,0.043732513023078456
GLD,day_300,0.026769561695038302,-0.06273038083908788,-0.06580009900626427,37.27695131909074,-153.09268637662154,20.04796855657901,1.021295190122314,0.032167234290194496,-1,-0.03414987125671965
GLD,day_350,0.022834655839164775,0.09599434653452965,0.04892506895726556,65.26028769622428,-135.79109488519504,108.95206686062554,0.8616921388521429,0.03584310186107581,1,0.029148415246807995
GLD,day_400,-0.026791412549744043,0.06016999807591428,0.10639983574800072,67.79094374322813,-138.48304478619733,114.5354435875657,0.8883832711654593,0.027894328986034275,-1,-0.07785361705783651
GLD,day_450,0.009714409863092577,0.04073949217028727,0.32467976934527365,65.66787131364674,-142.60863370255814,79.5913043847088,0.9666377626985555,0.03597829027566907,1,0.03304918065032835
GLD,day_50,0.016653059691826178,0.06995194543342564,0.12158985399578759,63.803467058850266,-575.3931919752862,87.96675462500443,0.9299070407538907,0.029480820690802212,-1,-0.0617840867513978
GLD,day_100,0.008257116414710275,0.11946675914195226,0.1238064743601317,39.65971013839118,-778.9948070190314,61.14313052409529,1.2220960098515796,0.03360654803543896,-1,-0.033986302790695484
GLD,day_150,0.005461221801423832,0.012104269939053669,0.04739571548802135,43.34360492762142,-828.2143359296532,56.2442989252262,1.3547640129143752,0.031191888566874968,1,0.04453838405805319
GLD,day_200,-0.04129288284206467,-0.09179071348146728,-0.24166666314212149,21.117505126834388,-592.7311084600789,9.84883931727128,0.7367769401717168,0.030006482452077793,1,0.12457883716269762
GLD,day_250,-0.04727182093514459,0.004773775161515115,0.11350730024758304,65.20489846131849,-669.5166156079423,81.87252602603904,1.0069110664970158,0.029918837989423307,1,0.07770065333621867
GLD,day_300,0.06348777125472416,0.1822229023990678,0.11054017425681328,63.19252688414535,-688.4084592335348,100.38419486994505,1.0522750332284363,0.03522238717259561,-1,-0.026614019799284537
GLD,day_350,0.04899980746715338,0.10758121393299191,0.2560998188439225,64.04217584616337,-753.6509465814254,105.40348821385552,1.1850164416439248,0.03355089482503591,1,0.01902714745897582
GLD,day_400,0.04548609530726999,0.04287414760835473,0.0525180036558881,55.21856749456427,-800.3235818036344,65.06899000412363,0.7513901760741665,0.03524659981806883,-1,-0.035578806184212386
GLD,day_450,0.02014728667159993,0.037355713135373,0.12745154648496104,60.8646453100767,-897.2335230164649,75.21450726246267,1.084855103642789,0.03423522443224124,-1,-0.0755165363349273
GLD,day_50,-0.02933797468288335,-0.03824518068184357,0.05538142088699538,51.259119612905316,-81.08171805239208,63.50805201255265,1.2795712008549567,0.02548757019636489,1,0.13486444012473492
GLD,day_100,0.01586722302678445,0.05402361972665859,-0.09443624509515414,41.38948679745274,-80.48310884201034,37.45869801360849,0.7401028492560549,0.02709969074356332,-1,-0.023598621703293014
GLD,day_150,-0.0063656418500805945,-0.0365177979011555,0.05598754530872352,47.77440031295187,-76.42199020874153,49.32759788955896,0.7886987937625511,0.026549728807897698,-1,-0.04133914862588568
GLD,day_200,-0.004688247572964266,-0.03557668463589425,-0.11722883305721032,33.01618781922136,-66.41028544350971,3.7013355216767287,1.1748725924543246,0.024250138768723912,-1,-0.032955815559922996
GLD,day_250,0.010153860864936304,-0.012256465247175719,0.05699279697960802,57.174633135016414,-57.24376921690006,62.17297977216093,1.3472705218230516,0.02615645756676891,-1,-0.04902219304518887
GLD,day_300,0.013812745192168352,0.03420195411390492,-0.046549949385911504,33.956033360155004,-46.76844600897652,25.40277264584177,1.0209169260988091,0.023970193147964836,-1,-0.014947567215888519
GLD,day_350,0.004964130593536842,-0.03637213292229868,0.05060119162237098,61.40915641923034,-48.219530562207346,55.27417484053964,1.2413456325252652,0.023543211718839073,-1,-0.04255121347930115
GLD,day_400,0.006162625080602391,-0.03579076888952948,-0.008569652485635237,56.91797092654213,-52.58525055857697,46.710552677808195,1.162632545159255,0.026976934202319957,-1,-0.03903541376229452
GLD,day_450,-0.01310421958665331,-0.00640483347681331,-0.15586729671491473,30.732830295822936,-43.96538576733742,17.046384717071952,1.226098306372303,0.027379545125509566,-1,-0.04281103742621338
GLD,day_50,-0.053940236872923486,-0.007778075201910872,0.01700929844177468,68.87138134313196,-436.1053845211519,114.29544920014358,1.0047507224044432,0.014728167202081388,1,0.04607228167018524
GLD,day_100,0.008723951516594664,0.022048523088443517,-0.116033402643138,30.709723048502582,-430.15188295929534,33.6308720914933,1.0253242633774466,0.01749513196164616,0,-0.0011866380648865135
GLD,day_150,-0.0018918901506713715,-0.01446262603093007,-0.05207372866668192,44.2754911982047,-364.9904122299109,36.212588731022045,0.7711170876032027,0.016343459421053304,1,0.02201946232645655
GLD,day_200,-0.005223805343154031,-0.04685724090856591,-0.03168919042134777,34.77278477837602,-313.05265153109633,1.3370495778719678,0.7132200471075121,0.014317593649552025,-1,-0.01369866051347399
GLD,day_250,-0.0012863532458600169,-0.014734806893796137,-0.022912362685790666,39.14475626966668,-259.9273838826403,20.569036734552622,1.0127715505293744,0.015967862035236716,0,0.008258907780571657
GLD,day_300,0.04041340440494534,0.018071699487521187,-0.04784651545390095,48.3889731373398,-240.56074041282872,44.809643789658416,1.3055448516104777,0.016384789929134627,-1,-0.02104203811279243
GLD,day_350,0.038443993869257786,0.03226142930928688,-0.10608767650063411,15.166884308032053,-182.53940590317447,18.749906303110446,0.8264190742900147,0.015027820753607623,0,-0.007350475605627391
GLD,day_400,-0.01253249158100811,0.07014573798289203,0.03222077386347233,54.922075955101924,-163.32571336556575,106.49105738600468,1.39302794491748,0.017395993993908655,0,-0.006732765786184495
GLD,day_450,0.030464470456157855,0.07230335970055113,-0.03004408001672698,45.440903538405315,-154.4959373890894,48.67847047225074,1.2333185292025635,0.01508327618503232,0,-0.007275633925898691
GLD,day_50,0.02716578284712301,0.18606961741346595,0.2633008222807276,62.883005246541515,-323.4499687025582,107.19620832511406,0.8773103239060802,0.043366186635940406,-1,-0.0731100831094194
GLD,day_100,0.0013385974617541319,0.13501758517302864,0.1522360389051296,62.0605563003392,-339.6968923185769,113.89895886506582,1.0850523515338841,0.038718029902777014,0,0.0001516253898160894
GLD,day_150,0.01530872512724657,0.050027198395484085,0.12187281460287869,69.67079542934523,-395.6559751625167,86.43021485006803,1.1365449619256527,0.0420453471606743,-1,-0.012364297792035123
GLD,day_200,-0.03855068541885642,-0.15064760313291659,-0.3309904923739958,13.843005990882844,-458.2732977197514,5.736363911315677,1.1539006850383553,0.03673069236861294,1,0.03091780809683119
GLD,day_250,0.014031277406625797,0.09661557308469293,-0.059018757380058795,41.033425522838385,-456.0629323966993,37.74647963470106,1.0112030074015939,0.03731673068197033,-1,-0.07651801364676628
GLD,day_300,0.04978841155961278,0.03900259191416877,0.056681743250580396,58.46264811294079,-613.0075567005019,71.68583328802511,1.0027418120129703,0.04125903388747693,-1,-0.035756177948664356
GLD,day_350,-0.04828335564149522,0.05191655434914333,-0.12865648659404327,33.89431890828102,-519.0927503114701,42.69074585352941,0.9800767548517897,0.040761425344475126,-1,-0.05968923926615581
GLD,day_400,-0.015408311766250238,-0.10512419767318004,0.021583981582175005,47.17392650970896,-364.11163474589483,25.382682735769997,0.906317734509807,0.041635324865475276,1,0.044326396061590854
GLD,day_450,-0.01931405632130434,-0.09617060572892189,-0.3063719322654058,25.506352096318125,-224.93585542429724,11.193260206251864,0.929680879084809,0.03483219223256248,0,0.0019059658865870717
GLD,day_50,-0.029919595384762188,-0.10607762217515637,0.0021081169817944723,51.55232342790274,-238.69758595551227,48.33518160616912,0.9966044123351765,0.02865421763104457,1,0.04587407802337679
GLD,day_100,-0.02017213797832962,0.026430660599814804,-0.11468984513401792,30.322704492118618,-222.6059698699315,32.42251556233552,0.7753965531529345,0.030235203565018198,1,0.014980736718883543
GLD,day_150,-0.005683507193510073,0.00742014528793189,0.12952350185301942,61.863441257570344,-271.9355750469051,77.19340248091113,1.0143457808530907,0.03248436096984293,1,0.07898935685762169
GLD,day_200,-0.008240279408523232,0.0295695723509235,-0.060655112383413146,51.19785496291353,-284.3409507078798,58.534558393837244,1.3516844079815344,0.03090347863246502,1,0.06302944950117878
GLD,day_250,0.026946358695028927,0.19610007481266356,0.026857995110606936,69.39152896021258,-330.4142832840834,95.27766098743948,1.216668587861999,0.03325294446786591,1,0.028143819387924998
GLD,day_300,-0.020663306870341014,-0.06751528159166797,-0.08181767470648071,35.48302109261958,-378.72490794769095,16.525795906556464,0.8550141023017509,0.030007963301186664,-1,-0.03010417432571634
GLD,day_350,-0.01854728040010134,0.05816837458423074,0.22292998238986916,64.33328665861919,-398.0524163893132,80.27998615047474,0.9884282301156512,0.04033468345524952,1,0.03084329893219716
GLD,day_400,-0.034916747682735116,-0.23234044840593238,-0.23411768889828055,31.108323170600343,-316.82121011633603,-17.883908195292754,1.1046584254585723,0.03119138204503829,1,0.02078590738056825
GLD,day_450,-0.03881547450347311,-0.04250516471869137,-0.023090073632093033,52.16396850841111,-311.93337757581236,50.126472354284616,1.0362455300373488,0.03502955465098859,0,-0.008783303118076775
GLD,day_50,0.033775442855392246,0.037883900038014895,0.1243259209708234,74.9323113181658,-79.6320398675742,83.14317444868344,0.7467495311187891,0.01190740342476114,-1,-0.017475625582589915
GLD,day_100,0.027952448463647084,-0.009992723431037187,0.03384068641439408,43.87793253491888,-79.46060925427628,13.032178452323857,1.2798828294051752,0.014281652969332446,0,0.007324414154521399
GLD,day_150,0.008560679261139681,-0.01051875135195457,0.04986122914590174,57.02585749878089,-85.58182732284418,59.91855627714534,0.8526127705092192,0.011891843091838532,-1,-0.03443889001588029
GLD,day_200,0.01607746969722368,0.029765266952840985,-0.010173507528227876,49.4477036286921,-78.84688060186699,45.874332585245874,1.006311242367554,0.01143811214296876,0,0.005730546881797872
GLD,day_250,-0.013314808587029936,-0.0034391264724275006,0.03411566012279743,62.272193886815245,-76.93609964421864,86.21510763015401,0.8470147087180269,0.01129247259359398,-1,-0.010759892921149278
GLD,day_300,0.016575441638399635,-0.012274518310423588,0.03296788697108033,46.59163764844937,-77.1477507167233,30.961641644998693,0.8429227421154806,0.011410519793599314,-1,-0.011403963449018605
GLD,day_350,-7.792732461364693e-05,-0.01833527236492205,-0.030496431808442304,41.39465064078165,-79.30241807775826,9.39475779749325,0.9258508792808707,0.011246283683324636,1,0.026892136587732977
GLD,day_400,-0.017087941762971903,0.011433260993499506,0.050088363118452994,82.00378839250735,-77.76279659724062,96.34551666502855,0.7062716060291174,0.014193711908949993,1,0.03693796766553297
GLD,day_450,-0.018095761908767827,-0.006356531733200388,-0.03454115325771956,63.52159387157808,-82.03307028508317,70.48769274254666,0.675200438711374,0.012261808430503552,-1,-0.020910681734703007
GLD,day_50,0.028360301103320662,0.03484742407556429,0.1260084002208386,50.041324579155315,-56.179706101141605,67.47339848712946,1.0216709126708188,0.02900764783541976,-1,-0.10923275815735517
GLD,day_100,-0.033746126365583384,-0.05161128947816451,0.030167389580454618,63.78485477491652,-61.670857047990836,75.50545366682549,1.2394188008452505,0.030554121722669206,1,0.11110629024104277
GLD,day_150,0.07138122568894545,0.08171497204445743,0.31084165769628647,70.78829242581635,-77.38059012160889,76.70188647276277,0.942325725023886,0.032410532979830285,1,0.0324426840350159
GLD,day_200,-0.006390567131060454,-0.028247347283016033,0.3175606763603507,72.26956577783639,-86.60988944459406,72.80337315895356,0.7194534743817759,0.03093180119927232,-1,-0.06036978359023731
GLD,day_250,0.03242310607558063,0.03153676750970957,0.029468161540425752,43.11392987285792,-70.07435076244798,52.23785201088539,1.1845880929675916,0.028996649633814233,1,0.08722703400165628
GLD,day_300,-0.026827843328295464,-0.05183210135461591,0.1025883991968124,51.6383516040645,-111.58196439148239,55.90544059274355,0.8041279993578873,0.0340910568519969,1,0.04452735380820304
GLD,day_350,0.011988232615006922,0.0901517367952529,0.04202768100482035,63.24769056930829,-150.1061089124253,95.73853177649684,1.1165918417299907,0.029629288190380496,1,0.2089001090358462
GLD,day_400,-0.08972923132030841,-0.06903872466521432,-0.14296428798154837,53.80405408708397,-137.1676145524223,53.294314626866125,1.1318249594322114,0.028900361826150103,1,0.01980164137436095
GLD,day_450,0.06300343297193,0.16932188609947252,0.04356908399100656,50.145918582653884,-117.79093924116435,76.30617914278002,0.9930769528261922,0.032243960258840784,1,0.039882723021708366
GLD,day_50,-0.010037716307826794,-0.011890675843039156,0.17359833429918492,64.74475906778324,-690.5800715981911,74.05330760257208,0.7547401811976148,0.022342103048253553,0,-0.004868262846184543
GLD,day_100,-0.0022528369294170236,0.039218345085690665,0.10782777985962544,73.84376970511705,-835.0834344756614,84.71797956196487,1.014699232985423,0.023685939010532994,0,0.007772218475450898
GLD,day_150,-0.015401212254772534,0.023845518687439116,0.3040153549088125,74.29937959467766,-1131.4423204259524,86.11376530310582,0.7083199801370057,0.02453101724537894,1,0.07000838283381816
GLD,day_200,0.012686982915239398,0.05253790862360175,0.08272150932601785,65.7436303227372,-1389.4582004749304,77.30394689530453,1.062071386677583,0.02257968815279674,-1,-0.014407786395526223
GLD,day_250,-0.025338206990625056,-0.01963609521277976,-0.03729953079612791,44.737228257559806,-1540.0645533343782,33.10055426795685,1.4337640710872734,0.022493649330196437,-1,-0.01839886099950432
GLD,day_300,-0.007797341958347137,-0.02468577603102462,0.06948902480487318,65.40274222143739,-1661.3720514771478,79.516286252419,0.8228131753032621,0.023104380242676404,1,0.03612101381350951
GLD,day_350,-0.009293799689116033,-0.02048260174520411,-0.02728618829912599,49.69636538060195,-1645.9529316724634,53.01842040758896,0.7958045689817057,0.025453237472183997,0,0.008075697133044674
GLD,day_400,0.0006471681042603539,0.019391891612541956,0.03156152326792405,50.93663272659849,-1644.644854237746,79.44635606213463,0.8536139113941147,0.02371733188017577,1,0.09780827788017693
GLD,day_450,-0.018274813906972054,0.0013008112209185185,-0.060611590934427806,41.40125774767002,-1658.50522614985,31.7401603047905,0.8431697591041882,0.021564256094083165,-1,-0.015565730038288024
GLD,day_50,-0.008152958873773875,-0.009269069694541221,-0.03867633043169916,43.27438235879519,-441.5635120062566,30.041205482863177,0.9224079823434445,0.010196394860923101,-1,-0.03697613960403256
GLD,day_100,-0.011455131105966854,-0.0577578981511111,-0.07370745502932363,34.21879466737427,-358.7302840658996,-4.430165918897219,0.7804442795577266,0.010466528652088974,-1,-0.018122418900858334
GLD,day_150,-0.0026452233126194047,0.002180996918508038,0.013453392504809925,56.18941160711396,-319.0891709193402,98.40782466863985,0.9411275683686829,0.009671793602772486,-1,-0.02543004928535733
GLD,day_200,0.004920957840269358,-0.01822734917214519,0.003942597278753235,54.6744868597732,-306.95634492737787,35.076756297574526,0.812665712122203,0.009421856365643438,0,-0.0015751199069054622
GLD,day_250,-0.0028630623490567553,-0.019587888690051236,-0.08310925924121337,16.68442119186878,-270.0877621867225,9.052345607677891,0.7334135702904007,0.009524488493622682,0,-0.004197612902855215
GLD,day_300,-0.008947969335098227,0.0020783007337819015,0.003545896328541298,59.23063940437425,-254.92888703539748,62.601684283771455,0.724151164186956,0.00974856073843822,0,-0.004949285050618674
GLD,day_350,-0.015800783442817323,-0.012110184005587499,0.05776744795304922,97.47146784699682,-233.14732989122038,82.52977483122112,0.9053280217372244,0.010188751883723738,-1,-0.02727922115561356
GLD,day_400,0.00831676386412239,0.028988024702952142,0.00035100312466318506,62.04825188457317,-225.6491456052528,85.8644966207444,0.8928069710458739,0.008791941818542863,-1,-0.03914494032957121
GLD,day_450,-0.0028482776860688785,-0.020746310694985004,-0.014118948717461666,45.91064284009381,-211.21917650965375,10.407270402825462,1.3355078512429857,0.008513446769429955,0,0.0011986652053427227
GLD,day_50,0.019560036998780506,0.05252310350650147,0.14092301482468295,53.45207151773144,-143.14446013390062,86.71566662940428,0.9963901602637414,0.02911850880270526,1,0.029722767249040542
GLD,day_100,-0.022061663084894323,-0.007332508427460804,0.0068645491821257565,48.637701912807366,-158.8936806910117,41.690601841670784,0.9872104202364148,0.03281578447642217,1,0.12346767274633633
GLD,day_150,0.025691831589539582,-0.1055266536032019,0.03817540853668344,41.80470426025184,-180.69326003244376,8.723390502578216,0.8154175158347532,0.03045901171352966,0,-0.0012951056553240077
GLD,day_200,0.026226064183601627,0.040543507385648825,-0.1492281303775519,21.170889031913788,-179.9455872080628,16.017676040461463,0.9845365617147425,0.029452472033392622,-1,-0.1443295972379451
GLD,day_250,0.0149643551341061,-0.05530826260231947,-0.04837877037955862,28.820472270296193,-166.05630515819237,-3.5876399358369735,0.7015686790226723,0.030377784698086642,-1,-0.09126904485051103
GLD,day_300,0.010325064359478109,-0.0017047433975518889,-0.2337026054816287,15.94447090697588,-141.21774343997777,14.905062033013897,0.7498961414476756,0.03687912393064474,-1,-0.046258556831264924
GLD,day_350,0.06754395128037372,0.12680012445957778,-0.05553070984062036,28.272187888902096,-107.13892274293518,30.096080732866483,1.019292072226807,0.026623529896642236,-1,-0.06839485429361952
GLD,day_400,-0.05046486166699071,-0.10598989390689162,-0.11441399512907346,36.79091234564437,-110.66950108744214,-12.752340080568237,0.8636574835992223,0.029155946644606048,1,0.09170020303584599
GLD,day_450,-0.04853687591363265,-0.020363611830002126,-0.08751095244578888,61.28273858395231,-115.92457820261338,66.61228202510418,1.1155001275276666,0.030739554191783806,1,0.026669233160744207
GLD,day_50,0.03561978207384753,0.017571729719165985,-0.04759538034950772,40.860468153878735,-483.3122228255161,29.459010407711528,0.9406900296186209,0.03758157925903459,-1,-0.06756530671370332
GLD,day_100,-0.05393534188716531,-0.013015625309672818,0.1763999424739815,89.67418263934363,-367.3637854308602,89.05928476828237,0.6973880787516947,0.04371342317829095,0,0.0016457549339170996
GLD,day_150,0.013320592950602395,-0.039147476339189025,0.10842351293492114,66.60059173052242,-494.7205189902813,67.94906222481528,0.8984321117960934,0.033582784619633106,-1,-0.04102596603043691
GLD,day_200,0.056125337562163535,0.10026992485535846,0.06631326479728905,60.37842761227169,-558.8932881119798,76.81489447898355,1.2447208314199931,0.035982555108917166,1,0.09228376685976943
GLD,day_250,-0.06968228448634861,-0.1497385682321387,-0.04716356281249945,53.65487679358412,-650.0569442920292,36.29585157298403,0.775712018736777,0.03765881352417478,1,0.17497437649797987
GLD,day_300,0.05432687028622518,0.031813560212787806,-0.13217187682570652,23.794314550068336,-694.5644953675305,20.437557468863055,1.2896231044820712,0.036002165557806616,0,-0.004992280494133915
GLD,day_350,-0.04759980894135041,-0.0421020773190397,-0.01436544163319775,45.98397744361684,-723.4248344237999,38.12987963945579,1.0673147623737076,0.03906358507482026,-1,-0.03177359557795117
GLD,day_400,0.019590709957662655,-0.11200880869162722,-0.07209050727572608,59.686130214697414,-811.950461754368,52.56012187483925,0.9261812634753199,0.04307128866235261,1,0.07233647045515548
GLD,day_450,-0.057331699903584665,-0.07304080992577555,-0.288030662315892,42.30787391173844,-757.5327559439968,39.10886060234693,1.1268283881459524,0.03641284542722095,1,0.05348401296127862
GLD,day_50,0.00810482904830323,-0.014876140441854369,-0.05755400606142258,37.62944645284015,-240.85992259976953,13.61618375507056,0.5264978742152944,0.014219757851388343,-1,-0.03638495698228449
GLD,day_100,-0.01135235708601623,-0.043605477721014196,-0.06354654442148056,44.41663386573158,-212.40344963774368,7.101943606247948,0.7847941443054313,0.016849800482314627,0,-0.0030871339964623616
GLD,day_150,-0.014749578159406806,-0.023918764993443364,-0.03142616117639607,39.333024260480386,-185.1273479879283,22.139518812286358,1.161317361904544,0.014786026760391155,-1,-0.017366441400686803
GLD,day_200,-0.012877363324999225,0.010289552220790865,-0.043097766008698524,43.943913137365,-148.17437694229093,57.99418535914369,0.8171334120746868,0.01427944214484771,-1,-0.043086102997603654
GLD,day_250,-0.017926279727703887,-0.03949188002806747,-0.09939629616999557,16.188965321530787,-124.9577302452109,2.6683207878487014,0.7109102264812494,0.013264705907694426,0,0.008904297581667261
GLD,day_300,0.014901694547252431,0.03606961999336478,0.06858374352068308,41.796893136770386,-104.67813638381523,61.54946964056829,0.7536233019871121,0.012863368133658543,0,-0.008132701529375761
GLD,day_350,-0.01624366746401018,-0.03658335131348167,0.044072562636003454,58.04840242539758,-104.73218161993306,77.11324052605104,0.8962376854161455,0.015099778678877069,-1,-0.029065292772846668
GLD,day_400,-0.016512971500780238,-0.028553134876275976,0.02380899780874146,59.76556721692907,-90.02180952578347,62.136655245826674,1.0069776111437017,0.013503826961032915,-1,-0.05122392625268235
GLD,day_450,-0.010884839671753688,0.01766420155446502,0.004729237743794634,56.378915742174115,-87.4677171460612,69.53471501452167,0.9848211649791484,0.016263716248637212,1,0.03141391637484079
GLD,day_50,-0.02169260614835644,-0.19509845513125923,-0.2336190135978461,20.2799836843177,-353.66875969958437,-8.365300068841957,1.1383634759892038,0.040535585062184444,-1,-0.21394033836346393
GLD,day_100,0.04050085143152349,-0.03254972731339689,-0.056855274363521,41.57150309550759,-232.0597394358332,1.3088869986771614,1.1619241717278037,0.04026191083959173,-1,-0.0880488411096715
GLD,day_150,-0.009346505018855256,0.010701012326179038,-0.05848036485120511,25.57450957200618,-250.63712313918234,23.651796155272027,1.381522880094588,0.03376411814783522,1,0.14035246442626326
GLD,day_200,-0.018358467260082834,0.0008632886928805483,-0.07039229187938811,45.688509366411544,-296.94848624679213,45.063352781335624,1.0181143576212885,0.034198413942080036,-1,-0.011510450881998932
GLD,day_250,0.0075813589704494255,-0.01796241690289213,-0.004380811102033477,57.49958692961872,-208.13060015885594,51.022041539955474,1.1720908842053717,0.042469208790139476,-1,-0.011522063283046911
GLD,day_300,0.048411864676966454,-0.04591819157952226,-0.010341869812575233,41.72769364097633,-222.40563338327792,32.3686514322004,0.8963221542688572,0.03605315329842447,1,0.09068633522340837
GLD,day_350,0.10837667815607044,0.0932367694714007,-0.16238646353048558,28.461658169538865,-178.20049150596122,18.203224494963354,1.075425374061842,0.040050209960267064,1,0.14612784001619994
GLD,day_400,-0.01859459450008083,-0.013146214006586332,-0.0791704274244599,54.460876708792746,-218.19465707045023,60.65988630857143,0.8402311819622503,0.034339231717308426,-1,-0.03251948578066715
GLD,day_450,0.02278980407003872,0.030800510341945975,0.3225182995567757,43.02447202738701,-337.0014192368482,57.08087640812193,0.779213509107615,0.036779999448290204,1,0.070681858673163
GLD,day_50,-0.05622895570130537,-0.10447591961861302,0.07051417577543417,69.2793816714462,-111.7072073417156,67.18247382019035,0.9689267063260297,0.027344704018179195,-1,-0.033727386242894286
GLD,day_100,-0.03955271485823353,-0.05277148973885859,-0.12043113958619356,39.7406899570652,-79.84276360635522,32.55644118562851,1.1758609188101692,0.03156921321010391,-1,-0.027331224317545484
GLD,day_150,-0.08463164009216428,-0.014263706333592974,-0.07916419034851385,68.07374171831268,-52.28485529878451,91.90744815936908,1.0322113124918457,0.0299314035347069,1,0.08243363440632268
GLD,day_200,0.03484160407602643,0.049918343821419464,-0.01617282423426758,44.702595086419066,-44.57461849355523,44.73206065592359,0.9313278110187797,0.03605544225199661,-1,-0.03039106924906395
GLD,day_250,-0.014794514488038812,-0.043514650031431956,-0.040500698843462746,32.38744449340351,-46.38911109307818,19.91252531392491,1.0102996989073734,0.036034590400678246,1,0.02828374702585027
GLD,day_300,-0.017419078281097455,-0.05891247252954923,-0.04621829749087436,37.82836786077305,-44.1473955365365,20.386642615265867,0.9625420869078416,0.032402726891642614,1,0.038518760232467
GLD,day_350,0.021345490434566683,0.04129901745490949,0.10220907785182143,53.83003803463969,-50.65724308649583,94.92293142946707,0.919620891508231,0.030346909956449546,-1,-0.014668290382489063
GLD,day_400,0.030142982309344424,-0.0068371731745549,-0.12937895500420626,47.43818779386643,-59.11328808924418,20.3254527865621,0.8639113709357487,0.037030436289873035,-1,-0.056047251988215155
GLD,day_450,-0.05024916278234526,0.08293039927457424,0.19800073611291635,79.7065806505752,-60.5826453314389,120.28072252415305,0.7911504931564558,0.030490655057644128,0,-0.0007815664284534264
GLD,day_50,-4.204475802227492e-05,0.004556813654516878,0.0478517684055384,62.68928122657256,-119.24562733190446,78.37877579638676,1.0977570651766926,0.01745988621527504,1,0.10731669987039125
GLD,day_100,-0.02641095072533084,-0.08589367329646913,-0.04109404881495893,43.76868768581319,-143.7183342432377,22.596069285772874,0.9028192020924981,0.018857586655893425,1,0.027972327790668904
GLD,day_150,0.013933582743466344,-0.032490423879806496,0.023603688785327037,48.58317874472751,-191.454791330004,34.88439587208284,1.0827696087185827,0.022268856315800584,-1,-0.035316259245638026
GLD,day_200,0.02619061080235152,0.07796106177533102,0.3159400124217433,89.53998127044677,-252.85960574602285,93.24488701200437,0.870555492001916,0.020355073750347678,1,0.028112505146843426
GLD,day_250,-0.03000495615191867,0.021218888671800107,0.08602670825905223,84.7151758045445,-324.5844340407844,92.11194617491768,0.971014911720583,0.020914307689772718,0,-0.00570058030179619
GLD,day_300,-0.029845087564812522,-0.054560416585397564,-0.17310815366349508,10.764071653414447,-311.06274398074646,10.727186573799278,1.8120766903583538,0.019576907194993123,-1,-0.02233943987418223
GLD,day_350,-0.04509496313704531,-0.055565121376863646,-0.1012840599368664,44.85826571764043,-292.4214719334249,14.020756144708365,0.860843964878888,0.019589040443368778,1,0.02957246946149317
GLD,day_400,0.03652814057685605,0.01857000656177754,-0.08642044238474333,24.85999143175617,-250.314849019913,22.55795732138443,1.0548939295199082,0.017825168395583152,1,0.06734876933693525
GLD,day_450,-0.030635344301607303,-0.002792895680091334,-0.11489790904539199,36.07591729419286,-295.6556870123122,37.651585638545704,0.6152230253446594,0.01871192810334675,-1,-0.036239111578838815
GLD,day_50,-0.015852572017536426,0.002814495109420223,-0.001766885615947622,49.43319458999767,-244.07461091521012,65.2977483389105,0.6875172607934137,0.012133049855429722,1,0.026644734613403564
GLD,day_100,-0.0072524100989163065,-0.019092959839310364,0.09177595134591665,72.58455053453255,-263.8401360460477,78.7824944464828,1.3424636323505066,0.01243219666796545,1,0.0592852598985138
GLD,day_150,-0.005163177880694536,0.02077166319934065,-0.032022388993344975,45.53779717204793,-265.9151557348457,54.709261582509384,1.4811984651219396,0.014298277263242254,-1,-0.03372763161386694
GLD,day_200,0.01184230497654215,0.011945239504058014,-0.01224457323425876,20.63999897713782,-226.8193448277774,25.50323219200825,0.8788920421086746,0.012006698510760841,1,0.02857723746549601
GLD,day_250,-0.004762383586718766,0.035700138417723126,-0.02209057341293641,45.9389105385367,-242.29689328725038,55.34613013577564,0.9980342897873801,0.014101446460560456,1,0.013205931524690608
GLD,day_300,-0.009356714082649709,0.006744754509012685,0.0503276287065193,62.671363788500074,-223.10914308396988,77.21915470327625,0.8538098339860555,0.012655326702466356,-1,-0.04108505793464533
GLD,day_350,-0.009535459681344505,0.027785275940060306,0.08910597029149425,56.18099476641953,-229.16706157115925,75.86993789526673,0.8044805953591904,0.014309049438587367,1,0.02831792094735737
GLD,day_400,-0.005592248797453903,-0.013714348968697943,-0.006337285596587416,45.62124029198506,-228.1441297412572,24.075622112197287,0.6748799884926958,0.012238251485308662,1,0.02484678452980625
GLD,day_450,0.012021447281369557,0.048536114240807615,0.03777203077451197,49.50548781926496,-234.6436698939485,82.34703545064976,0.7935196618868277,0.010212302179919018,1,0.07486370924337214
GLD,day_50,-0.014400017551751465,-0.006702632854204693,0.01209721788593443,66.4106684199339,-85.83043486491425,77.16816651051377,1.0804180165082622,0.018570840354822003,-1,-0.015111680741011
GLD,day_100,0.04404581845652733,0.09771523029361506,0.2566209213412507,82.47462986069155,-95.99197214136966,97.86061195247872,0.8003830662599912,0.01843785225192562,1,0.053281904412432524
GLD,day_150,0.02729934474644402,0.048448795201901707,0.1682295679096555,74.53744343478625,-115.93718170073129,92.54115180834744,0.6773431512076291,0.021687366938783488,-1,-0.026599270849083628
GLD,day_200,-0.031800662039013106,0.010424109332833664,0.011694868236340472,54.72224627488542,-134.75403522509106,79.59910569657923,1.3324131490449427,0.016637291917270848,1,0.04519071163570912
GLD,day_250,-0.01985343467789813,-0.06626216764794512,-0.04600320664475177,46.46626849268127,-153.99791573820957,23.89136668666633,1.2228026085483472,0.02038543237040516,1,0.10075975274178466
GLD,day_300,0.008128672183560726,-0.002892483632411902,0.17503882533414528,63.11621332582534,-231.98402241270364,76.92776022931473,0.5904402226364205,0.016778196717992543,-1,-0.01602428640742713
GLD,day_350,-0.03322250049700359,-0.06118032709510346,-0.13238917518738957,26.649773282218163,-288.5066313119344,13.553291666651232,0.9954514550357909,0.021787456009190603,0,0.0032805674396595005
GLD,day_400,0.037211749648659476,0.14243638996710728,0.10767106487231959,75.84220772283985,-266.81439896282086,109.08822343072902,0.978425466435141,0.022479546258672614,-1,-0.04617002699280043
GLD,day_450,-0.01053553377929406,-0.06855928273031286,-0.07009140156881988,43.55592529361637,-308.52654991710835,4.6957626631563265,1.1460100925142074,0.023116490823076437,-1,-0.043428703291294626
GLD,day_50,-0.041140640806599515,-0.023863964225825818,0.03213191268652027,55.136099481087086,-360.4184438244942,61.31166664077578,0.9022941872768957,0.021373374645075185,1,0.0244141614046433
GLD,day_100,-0.016882396770473873,-0.07206714698041561,-0.1588842138089448,38.79435587745282,-301.10689263523045,10.568684758689157,1.1461660976283905,0.020781617278686725,1,0.014328170704953319
GLD,day_150,0.01642714752067742,-0.004190524869601808,0.2294958769607558,84.12724307267904,-340.6238583474841,79.73862052057325,0.8724057917585099,0.021461686966355305,0,0.008473275705812376
GLD,day_200,0.01398269949966191,0.005199368835746787,0.150151377302979,77.27437023086571,-477.5830573481298,69.23208776422044,0.9828994847536364,0.025030356934518376,0,-0.009082435644051317
GLD,day_250,-0.008959235622794992,0.05261618484664643,-0.03836908790924687,40.801652709132036,-526.4706853517573,56.1096415754735,0.9313778544286593,0.024993869693508718,0,0.007065551930811427
GLD,day_300,-0.002723401359737254,0.01571542888131927,0.13260328323685755,77.7728878717083,-589.5774181809772,87.3025617820635,0.8058494630813915,0.023495763912059934,1,0.01609213104574103
GLD,day_350,-0.01720213162082751,-0.06065737130058391,-0.12305813240246044,34.930561831352634,-556.25290225931,17.120951195003965,1.116007733911409,0.023195142514262614,-1,-0.06067623362188029
GLD,day_400,0.02242901043828094,0.07748412962285411,0.13953733610134167,77.9313970442992,-589.2589596530992,84.25809151018547,1.06902499088805,0.027154113113168763,-1,-0.04210229773346398
GLD,day_450,0.011404174291707259,0.11630034910665232,0.0032335080185792453,59.965487442231435,-556.2021138576529,87.34128809297799,1.0184921058408376,0.024145971655615835,1,0.08183340516172709
GLD,day_50,-0.0289956936301069,-0.020890050522380132,-0.04321491868924743,47.852139143562155,-353.7918928624582,39.838710242960694,0.7832249940061806,0.026171930067566924,-1,-0.014461159314992164
GLD,day_100,-0.00664448341791346,0.038090631970568944,0.015656159209721743,56.77200617474611,-323.77840166380196,100.75309865357114,1.241151030299278,0.03238310178542399,1,0.16488236042808138
GLD,day_150,-0.018345773689624534,0.05228351558981803,0.020437505485717766,44.75670021678988,-456.5498284384103,64.99451870101694,0.8566505599736465,0.026673766679812458,0,0.0014200549584160625
GLD,day_200,-0.009548142418325134,-0.0655589920257369,-0.07304979678043477,45.714365918517764,-437.38214652136037,21.48711277300173,1.4328354759788318,0.030062332359914398,-1,-0.05731240457579195
GLD,day_250,-0.01570908709577934,0.06908343313575216,0.19403557508014213,64.69805180575318,-340.0292543543282,103.53124211586928,0.9262395661594865,0.029237532776711386,-1,-0.17903568198218825
GLD,day_300,-0.013903905017688789,-0.11458780212956499,-0.1047622689680594,38.789929652018216,-190.71465952808288,-2.2575807766436724,0.7328515345742624,0.027110290217013337,1,0.12466120224441403
GLD,day_350,-0.003156349617503773,-0.10119902043748841,-0.1431670104256748,29.418111136486573,-172.90592166993886,-3.093375567530476,1.023955959475512,0.037058301861212305,-1,-0.010033539593638537
GLD,day_400,-1.495052877742431e-05,-0.021949361819593283,-0.19226035408080178,41.211780582236514,-129.69468011123624,32.7427538286172,0.7993743218653654,0.03050106363664724,0,0.001410073545074494
GLD,day_450,-0.004867278151575172,-0.13230907198027486,-0.17570819985373398,25.74917849271567,-103.11772944575641,-15.083570340718602,0.8885271670089689,0.02459760385160518,1,0.010058132368492258
GLD,day_50,-0.0029476137920393386,0.0616090399569702,0.19745254019329184,67.65225463433761,-577.1603937532876,100.090329569114,1.1415804790376485,0.02080169086798111,1,0.11526623787803632
GLD,day_100,0.030621103511106362,0.017656696584044118,0.033236505617122214,64.6666378840203,-748.7845046766369,47.79381671498753,0.9863536613285263,0.023658928699134805,1,0.05571355897358215
GLD,day_150,0.00770756140127582,0.02654599439928984,0.13881514804735584,79.60127970560427,-853.2421300138311,79.98624623473538,1.0567549327801278,0.025379264707230013,1,0.06427681010237485
GLD,day_200,-0.02641275851762359,0.0395316975064226,0.04852978335594105,67.64254544207877,-1034.177694347973,108.72669683131424,0.8530404344746946,0.023484653201209252,0,0.00467882539826476
GLD,day_250,-0.0204502251010219,0.00811708019974633,-0.06568634257572692,44.85634751100606,-1062.3813190320623,50.30985860688942,0.878655355922959,0.019641662095249604,-1,-0.04156404026730654
GLD,day_300,-1.0423307578166785e-05,0.0007321097009018729,0.1130596537097428,65.10473524177436,-1151.933124565195,63.46747364184932,0.7664277551823809,0.021917474417914782,-1,-0.02859606191023065
GLD,day_350,0.009084207573091918,-0.04111306581171337,-0.08830968008629692,28.646935336380935,-941.6316049352906,-12.274570400676325,0.9481341398339093,0.021707412864127834,0,0.0037656657480573587
GLD,day_400,0.0056428061183990685,0.0441134506473424,0.12120421986289931,64.38008359180279,-802.6367097845515,101.11328562038864,0.7494050716993802,0.02199755296838144,-1,-0.060058759753171966
GLD,day_450,0.013543050326968453,-0.05153630620934668,-0.0943612040368842,30.387723724044704,-848.2271670538914,-1.6054076063703995,1.1049359274119772,0.022562801115999762,1,0.1506698445407319
GLD,day_50,-0.00616553814675036,-0.018207606478550464,0.050283017920644824,58.94124935431524,-477.529566864112,59.890748894940025,0.8586841481279592,0.01725894134889253,-1,-0.010015428385841657
GLD,day_100,-0.016416445620935916,-0.03636134224281529,-0.019671691416852544,54.593204073534615,-415.5984416030889,57.880879743021026,0.8527335790515276,0.015571880313673415,1,0.018506197035277328
GLD,day_150,0.02659066820937639,0.0572810070530958,0.03556884280683814,49.534628666606025,-452.4093133556675,45.32683695075116,0.8750732470825664,0.020021378618645756,-1,-0.04256548782014111
GLD,day_200,-0.0313148638132934,-0.06288203302124185,-0.12769313998253295,51.66347539096887,-419.37111724380304,21.813143236286894,0.7044273790643513,0.0233355629207296,-1,-0.019826038282029872
GLD,day_250,0.0029165265025528075,-0.05187976159021579,-0.07378190029761345,50.80666345562772,-394.6720173603356,37.76025921372068,1.010816702799535,0.023873412393936613,1,0.10804522037057311
GLD,day_300,-0.02483410352426685,-0.013662430056501806,-0.11899342945020819,21.26233632663694,-381.799146696186,25.37316506604042,0.8946972558217521,0.018636395399160764,1,0.014911120614881503
GLD,day_350,-0.006606214486451822,-0.004590547254317179,-0.10219321265530534,36.37841484347056,-378.37456423489147,27.914560576618147,1.2075750611492648,0.018152677563111282,0,0.0002871724532103299
GLD,day_400,0.006148107648084489,-0.049594092052873684,-0.0329762227760656,46.36693679852768,-334.04296913615605,29.730928105603088,0.77385207713778,0.020023859924369627,-1,-0.013130859271342348
GLD,day_450,-0.003638869438135073,0.02544408150055566,0.029174035493798378,63.66095994010669,-308.21741990260585,92.37405503375493,1.007516061704676,0.019089397468308695,-1,-0.04803080002792201
GLD,day_50,-0.0049858371896553955,0.04042967134971409,0.0355679561043829,47.66498727695762,-215.65363369444478,77.01001919114621,1.1115644431587217,0.03951076360952457,-1,-0.0618525009782585
GLD,day_100,0.010196237804753094,0.004895438436037347,0.0644251949734218,57.43049853304612,-244.64789973951432,63.801517274812504,0.6634606308951965,0.037930497302360235,1,0.09836341142740455
GLD,day_150,-0.017922607210655528,-0.08485691232915271,-0.23672667125315539,26.47487261301876,-248.58443699540163,13.608801696725974,0.8244536206214937,0.0357377585897529,-1,-0.027328358543588085
GLD,day_200,-0.0490997662774485,0.007339151488932494,0.3021351550316298,75.87438089626663,-305.4142513681143,94.00884673160711,1.2351258221436534,0.0344908699695392,-1,-0.06214203140864142
GLD,day_250,0.012162212025614627,0.08382156481085201,0.1007921101316962,52.59502662697527,-321.3784168614833,62.01370639376545,0.9146761301143931,0.0385109308539424,1,0.11013916855787324
GLD,day_300,-0.025031975129924167,-0.05971986235539373,0.18073759204578455,51.44062500929819,-358.7538879196691,53.56328656961664,0.6433805877022138,0.03977579425676077,1,0.04813615425362443
GLD,day_350,-0.012583798808706192,0.03263135934582584,-0.06287185567414655,54.60366074446788,-368.36953245793626,72.45773887942958,0.9896281218085295,0.035716125507223646,1,0.0927855694445454
GLD,day_400,0.002592466207419486,0.17016157153751021,0.29122812768456674,73.6338119418863,-352.34786739193567,113.67411924941754,0.9230136263073832,0.040883482307034945,0,0.007100214863454911
GLD,day_450,0.014906677533056856,-0.0017599277923193712,0.038953074124431275,46.88548078505202,-422.01018059559215,43.63791132958321,0.9546613392490972,0.032568269536565456,-1,-0.05346697004935706
GLD,day_50,0.02074885309697505,0.000861598878111991,0.08010071449715617,59.427160706017645,-488.3572759092366,62.34828259980685,0.6661976942738138,0.014089825456708404,1,0.02547544363903734
GLD,day_100,0.006633136251588345,0.0757785477173234,0.21417197236562746,84.9965387804842,-614.9146368339437,108.23355949794289,1.5396168897330833,0.014915422897079719,0,0.00816094056068243
GLD,day_150,-0.0032634621140866793,-0.04125318316891502,0.01346985139078849,44.24407402946697,-680.661004664264,31.622991471112883,1.0125012816070076,0.015605024841499018,0,-0.007596193589380036
GLD,day_200,0.028881476728477518,0.0059464988323076895,0.025623540440415038,31.538976205692265,-629.9007945811418,8.432445255591032,0.7982605415679425,0.01502674658383165,-1,-0.059825626057444695
GLD,day_250,-0.015088924217332211,-0.029892145093721734,-0.06582186669617796,34.54512731514666,-686.6166423968413,9.077286125351838,0.85584793003792,0.01869132800366451,1,0.03737850735471173
GLD,day_300,0.00930725951770528,0.02768857441479433,-0.03955462655511721,37.657109098370974,-648.9446408570445,39.07921758413144,1.3126607298820552,0.012062823285348308,0,0.005891421033200995
GLD,day_350,0.000874063620158072,0.02364391501523677,-0.024667240919798106,58.925455168541,-634.9952807650656,78.52238729678488,0.9838939409157892,0.01595462010956311,1,0.033641490287231825
GLD,day_400,0.001233963892717016,0.03161027272509842,0.11586346613357268,66.42881958295806,-711.3445082486451,86.78820552307435,0.8176279711647094,0.017066977569926287,1,0.022337964369823902
GLD,day_450,-0.01870174093259791,0.0068691293366749395,-0.023295874807480188,51.76025643670931,-696.2222315882834,49.95794029682645,1.1616817183649157,0.01439883033873734,1,0.02721713175331675
GLD,day_50,-0.006613816716212306,-0.005226370911027289,-0.04509336795671692,44.56544320870803,-57.155722782518815,38.39706163762629,0.9748131964597486,0.01953155652618814,1,0.013297204629145286
GLD,day_100,0.0006496013738801487,-0.015435857002516484,0.011079918703416292,58.33025598209152,-44.544056374104116,73.76719492351668,1.2275870870171934,0.02151227618252724,-1,-0.02042611501511805
GLD,day_150,0.03271217886276512,0.1225448895493908,0.1285159863427543,62.648016264211485,-44.13448205510771,111.1201550330847,0.8358469154938633,0.023790986995945014,1,0.05563299758238302
GLD,day_200,-0.003232024633752495,0.04627571965816424,0.11036667406347278,94.82720362265883,-61.025806317053565,101.42483501073487,1.39608815726101,0.020156907246667785,-1,-0.019641045916392156
GLD,day_250,-0.01141010709925816,-0.09952716128064243,-0.0750193184852973,29.8335723401337,-64.20123841212123,-13.533575970137596,0.9203968325757358,0.021306588613451374,0,0.008376592104387449
GLD,day_300,-0.0055421743795947,-0.007404377837606169,0.00916526278415608,51.33218989039414,-55.177081924533944,59.773436576491555,0.9108494693245304,0.022074764887817733,1,0.057302221720476776
GLD,day_350,0.018014257355837282,-0.02142215610675713,-0.05527111840174448,40.893321133193645,-68.75883585369736,0.8662342854636826,1.1423764355390074,0.021830926303280734,0,0.0018261761616859763
GLD,day_400,0.040935543012053266,0.0940587541177853,0.004343169665583346,58.65473253681727,-58.950250759002344,73.4274091630357,1.2318620766639905,0.01963153374039039,-1,-0.039699206559415515
GLD,day_450,0.02467151673090573,0.0821140151778752,-0.054083567240320374,29.885277065154014,-55.39485490785508,35.135212129478646,1.0210453709732417,0.024255474941969647,1,0.03926757659571852
GLD,day_50,-0.009519356264707124,-0.10614521683196565,-0.11466093110055986,29.587588812294953,-212.9487917693632,-12.927233155262963,0.6842433386047331,0.03792991179560627,-1,-0.13549019278158128
GLD,day_100,-0.0031246695550698478,0.0582311361832053,0.3263101636792085,81.64495164137122,-161.7106125066892,93.04612286850154,1.075894873485661,0.04084184192069186,1,0.07869816592054103
GLD,day_150,0.03206664290465966,0.046729738550645106,-0.012313012107943666,38.582525226945535,-181.22016977343955,42.0085635902798,0.7863685009503227,0.04446400748381121,-1,-0.07672632963644901
GLD,day_200,-0.06347438417372064,0.02575003868083936,-0.12724423135981888,52.00332885973227,-163.71360115547665,55.19170295727107,1.1063758815541196,0.03744889756150194,1,0.10797392067253996
GLD,day_250,0.028686700906597418,0.0636933899911043,-0.0768278533219976,43.410865102559114,-104.85146076112952,42.068364771935194,0.8045916385573348,0.03994581006593904,1,0.05683513350774066
GLD,day_300,0.015570206810819887,-0.0227510815016444,-0.15855065081039632,37.72783362467032,-94.7849472865981,16.526906821745133,1.3142576202553802,0.03336619125469674,-1,-0.07675926171085116
GLD,day_350,-0.019014886032200362,-0.013295308698895614,0.016216599701400325,58.78606480502207,-100.22861729801407,49.2377366345207,1.207598761892194,0.03649480117123183,1,0.024487735311290258
GLD,day_400,-0.0033696356971961716,-0.1022964334031341,0.372050588424512,71.25824076684003,-123.96172605491138,62.56328538257622,0.7743138127943981,0.043451529624194116,-1,-0.023623510830451763
GLD,day_450,0.06884532113522956,-0.011398067119848587,-0.08433760907436572,30.344270526421397,-102.10103368754609,-5.527599489228138,1.0601779738643435,0.03469049935321801,1,0.09915863160080171
GLD,day_50,-0.009937497474972634,-0.02082319302126634,-0.043909687031853384,36.375753748637536,-379.1561401205023,13.82363034576701,0.7040279516912789,0.016014861955803854,0,0.003988324203151746
GLD,day_100,0.0146237921963972,0.020195132637506275,-0.022579868203427167,51.455455525263844,-361.8940042751902,31.95669853525803,1.073134658427652,0.01592591547880167,1,0.019011977523461666
GLD,day_150,-0.003185384251055967,0.06466454846873737,0.07407136314276452,70.25521263918607,-400.8045841651469,110.82481699078505,1.1428223789636802,0.017268093736722924,-1,-0.032382777219077355
GLD,day_200,-0.020032086912694758,-0.02765635514698761,-0.05029522518924967,31.068762258363847,-468.2984655845189,21.31515428101496,0.8392446478922302,0.01660115235196998,1,0.02714224693523632
GLD,day_250,-0.01751761466560564,0.060200480349570595,0.09233516383309581,60.61909644639933,-516.2060226487906,102.62067226273275,0.8803215311894299,0.01687283786807925,-1,-0.028653712044581406
GLD,day_300,-0.0023485887758821766,-0.027416958347957432,0.06303187675051314,60.92204069996137,-469.1483186973272,66.87341012300637,0.8969295992103175,0.01807090246109503,0,-0.0011263996233502346
GLD,day_350,-0.011365916564309186,0.012455310391840113,-0.01696625800687923,40.59901197319849,-458.5932514835206,34.419698844751636,0.9677038104513616,0.019271970314086524,1,0.013985403604612345
GLD,day_400,0.0023632861805644723,-0.0035188206951218826,-0.017095874161772828,42.58059703032491,-435.76286871432046,38.214674561891314,1.1700597971556836,0.017558193905518035,-1,-0.06329521093166639
GLD,day_450,0.01944507191635969,-0.003290321012352382,0.08520537164957709,54.25382154524365,-415.1591376816618,56.296931215892165,0.7454732445609433,0.018048299449011884,1,0.05041265028161261
GLD,day_50,-0.03570580082708097,-0.1429048394342599,-0.043099720413719456,40.450852384570254,-355.13034915322993,17.301222891694128,0.9197843329338361,0.03455105171288747,1,0.14828651817993396
GLD,day_100,0.07538733481752602,-0.0072642152805256766,-0.006130468816221701,50.16757402379063,-430.46207854497715,41.99933455529351,0.9993430810183735,0.037282639772230626,-1,-0.07352538077830417
GLD,day_150,-0.0014390326956201793,0.05168982483556994,0.09684799526874599,55.757320940035314,-461.2241027781839,93.61188495570956,0.8659176613681878,0.036280973961829006,1,0.04762257959451571
GLD,day_200,-0.05311261448279203,-0.059622680978185905,-0.08602178610532685,40.00126737203237,-450.827890619369,25.32532185216146,0.8913146118541283,0.032052867247012354,-1,-0.012014285449264868
GLD,day_250,-0.030017284348270112,0.09975242910057136,-0.11073084068117212,50.702941585561106,-271.974622651445,61.31368542529432,1.0430876970237672,0.03126859521116914,1,0.10246845070262146
GLD,day_300,0.01381645586807223,-0.04531424493568825,0.3352785374788563,67.72889690023585,-321.6743645795922,65.96961493061988,0.8547791961774267,0.03558817065437333,-1,-0.08348176245922487
GLD,day_350,0.007797872626078783,-0.041146819059999395,0.06744373529664194,56.697016480941784,-314.34829773122016,44.53794024453735,1.2140963031750642,0.03984840970945647,-1,-0.018893612287182043
GLD,day_400,0.030809927321530317,-0.0664253580225721,0.20672498090857938,44.240806816761406,-420.74243897832366,39.489679858805914,1.3142102367504405,0.03101604055596788,1,0.0259955453808994
GLD,day_450,0.0028006242345717247,0.006623935035066308,-0.25260656931821623,24.240018641861624,-395.35449671302507,22.13298208090268,0.8015862279962709,0.03401272918069952,-1,-0.05141127326805814
GLD,day_50,-0.015376416199991971,-0.030703133388432557,-0.0044979227620716156,52.75234939139295,-522.1095766124483,36.57111239150775,1.107924734921946,0.01787534193937383,0,0.0055692821062433544
GLD,day_100,0.008249470642434531,0.021506533648652404,0.14863334281815677,75.31799654671669,-613.8139151161643,90.16517336167671,1.0243664515240183,0.016779784952742165,1,0.019350124980459613
GLD,day_150,-0.010054475683600739,0.034204771729525074,0.1193591487146568,76.38833740140376,-784.9910232362967,87.75223590714985,0.7534355557354862,0.016130553447606746,-1,-0.04365313639390801
GLD,day_200,0.04712939832480201,0.043855833823422063,0.09175586146166936,74.3215023121159,-878.8969910555625,73.93176342770943,1.237751929770503,0.013476871465336453,0,0.0069490383542582
GLD,day_250,-0.006324131558308466,-0.03019370429919288,0.027411302912032642,51.6914062953496,-955.4126628938193,55.055055533150025,1.0082035639662112,0.016910820935526604,0,0.0057052071390078065
GLD,day_300,0.016003389025859516,-0.0008233258094130225,0.03806016405076584,50.223568193365814,-865.2129259668682,56.49932301306308,0.8858155118994641,0.018407762560477225,0,-0.002979578589516539
GLD,day_350,-0.0037318008825620863,-0.011584135058225642,0.027318272496999363,65.1508623864679,-925.5668067134741,56.27560619058277,0.9245039275759552,0.015381386415809464,-1,-0.042418776362994536
GLD,day_400,0.036725109412220736,0.05875039716935726,-0.03490621140662831,43.33352519207402,-798.5695101774303,36.7425692301828,0.8448617955049601,0.019701122433358042,0,0.0035788195640624287
GLD,day_450,0.0004759013999064976,-0.03500049743375766,-0.08039291137303428,34.06284695493456,-731.0712810007949,8.589620934645108,0.7491918544186658,0.018995471123264468,-1,-0.033278873341010026
GLD,day_50,-0.04733002726121316,-0.07288608950497111,0.0008004381138373429,52.14897527401265,-200.50051151357215,53.25849884301661,1.2297915568271005,0.023251867207050313,1,0.12369832502075391
GLD,day_100,0.06289603192483906,0.02306635112948663,0.21980882702594728,54.710608652802726,-226.69380993014144,47.26493832103242,0.9984308611519352,0.028301656017973638,1,0.06172840762124561
GLD,day_150,-0.013498205181397327,-0.053262956583896126,-0.022151205302353705,57.86518698166985,-216.9158813710203,62.60233752744111,1.0931438065902326,0.030215453519348096,-1,-0.04063587320626287
GLD,day_200,0.030750510262551822,0.01842693348418556,-0.061001609243352406,40.876682816494274,-196.1491737075392,36.17932231639903,1.243746367222783,0.02660755783751044,1,0.04071126993059221
GLD,day_250,0.02330635925571678,-0.03461130831692105,-0.07752983078427012,55.48325055015766,-225.93369846910332,41.48947378135587,0.9730042124444447,0.03148403255271221,1,0.013926350034662818
GLD,day_300,0.02519358553666451,-0.00172421852544824,-0.07389654547358304,26.730688067868826,-214.61390120164342,6.340356016167465,0.8244236802355053,0.02482028743521352,1,0.08987018600801962
GLD,day_350,0.02648302380753864,-0.029577733732518596,-0.08605379033070526,28.62914296619381,-199.7322560138133,3.7753943252188495,0.7919653668707551,0.025014031792330773,1,0.01565760289483703
GLD,day_400,-0.03660218294198181,-0.06369575389651139,-0.13723976046830733,36.373947444811165,-223.48031884536425,20.50860019654967,1.5915956339150452,0.029453371352221595,1,0.03376505933349557
GLD,day_450,-0.020518769385443947,-0.08884998100569574,-0.23330250853971857,20.860992047797126,-160.5733331398587,7.6363102423113425,0.7387924678629942,0.027999715290299394,1,0.1300495224781384
GLD,day_50,0.02078028985506597,0.047306624337302594,0.20486777254641408,79.64945479348856,-94.99915680044933,78.897921043326,0.8660283447452811,0.019544985085894393,1,0.03993282715252388
GLD,day_100,-0.0032074628289785467,0.03792240016651527,0.015482622166808513,64.27619495118141,-102.74948970660864,93.12372384035547,0.9173924406487995,0.018045800836312163,-1,-0.03723352399886551
GLD,day_150,0.0115580126763688,-0.05401478670636395,-0.1686414933256024,24.287677090466673,-106.03748392446218,-1.8150637276290273,0.9495972408415915,0.0229380977534017,1,0.013085640420261337
GLD,day_200,0.016790534865719575,0.04544097379082923,0.07308790365855033,66.84660449796874,-109.68531733013218,73.48622381785813,0.8435617827761076,0.017764859930912286,-1,-0.016935448851777387
GLD,day_250,-0.006260933446780692,0.056925580100557704,-0.02563530493180355,53.65477082142758,-112.37794672464126,78.56060537890019,0.7124031402901613,0.015833251873253063,1,0.0740806455005559
GLD,day_300,0.005080296838541276,0.061273597357536014,0.08116215106302116,71.85704808262916,-137.13600701522316,110.96607512473213,0.8239412267002486,0.017284767048109405,-1,-0.06397848234516502
GLD,day_350,-0.00829450791352837,-0.05521708190329566,0.056525869340778856,51.69954650837742,-139.20520981429982,47.56378208211975,0.764134939345921,0.019368295332564744,0,0.001207755865718585
GLD,day_400,0.020803772112956143,0.03982189860655261,0.08830179555887008,46.48844786665272,-152.61614324239088,56.89670102898118,1.3101582207595515,0.01729496992981657,-1,-0.013136790292871979
GLD,day_450,0.02314215751013049,0.0735545972963978,0.12389753904063183,71.76973156608852,-172.04732104914524,95.49737868084618,0.8590402021759374,0.014888842539348933,1,0.01772740461960539
GLD,day_50,0.012872107553858703,0.106762763568647,-0.12149469102861743,30.984797556833286,-398.1611768508105,27.016952516263025,0.8929389546951995,0.04019027036050638,-1,-0.14729863927779777
GLD,day_100,0.020239921313704112,-0.08844979608246573,-0.233280723006411,16.760726199412815,-273.67420989744903,7.942658210070127,0.8827450326845303,0.03409551463449382,-1,-0.046865980346709864
GLD,day_150,0.00020384632907655131,-0.0751586494039248,-0.06047430789014452,35.323365826290356,-258.0352402019314,-0.4508733295518094,0.8806428319944878,0.03680331190364613,1,0.24808406498856034
GLD,day_200,-0.025723484787646078,-0.018788044720784325,0.025874192508108962,50.65325217797962,-388.44543771959565,70.9464855652229,0.866240518824873,0.043238700458233276,-1,-0.03732519817455213
GLD,day_250,-0.07130401493425753,-0.09027408872535103,0.014619719692277267,59.721086713368685,-339.72690558898245,50.64336181486506,0.9687340414403153,0.02969179431346335,1,0.0397045295749655
GLD,day_300,0.018339928753388524,0.08764143774229516,0.07486741249877937,47.69283310045277,-318.886418482813,93.96575497611218,1.2410561133709384,0.03266392859013353,1,0.07762905133636809
GLD,day_350,0.018685555651106744,-0.1312250484806553,-0.0699557919300341,46.21427170750606,-465.04115662793964,-3.7130926722756565,1.1547615951746522,0.03790733439131827,-1,-0.12508285755050103
GLD,day_400,0.05812977476681391,-0.00913290833736724,-0.10281882816327992,35.72170013496449,-330.32631518155904,5.821723329986224,0.9330268874584596,0.04050997318739131,-1,-0.06544588198304463
GLD,day_450,-0.02124232961327155,-0.19639522384959962,-0.2914617286402945,31.65955864519387,-202.70472998048626,-0.2436280089792377,1.0234420057993747,0.03863624484181325,-1,-0.0345649670678923
GLD,day_50,-0.025377604449872027,-0.09173736510731145,-0.14263437477623642,27.747351210156268,-386.5749886102436,5.453641760248205,0.9147780012524596,0.025959347039409494,0,0.0010006030298987368
GLD,day_100,0.0028675294681181906,-0.026847676949187327,0.015537336702169169,38.43445558135018,-372.00492383181285,22.509042139423542,1.0202073647942538,0.02032615052912145,-1,-0.051902290455421586
GLD,day_150,-0.009913903402284152,-0.07447193572191524,-0.03524453590340548,35.583285068586875,-332.7358518648584,29.470669613811673,0.9903336042438912,0.026576446737029982,-1,-0.018302690659321302
GLD,day_200,-0.019232404739837783,0.028619554388907398,0.10510940872664398,83.00655226163823,-334.3899146437198,103.49493891430677,0.5669296494214066,0.02068949040848036,1,0.11363322234570682
GLD,day_250,-0.01961602830545528,0.027031997638395033,0.21655650074680066,64.49669231782227,-477.4730917489578,86.21927964958896,0.7640164108081714,0.024526129287556205,-1,-0.049685851022503474
GLD,day_300,0.003942381547798801,-0.021582402971421777,0.0793638215593413,47.69051744988102,-532.5419550562805,62.63117685757391,0.7472567505888912,0.026379719304903734,1,0.02736164848407356
GLD,day_350,0.030946011535931683,0.046038819855829916,0.01612341118557703,72.03732211446174,-722.0496849043599,70.7997714649888,0.7584638547856177,0.025982253570076483,-1,-0.07303051723894927
GLD,day_400,0.0028533321166290815,0.05347556693701927,0.08218005585300503,57.46816357131297,-844.0504301836427,100.53302164504254,1.130329753939039,0.024194272913982514,-1,-0.09161065147875495
GLD,day_450,0.0037538658788507373,-0.039360559707244835,0.09134644605106113,59.364319319245055,-978.3439530586289,55.8822432879818,1.004567673003583,0.026541941835010997,1,0.10235746648425607
GLD,day_50,-0.016248653076357367,-0.06600712831947908,-0.05385663495699289,52.15469798384153,-196.34009944985706,41.91066403254561,0.8619267033722883,0.018896269871503196,1,0.09785447041456581
GLD,day_100,-0.062330696913047046,-0.0581673559020941,-0.021339150213457447,63.90058617620151,-230.81168204722024,86.35742758262323,0.857114234363535,0.023307391922505152,-1,-0.02380608846373143
GLD,day_150,-0.0064982458922339115,0.011962965425840633,0.10477999889240497,66.37258548229532,-258.23411581263116,85.9011430109544,1.0021363837894166,0.019698661537184893,-1,-0.013609877704364639
GLD,day_200,0.033865847904003044,-0.027597527105735375,-0.032083901189328023,35.2540822941052,-257.86731413589644,-5.2245576261937945,0.9238537220569479,0.0200124037118799,0,0.005272429817314327
GLD,day_250,0.015561486812027958,0.07077500046654572,0.10033565418532087,74.71120156885159,-339.11818713182294,106.92974943081175,0.7821118350350439,0.02005582821125974,-1,-0.02060635557084633
GLD,day_300,0.0010900401660967063,-0.033569381496429074,-0.0567117821066484,42.75356067912158,-341.0710559632043,10.830311553676781,0.5214454002213862,0.01947320445195548,-1,-0.016012615724171685
GLD,day_350,-0.03419183793649272,-0.07205494425845549,-0.27545881374527703,8.262663526595617,-280.83086827995,12.459663167212927,1.0072219327837895,0.02291735323738721,-1,-0.04500639481446061
GLD,day_400,-0.00016763987541046355,-0.024167885653431753,-0.007020628466598344,45.29684541592881,-215.70494389413693,14.273950040170499,0.9771761177556115,0.019724850942033734,0,-0.0046695671940165115
GLD,day_450,0.024806265595220367,0.024782421720547454,0.002110085970357778,36.71461415932682,-200.78625518123084,21.65765118406644,0.807012022440572,0.02007734874500148,-1,-0.039263088969344155
XLE,day_50,0.011834084308572912,-0.021555462327348063,-0.05993724688725477,45.03516319765012,-272.20742286121776,13.918476041613784,1.0566733387040246,0.020671565208623666,-1,-0.06571501290732053
XLE,day_100,0.003448062503997873,0.033358776657679945,-0.020022407993420033,58.42902355905177,-194.21240654422007,81.46589920635809,0.978588379964592,0.02213646060418983,1,0.028591622583581007
XLE,day_150,0.00036733576154834857,-0.09131994027515422,-0.1250647470006443,19.639927458247044,-179.69161792235022,-20.747374175597535,0.9714701663663508,0.016525181610080788,1,0.05487906236814411
XLE,day_200,-0.009304627003753785,0.050325676939716235,0.09633448651694887,67.08088401237498,-182.31264229022622,97.77770308440084,0.7856464274075544,0.01949502588080904,1,0.02292394790239084
XLE,day_250,-0.012978278250828423,-0.010690323630263343,-0.10182482402483839,46.298508974862884,-180.1620164442691,27.598699635825103,0.8687542903172767,0.02105255448404739,-1,-0.03711377006001866
XLE,day_300,0.012698195296124926,-0.046027694147258824,0.045260620887975334,68.63101651471348,-190.877770550142,66.40761695830888,1.0863919691607147,0.02037894618771626,-1,-0.05253489596697053
XLE,day_350,-0.00022866302243296222,0.06795399734841379,0.08070060654101185,67.48077460919515,-200.6222402919491,97.93449344597369,0.5999198764332491,0.02269905849538765,-1,-0.02313551854829612
XLE,day_400,0.02463214513604184,0.052620191045900544,0.001090122743061972,58.72867471161933,-215.589897961827,49.327950210594295,0.6850037395726423,0.0215051479733699,-1,-0.02168403413029258
XLE,day_450,0.0074839271889768355,0.04852854189160194,0.14651587505083685,71.37452253400814,-198.3214720544355,89.69014369983367,0.9607687639216009,0.023874270797067377,1,0.03225054676300868
XLE,day_50,0.02206592654776851,0.050743883585890215,0.0635796341524566,49.02696593515115,-317.0733602010004,45.526627147300694,1.0480740957782848,0.030481058626687825,0,0.006179885585954345
XLE,day_100,0.00871715909730919,0.1043072989049798,0.06196728281430075,66.55023055402549,-288.50529751784626,97.72207529583747,0.823541221112542,0.03284366006374209,0,0.006032910949052353
XLE,day_150,-0.012993609333501244,0.09928970176400109,-0.13155562254268593,50.36752255721119,-301.2385332570323,57.08925515833163,1.602924598294163,0.02918313753879662,-1,-0.024668528331050904
XLE,day_200,-0.014705609145272414,0.08164835304501872,0.008616610762579802,64.38822994571794,-392.4899074373467,96.49878365367812,0.9285260810853279,0.03129180542092301,-1,-0.02494123374821374
XLE,day_250,-0.008153453470137295,0.02526151232947882,0.11601800505626025,63.65389366192783,-459.10919003651674,92.98670992578292,1.0771160024190019,0.02940274429818031,1,0.14464369424298998
XLE,day_300,0.012814644227385319,0.05187506944885589,0.02708548685440615,43.775941116798,-691.4080073135854,36.56720628058904,0.9596541621633305,0.04122096245685395,1,0.07101339959125098
XLE,day_350,-0.01433031685106978,0.0641919807324498,0.05970216628675584,61.516488416216056,-749.7987716034955,101.02815445609006,1.1878937882915293,0.028763383941115418,1,0.09816590470293285
XLE,day_400,-0.05848225061508194,-0.062145973050060865,-0.18544508752771638,35.269497064593196,-712.1991075494964,41.42623748362671,0.8077566397832553,0.03542740420014515,1,0.040945064145872435
XLE,day_450,-0.039435409882649375,0.016456830147211443,-0.02474880882960484,51.16280369823316,-637.6981873328881,66.32106625191395,1.011793930279264,0.030564033988213776,-1,-0.14861782520575068
XLE,day_50,0.002553476505348762,0.02419819291472769,-0.06635810930512942,57.18438187222364,-239.12247544854222,44.962898415639366,1.0729265776948682,0.026394605357505613,-1,-0.08729571177120822
XLE,day_100,-0.014880572220181132,0.049948724189338156,-0.03616358194825264,35.356449833368686,-206.2160257347859,33.40902512134351,0.9072677921129126,0.02895411234882399,1,0.05978285106661681
XLE,day_150,-0.011538178590004944,0.026788276022118307,0.10026266402162909,68.65243288020804,-231.537505698566,92.45968148949429,0.8982754845930266,0.02508665082681665,-1,-0.07205232791241381
XLE,day_200,0.02424017223773367,0.04530462021742365,0.010718785303641898,54.35579207168632,-222.6806150592642,55.17436059494176,1.1832508184868527,0.022224123358490583,1,0.04455756869125558
XLE,day_250,-0.0478304557895638,-0.05307374765488326,-0.06149269957893,37.03264478484102,-221.5650672377729,13.54779174841276,0.9172158471968902,0.026686365366220356,1,0.015691369554129652
XLE,day_300,-0.0014789627373962277,-0.011252867238267683,-0.08672802681587155,33.078462108471385,-210.2565551845374,22.866456320776855,0.9930958444957267,0.024002945939463637,-1,-0.05775938763864605
XLE,day_350,0.023716633939729892,0.007844811819806674,0.15444642110493456,49.26338110991718,-213.49522357614782,60.38473235486721,0.6536372774001245,0.02295662860625918,1,0.052499232616042564
XLE,day_400,-0.0030106118804550386,-0.012654310454666695,0.12003682379559599,67.5125413457038,-259.92845509131905,80.76461119014743,1.4731243535649252,0.026842885338663743,0,-0.008919045384503792
XLE,day_450,-0.021375517040899683,-0.07265176574480192,-0.06116751883700966,38.67844792111737,-283.75075408998396,-5.802175627495462,1.143228527752539,0.024657781313331344,1,0.1105993854854608
XLE,day_50,0.04853247297322194,-0.12177023550106902,-0.3125638327029949,11.750801899553238,-264.2925158974538,8.52379904517322,1.1216349129727208,0.036948394309402555,-1,-0.056456003116754576
XLE,day_100,0.028677577931352394,-0.06250450786392092,-0.18481149722901613,28.554028042396695,-178.25290071652162,-6.2381712233106175,0.6830633527107265,0.031721179556660956,-1,-0.15605311441127764
XLE,day_150,-0.0007086862837064611,-0.12889323622351223,0.24844478524735458,60.68861896650181,-119.3933414195676,49.81239134361562,0.959917473760015,0.041429825832204656,1,0.1270141077373848
XLE,day_200,0.015756665013040072,0.055529960729944206,0.07439677269582567,61.1556127703962,-116.36988147488717,85.95476706591279,1.239598397180036,0.04093028223066235,1,0.061763890626401315
XLE,day_250,-0.006011675646748205,0.06802619620919437,0.020535508641093658,54.060846636854016,-108.21356645211539,82.32496579727416,0.8698823561806859,0.04180636801532734,1,0.14677454842514503
XLE,day_300,0.0376887191250741,-0.02873390469481918,-0.12997760710144324,29.62409851138075,-123.38656359089111,0.3456505947031326,0.7730069997170291,0.03911325232781838,1,0.09503634048452446
XLE,day_350,0.020056652852704637,0.12485791604773744,0.3136206054265689,65.36798482450254,-125.08679518828531,97.55698763912721,0.9526229278229601,0.036421055334709275,1,0.05650566178525802
XLE,day_400,-0.027948939899900438,0.013188166369955123,-0.15915264208437785,63.625140539268784,-113.3748178769585,53.19198140458593,1.1127736897014318,0.036235443449742236,-1,-0.07084564178864203
XLE,day_450,0.007354077953971139,0.009995812771109502,0.03585574536708935,67.28682240038623,-78.26455541314013,71.23780972013701,1.1339375828083187,0.0362660113984539,-1,-0.08419802228587135
XLE,day_50,0.0012133908014400063,-0.03655967115799852,-0.04861574629190102,22.87345131074673,-308.4843556572678,0.9146872505550984,1.0195289461253878,0.009654698559253244,-1,-0.011497669563277068
XLE,day_100,-0.00691691054336685,-0.04950001025651729,-0.0022619853229447484,42.70048987732086,-271.6905507893709,11.346290414856593,0.830775786710363,0.01418160759672261,-1,-0.059201763367264446
XLE,day_150,0.015566553940588479,0.005909587564216334,-0.014848911500105144,50.12101574372255,-213.36107029322514,26.830220634623565,1.0311595450393556,0.014338400996150724,1,0.04105124747227471
XLE,day_200,0.0012309303950162054,-0.011610388009409056,-0.01639065256671679,49.529747035796156,-227.0656414672325,31.187030399039116,0.9909812704577036,0.01321263416800486,1,0.010504494714799193
XLE,day_250,0.011349033949586307,-0.026771520689946593,0.017042682760648464,46.64432758612554,-223.79095724969352,24.459272645147635,1.206128589122513,0.012707535549393073,1,0.015900182209683023
XLE,day_300,-0.005791647218854723,-0.021318802120475655,-0.1273741180823238,12.294984364631432,-202.00323369582944,10.761453194324226,0.7624486815496901,0.013420244069884344,1,0.036030641902192365
XLE,day_350,0.008329749275640452,0.008651048493217184,-0.023660626270459728,33.9438597002205,-187.519775515002,27.859543569187554,0.996688653352432,0.012014339929824588,1,0.030299448577001523
XLE,day_400,0.009220475866197786,-0.017051639521729944,-0.1112005697769749,16.346746768048618,-184.16917242482813,14.112278131219135,1.1233512404704336,0.011417456673590445,-1,-0.03749256723938931
XLE,day_450,0.005995352100595541,0.010682836041655097,-0.027744696475272335,40.692927182461545,-182.84037114015396,38.734227557357,1.1450951185297644,0.011625416913854675,0,-0.0005492495519323999
XLE,day_50,-0.031191719619708902,-0.09633661530339033,0.06221846548676857,54.75530521200323,-530.6765952417315,63.69402189726494,0.893854076326529,0.03295800751627692,1,0.013644153834351113
XLE,day_100,-0.025324001917436556,-0.0008933743284142981,-0.03579493849883986,38.666177650600076,-717.9021363560153,34.913159475008925,0.836063318782517,0.038777017761500346,0,-0.0044096398221197776
XLE,day_150,-0.03977950976088429,0.06636811566419953,0.174969071876365,78.9561035496233,-1036.5041866378638,102.95165819461745,1.241999647917044,0.033511730703947445,1,0.1414301114329818
XLE,day_200,0.026866032608631185,0.14190218615052697,0.17339392615912907,58.833291531872334,-970.7072180245189,87.84311566431754,0.9547960125723715,0.03492550389444463,-1,-0.049265648999605394
XLE,day_250,0.017146241320910693,0.11481066332073175,0.15523292224657137,72.33510871809995,-1088.1076145240456,115.24402616765033,1.309985165672189,0.03904761672029492,-1,-0.1220128544050939
XLE,day_300,-0.020808993841623713,-0.03032451638285627,0.12609733374717513,60.25384985298401,-1156.339982954571,63.830048228766486,1.3387596391582843,0.03457836168911264,1,0.07556492220602158
XLE,day_350,-0.02340932993508682,-0.08865727097344211,-0.09266175835243184,18.822757433957932,-1229.4908382412434,10.777118220293453,0.8934183580381211,0.033972067382525305,1,0.011555890744582954
XLE,day_400,0.06282734935858914,0.29269565518264873,0.10680167638128579,58.607308307230205,-1060.130573356367,88.5482235869707,1.0451296805588712,0.040512795036949406,1,0.1824708216791245
XLE,day_450,0.029936735619983112,0.010414694165951532,0.1394973221054141,51.86334854454112,-1534.0604265168977,59.04111760640907,1.1965029009119976,0.033516073268712095,1,0.1464272853935212
XLE,day_50,0.04603598909119411,-0.019160314405016088,-0.23624765054718377,14.285242187946906,-70.56064126279358,14.7957098432729,1.0663928406026237,0.02200180495289902,1,0.036156961227885975
XLE,day_100,0.00493139857121383,0.043872947404969054,0.06521766401936735,73.50750115123464,-53.35106008477967,89.48340400176971,1.2953442709462162,0.029531310177228095,-1,-0.10932007810276591
XLE,day_150,-0.01341275101368955,-0.051779128738092206,0.08947032305851987,61.58954643200533,-55.64274024958423,68.39148582966848,0.8021351448569296,0.02970126538537478,1,0.024360806140871775
XLE,day_200,0.04965391302195621,0.08042259437712151,0.01663544331105249,66.06710174622327,-68.59892487396132,73.00900662817895,0.5736061294554374,0.02579302698946329,-1,-0.09848241401041921
XLE,day_250,0.01924197693447094,0.006374893373631174,0.06026542444941185,54.45282258671945,-78.61215600069846,62.93650283080711,1.0144737331194507,0.031206750202436743,1,0.1258116514818945
XLE,day_300,0.050220866049712765,0.0017958404696056807,-0.016488903630152207,52.25265704896847,-80.40389262704319,25.16180283864457,0.8841479760866573,0.03295295735143962,1,0.06342362766424553
XLE,day_350,-0.025685969930409835,-0.051804656572201124,-0.16187218538231773,34.68475267698817,-100.32754715053268,9.147019780177992,1.1426152939329035,0.02729885205708352,-1,-0.06949649636623872
XLE,day_400,-0.06409681714183602,-0.160479079991531,-0.06667290261550018,40.93826320166213,-79.51496747577757,21.24611499907406,0.9647823424984162,0.030724027729765926,1,0.04101261976839724
XLE,day_450,-0.033706306260402163,-0.09837049441993762,-0.1540374873061494,36.120251172186485,-71.20941724608691,-9.575990900369613,1.0492144092175844,0.027796863983663732,1,0.050389091780109536
XLE,day_50,-0.001062614794271055,0.0402601394438411,-0.018187817320229227,42.524393308649536,-431.98246802840845,49.39345711724414,0.9689218723891603,0.011072411018208843,0,-0.0012356187550037056
XLE,day_100,0.008078900580149817,-0.019815642504364184,0.04713336482428354,55.35375798620013,-487.0020739755966,45.91232844134457,0.8096366038775559,0.01195531328859544,-1,-0.015096607550899995
XLE,day_150,0.00012215951741390008,0.011037679713351567,0.08442915199700307,64.85107346392596,-543.8383958126752,98.25314368486372,1.2955803220846267,0.012882168508892605,1,0.027355361682809318
XLE,day_200,0.0005080526889851278,-0.004182892146762707,-0.0033650225691933544,54.12029882615965,-594.5453384807536,42.15658966312804,1.0924295463965727,0.0121545155786435,1,0.012988097322393508
XLE,day_250,0.009532195037891045,-0.03581070529823094,-0.022332158264182222,21.96546427849698,-602.12414388757,3.685045192939155,1.0728645096995075,0.012606514017416415,-1,-0.05880798226349202
XLE,day_300,-0.016961806280568092,-0.02451180920320195,-0.028738483901775802,39.125768310187986,-538.2925408693739,28.554580176728283,1.1584373188743393,0.013746062313674928,1,0.016130417247488208
XLE,day_350,0.014063242765078643,-0.016732505820310495,0.003603391944895229,48.40009819765712,-502.7747349558299,18.9812573290771,1.06056032371833,0.013639153667087515,-1,-0.042755389107911775
XLE,day_400,-0.007157181695618853,-0.0022085749801756815,-0.014128035776870052,36.43201829472163,-454.5402462254844,36.01539945947342,0.8870703756450684,0.014215354109218255,-1,-0.0121689882848805
XLE,day_450,-0.0005508724974647716,0.024442912535873385,-0.02173896538581288,58.23426293404649,-445.19703740816345,56.74469824831666,0.8717455873838412,0.012286601408761519,1,0.03367633857761581
XLE,day_50,-0.005476156416749922,0.0481832249216152,0.11704081588478488,73.91544513998399,-363.76813194237906,113.65719822833024,1.005255747145427,0.01658050723796236,-1,-0.028454588244997078
XLE,day_100,0.03938895758462002,0.04619970302040466,-0.02258158519268727,29.283899594226213,-337.8034297051375,30.7185640710098,0.7990218472565389,0.02012348071457605,0,0.0006563601502771771
XLE,day_150,0.016990749382920223,-0.0037659530768588967,0.04698286249585015,27.86317127003238,-348.52812700011503,27.60676982215135,0.8110653773288967,0.019654685193127783,-1,-0.018970716462874366
XLE,day_200,0.04218723249746925,0.03484409776052577,0.08804687516812737,54.11587223442226,-370.950152941966,53.17677309328578,1.4433925641768635,0.014023592051278743,0,-0.004493505796409582
XLE,day_250,0.009214956910504224,0.04506370243529512,0.04197969342024965,49.166551190298975,-463.6955566422553,64.29275904231208,0.672207442995173,0.02101752115862018,-1,-0.037072921964353744
XLE,day_300,0.0030943760754225114,0.04305735216799289,0.2187112050984079,76.79038259968704,-600.4939530104277,78.85658572291679,1.2301826853023823,0.02085947749991377,1,0.05327795225620399
XLE,day_350,0.014335599702445023,0.08403685293139573,0.045343388733002365,39.62030417803659,-691.4226900680052,57.45312203146901,1.1072325199949593,0.020391004610420926,-1,-0.03344892979157067
XLE,day_400,0.0053660952137657425,0.019706505192414348,0.03164075069663497,68.52264113012251,-723.1085886086579,90.73448011750716,1.3017853132323098,0.01625641638514069,1,0.02258799565817696
XLE,day_450,-0.007758411609226634,-0.036145271331113005,-0.1153064168414838,21.666986993997398,-690.6966298586296,12.140585675553531,0.5680306806990941,0.018275350937731173,-1,-0.024755654304370156
XLE,day_50,0.033722031722233536,0.0857723463520692,-0.05050030926089122,36.72042666918686,-186.32616136959075,42.18064404355012,0.9395389541370393,0.027605182100451292,-1,-0.012075692840396756
XLE,day_100,0.0199197629087573,0.05639562377380636,-0.023489551256264174,32.476038370309055,-127.73227063490421,37.13468250815045,0.9132323138065135,0.02479203374202078,-1,-0.06817332741397357
XLE,day_150,-0.01843851244341632,-0.007019184889744623,0.03160734693630962,52.94313840808021,-114.38249710128603,41.88542997085973,1.1056186364961385,0.026526979225398817,0,8.612508875402902e-05
XLE,day_200,0.018329056546307454,-0.001062390687219028,-0.1237794632634982,26.350248347445984,-107.52727646568472,7.720016763000093,1.2053187527567373,0.021778991490967035,0,-0.0056180252949237204
XLE,day_250,0.013785034630829918,0.0533524457446215,0.037955864486947544,59.14273078224423,-129.27241353857764,94.26319723230601,1.3972688608777974,0.0240816784987822,-1,-0.08397805251041807
XLE,day_300,-0.005423097302226565,-0.011118655969420854,-0.07426723440727667,58.24597765614252,-120.5194262517871,63.03410565155764,1.0398199272935236,0.030292469377612485,1,0.04500666748532258
XLE,day_350,0.0014311519937297845,-0.019666568097919335,-0.07083611814125457,42.47185956602569,-163.90197847583096,23.869594938632947,1.0972051871514923,0.024839305080188646,1,0.01448714823043218
XLE,day_400,-0.06502964242778908,-0.06331750043465045,-0.0717544907705342,42.0789633815373,-200.9663278951089,52.08825445894865,1.0440113579122126,0.028957551624307274,1,0.03475007723779152
XLE,day_450,0.004699334564330249,-0.009621223096877629,0.13070174827526349,69.32971268475113,-217.03214709811635,77.62535443956243,0.8160259380338745,0.03006022273505745,-1,-0.01197736083698583
XLE,day_50,-0.015515201652646748,0.0017123833571872638,0.02033707197050383,41.643810328810034,-214.6909448841724,44.92510265000509,1.0388103487890583,0.03453250997778374,1,0.0211314241220272
XLE,day_100,-0.03629282448058857,-0.030471452799815335,-0.012416204209846793,55.362154759581664,-218.5850377038204,92.05419456227877,1.1721097735836514,0.03465340462151257,1,0.031348871143867175
XLE,day_150,-0.004700977329427869,0.00891325471787252,-0.14598531191340858,55.0054366514255,-189.65331148237553,57.80264094848735,0.9914859786361478,0.034737952727987916,-1,-0.03000204359133105
XLE,day_200,-0.01635263265316711,-0.03139463591549374,0.0686992820241561,63.74300436964585,-199.4846011266229,81.97448721670982,1.0346830893107741,0.02928607421300013,1,0.06765329739929979
XLE,day_250,-0.017871321656898198,-0.07719040318416759,-0.0040503114530968665,50.68158400991763,-220.5099687289494,27.36709796843811,1.1395228947947706,0.02738219720806691,-1,-0.062489808736928144
XLE,day_300,-0.00574006225948076,0.04427865456144864,0.18747508849361183,59.41491663314593,-214.07437540631886,85.44587405639554,0.8506346850241562,0.03612642378913677,1,0.012862433200273951
XLE,day_350,-0.03216753878863543,-0.04625705925715995,-0.045449292180329226,43.488923140946596,-214.72541777374215,25.465426583168117,0.7401504088921532,0.03140406273952057,0,-0.0005133532420822
XLE,day_400,-0.035951289982780965,-0.07014983429356048,0.22985607259260776,67.8870785359452,-302.4173565378964,72.41905803628791,0.8931929240140799,0.031383993325373255,-1,-0.07123084724851143
XLE,day_450,-0.012274823798981704,0.010450732340857583,0.010278518529223124,56.62240390943997,-356.52989356544947,70.32781927905671,0.8157520882082314,0.02951774473319376,1,0.030253211636708847
XLE,day_50,-0.023030114014618963,-0.05858996943211403,-0.2554489052469311,23.214005390339395,-224.49895182321825,19.8320039731599,1.1654828958069907,0.0355076203664958,-1,-0.052830385897845646
XLE,day_100,0.016089064835223432,-0.024070636612117946,0.18020218645875064,61.96753429409708,-245.6915878173247,56.69146288116986,0.8481933284848162,0.03391387393826644,-1,-0.012081697849807328
XLE,day_150,-0.06918984748662227,-0.11447326792018686,-0.1848743199382027,25.579902569483252,-313.65647672803163,13.071637203549347,0.9706291681720624,0.036688667742397825,1,0.040282036381489396
XLE,day_200,-0.043874768351163884,-0.060913948842043486,0.05237576718651327,61.11642152867192,-277.9510133334861,71.53269224122768,0.8912132333934256,0.03880010106724453,1,0.1275827303852963
XLE,day_250,0.007090568990590906,0.047088349308291644,0.10940799830527825,43.73492983721062,-252.08833423458665,48.0112443717383,0.7699310568889772,0.0434435058558154,0,0.0079643319020088
XLE,day_300,-0.008282623030782643,0.03779711546565556,-0.0010441556132302354,37.597516342806294,-247.4674401001035,42.632025574929905,1.6562701086368756,0.03030025197486855,-1,-0.036496516308382874
XLE,day_350,-0.026945481897510448,0.017468978875892827,-0.0271295349526266,50.040933747523056,-291.5934388712507,51.189157944740536,1.3792254451168493,0.03879051529999019,-1,-0.03576233621655842
XLE,day_400,0.023459191193979212,0.0313027387823106,-0.11342835418874464,32.362333413189035,-196.2880166652479,13.159833614412872,0.8812237998228992,0.03424793136829092,1,0.04006398590570828
XLE,day_450,0.030099421721694997,0.05031969445897455,-0.14088621947151914,34.62993572955952,-130.38900288928352,31.144651297835285,1.0354967126564245,0.03486761416245596,1,0.024077726709428322
XLE,day_50,0.009033420533673953,0.03896404909188922,0.052384060209869965,83.4162043595721,-533.8833722757117,97.74679531823426,0.9693508680953449,0.010220796853320379,-1,-0.014887550120366914
XLE,day_100,-0.001058706413477939,0.008780358572097136,-0.006798359070275151,67.98590973532049,-552.7969476114324,67.18248327333866,1.1673416135155112,0.01069133180010729,0,-0.005921090705964331
XLE,day_150,0.016514008647397604,-0.010392520387062287,-0.027461560847696354,31.33100158838006,-532.4356867897218,4.091220569137867,0.8139628195894695,0.010989238798038274,-1,-0.025823472521971126
XLE,day_200,0.0050335059723971565,-0.004408151491540724,0.02659520876624888,33.88877929155255,-558.6259157001773,33.869743519425256,0.939259114802314,0.011996573307322346,0,-0.0011543557816764288
XLE,day_250,0.011559589705561368,0.027275134528587097,-0.011554883622641121,46.60471479663027,-568.2267036814728,51.70930871822167,0.6867921857392367,0.011193441615945394,0,-0.0008755627913927056
XLE,day_300,0.0307105919491788,0.0008574205259346268,0.07015874396505528,67.128229635076,-642.8426167479361,56.628898897988876,1.2037261562617343,0.010270169475269554,-1,-0.02048338628175547
XLE,day_350,0.0008078618251470271,0.015583539468197127,-0.0180867934617861,54.60829419912674,-640.9337652987645,53.94653592112311,1.2737770165556594,0.009814107282993697,0,0.007803367019943614
XLE,day_400,0.017290522136440556,0.0038060803499391227,0.038385273783156704,46.63793179113847,-720.6352829193978,29.315014728719213,1.0276380717350504,0.008649240567929178,0,-0.0017835091944824074
XLE,day_450,-0.007516394609951793,-0.01851884333923448,0.03480070314470529,59.33693198794357,-715.6280318484934,62.14100336022979,1.208213748818783,0.009023894078042521,0,-0.00990062660108604
XLE,day_50,-0.019528560265188455,0.05313861254423191,0.08204650444077743,69.91526018831759,-278.56695450977287,104.82917255836679,0.8702430867109271,0.04380873987617469,-1,-0.051672273676629035
XLE,day_100,0.04899806489669811,0.0107585477783676,-0.059740740075265086,55.72140726242874,-224.85221509600552,25.184833641698646,1.1158263515044853,0.03401339706620819,-1,-0.03347814455146719
XLE,day_150,0.01408249622671498,0.10023787438718701,-0.0029428756987754934,55.15357859018325,-202.60987796846405,78.12886401584102,0.8215656190816077,0.036980094558336826,-1,-0.01238248978853241
XLE,day_200,-0.011555493067753053,-0.017583185375558252,-0.2084495048693038,33.73008504418115,-209.45317408062505,22.137133747451326,0.8821713298269025,0.03535317148811054,1,0.013808356345104971
XLE,day_250,-0.011196211884548335,-0.04006797382549465,0.019363546260865006,58.51275999865385,-166.8493199743073,43.81654478052116,0.8453606534154452,0.03262058401473164,-1,-0.08944380241579865
XLE,day_300,-0.03635205771565053,-0.10143049257962677,-0.22348814139928086,21.724878670082973,-111.97205072433513,0.5390039784566184,0.8760160981063788,0.030838025871590253,1,0.02213281703878209
XLE,day_350,-0.052980130040363616,-0.012115877713526513,-0.03580427929538521,50.31222461284437,-68.22956582009675,66.21713078469918,0.9800373118311556,0.0369473403364372,0,0.002558811354327074
XLE,day_400,0.003978493726549015,0.05342529691095321,0.24243712408110674,72.83513616847655,-66.89855915802319,108.91714871786,1.0930201598308817,0.033936107311826266,-1,-0.07540773750625286
XLE,day_450,0.018092430358724876,-0.11636683152528815,0.035257959527224436,57.28217151925479,-75.10324290919002,45.83108807064386,1.378098548274387,0.040541366810885736,1,0.08260758590384448
XLE,day_50,0.009864392612062733,-0.05454843480221072,-0.07306730294152075,35.18594885060169,-127.19784421458898,5.183032601428891,1.141565986656927,0.02447591694007195,-1,-0.0499452527418347
XLE,day_100,-0.013955790307703664,0.019035233975435606,-0.007900759089408682,49.785569843732425,-123.53272610364304,57.794483961595645,1.2015895823495992,0.02671198176357084,-1,-0.02549938256610046
XLE,day_150,0.019380108243594707,-0.020376787870014956,0.07142615243761963,44.69806911518239,-126.14263592917924,35.832737591803514,0.9051863184357088,0.02619043526923031,-1,-0.065297500176074
XLE,day_200,0.029652617977085738,0.14528452947372728,0.2357461442282578,79.72832937629927,-117.9614925949588,103.96195911899338,1.0675898442028875,0.02456007240075975,0,-0.0019462847537994447
XLE,day_250,0.03948285025995868,-0.05612330497486817,-0.001712902806507266,38.339146657531884,-128.40832552523244,-0.2135084449765023,0.6446335144313279,0.023836831057020752,1,0.11531483239270082
XLE,day_300,-0.0070316450427823085,-0.10799044319298623,-0.10819180884666302,37.75269993551826,-125.05901355517578,-13.55930655853301,1.0877133580592244,0.02565423728445195,1,0.04438837435847461
XLE,day_350,-0.0011138914437233138,0.024769547254450908,-0.027275293004771717,52.273250931907775,-119.4521049148269,57.74338312569941,1.103334307845851,0.022717752217643036,1,0.06812600152791641
XLE,day_400,-0.0039031524028110276,-0.020751911097724673,0.21181006892594567,64.03333024929151,-144.11751794368757,76.38240097265569,1.2983340590819088,0.027811737717134584,-1,-0.02072977530756762
XLE,day_450,0.0390948242639908,0.07915329304722896,-0.13804492513198863,43.7130074902342,-150.73414000930626,41.48535765398916,1.1756541070333655,0.027600504205399844,1,0.04703527153074483
XLE,day_50,0.036393355079103795,0.03399404168208209,-0.07574296690527826,44.87596809669014,-167.20301108341894,24.274632126434135,0.8315321929090775,0.019917279222044722,1,0.03118649568735753
XLE,day_100,-0.01833396318651337,-0.05697780891014803,-0.048526579484090115,44.87268886210192,-177.16291054262194,20.110566992855148,0.7753055979994322,0.020034653335191874,0,-0.00635496395207979
XLE,day_150,-0.017356895203319955,0.03615824417990532,0.10131564832752615,63.72318973404624,-176.8445422993385,99.23288387451788,1.1913675377964215,0.01861248106991731,-1,-0.03713276940600538
XLE,day_200,-0.013320725794067734,0.00420636653532247,0.059940277352167115,54.3891617628884,-191.9210399323734,49.30626795414014,0.6494025103833623,0.019015260890810712,-1,-0.06198871715276992
XLE,day_250,-0.04396770030388897,0.028991477192386705,0.06821761125365855,77.24968586129089,-188.46240497230235,105.21813459645584,1.2373172327000268,0.018378845141473837,0,-0.0036182643769936784
XLE,day_300,0.022462859344521968,-0.00922417447141155,0.17440860667717284,47.9557235192284,-229.08525368315463,51.98232727296429,1.1562759675249206,0.020591313738999265,-1,-0.03232246327384674
XLE,day_350,-0.01590925160916945,-0.004442530832392322,-0.07945655918364392,40.10805609524985,-252.71887687021578,37.635830106818716,1.242102490682265,0.01944269079210384,1,0.023062218806227115
XLE,day_400,-0.010120616469255883,-0.04322211192170666,0.007189281646470924,41.02917296488594,-236.09199616485634,33.123338444156154,0.8598187550056053,0.017837637869050862,-1,-0.024828652806637017
XLE,day_450,-0.00642007532442701,0.006040200055274836,0.04408257503808399,57.89256117814804,-212.03947584469842,86.17193577948665,1.115390887182461,0.020083168962268447,-1,-0.04477679812496684
XLE,day_50,0.0016847348441615395,-0.021982323984616636,-0.047990285912181685,13.108815655764047,-335.9328010104868,1.8445139423706292,1.3607865277490128,0.009460293448185294,0,-0.003520871806740863
XLE,day_100,0.0009330542106749107,-0.03280709882507016,-0.055568465634427744,43.00293575489921,-318.09403644245555,2.3293083962535834,1.2374102334686807,0.01303335080242354,0,-0.002103380295407916
XLE,day_150,-0.014371648936987391,-0.04344913141851392,0.004296268662437486,56.361134976946495,-316.858774597982,40.01099643474977,1.004194693401931,0.011003438296256973,0,0.009178637238144875
XLE,day_200,-0.01037183281170484,0.00849479045959467,0.02487273588533978,51.82277270612477,-315.18635805606783,76.21866507920238,0.6945763981985453,0.01085420858372502,-1,-0.021620503085154133
XLE,day_250,-0.012073196455394286,0.01630197547790191,-0.03693134978866286,39.91349163955238,-302.05931118019225,50.320382428781905,1.2709694560215017,0.013032561325964706,1,0.06638625592965496
XLE,day_300,-0.010348527252179496,0.007340326592139901,-0.000706298409706485,60.987480554703545,-309.3871987481445,71.952034820025,0.577821914911462,0.011974873599288902,-1,-0.04070173204070401
XLE,day_350,0.007545001463258316,0.02966187051466096,0.08303684650198861,89.24852104893347,-313.34989210871254,89.11261030277834,1.01219483114584,0.01088784793925935,1,0.04462134181566454
XLE,day_400,0.015484102727709503,-0.007185777805074678,-0.08086115496310486,16.928270825627266,-357.2746345493566,10.7115251822516,1.6624231471720634,0.011588044537159701,-1,-0.011016709150973938
XLE,day_450,0.00783237804753556,0.06592797265344919,0.04213196579594625,62.825810617929285,-309.70968533186215,116.17598337537541,1.1798783337420902,0.01076477447508646,1,0.027254493444672376
XLE,day_50,0.008867939327111385,0.045163031107722906,-0.1106281585724711,21.547646022625244,-178.08031272834464,32.43026062838211,1.072780490039245,0.021881796619409838,-1,-0.05859633716442632
XLE,day_100,-0.006270328402022907,-0.013379751032161491,0.010229117824127831,44.93324449956893,-193.95628150909496,60.78321441824986,1.075610721043736,0.02364684494609405,1,0.01206683729749596
XLE,day_150,0.003743038042365532,0.1333879383675003,0.008150799939631748,68.68230797129735,-193.4932910852168,94.92269713839853,1.0581950274330316,0.02190212958628909,0,-0.0043193004275370855
XLE,day_200,0.01930046069480107,-0.06184904457257978,-0.012406950186917065,42.024044177539494,-163.41935339440298,3.5114242657047567,0.6205083026263337,0.021564016954599256,1,0.07498047420948473
XLE,day_250,0.02146100376707505,-0.01257159059604085,-0.020810665788966953,28.104308560277687,-187.15330284953606,-7.995446435674894,1.0023270857767328,0.024734264318759875,1,0.01189263239545299
XLE,day_300,-0.023748194699740877,-0.0370156900455092,0.0867524142804379,66.76671457787165,-213.4813343849798,71.44846384959908,1.078696606992664,0.018857233423700864,-1,-0.010881017031361188
XLE,day_350,-0.01591102763559915,0.06501265528028077,0.12009642284807764,86.3365766906776,-207.42503272980542,105.79387222480491,1.0563327488550907,0.024357741315962276,-1,-0.0378863167019183
XLE,day_400,0.005503611694228416,-0.05492233340164099,-0.10038847986502042,37.82030556745366,-155.50831670751305,-2.3743597476119556,1.1891214515752073,0.0202589786099598,-1,-0.10003809731473957
XLE,day_450,-0.016047201465313576,-0.06533548233791675,-0.02890618680066248,40.25408305663948,-129.85314004478536,-2.791760115517066,1.3299440372299782,0.023104690815023067,0,0.008936903943315127
XLE,day_50,-0.00771264458881582,-0.03227437488008156,0.0016872868534212326,49.181413103514636,-232.47678198848982,55.48931909597078,1.219334458709441,0.023781476257360733,1,0.1274028361954797
XLE,day_100,0.04443481305436303,0.08996017111081933,0.13219394276290863,47.18606338895228,-316.9471571404114,65.3618558618428,0.7026652380640476,0.031686059766589184,0,0.009225085470135702
XLE,day_150,0.025599328342708283,-0.002613497650467922,0.308399591200361,69.38738627122592,-367.57748800251716,67.63886172390012,1.0617076874478857,0.025518212988192387,-1,-0.07917162690566683
XLE,day_200,-0.02190406800110578,0.06159176569573588,-0.08576813233548253,39.35210761805575,-404.31671492400807,50.349951325567034,1.2949701657811972,0.028394622458454827,-1,-0.13301509999480848
XLE,day_250,-0.007631231882516687,0.08125601483363032,-0.04430878082751921,57.0475846072771,-389.0652742824844,73.97436200418362,1.2885435374679914,0.026664454908925113,1,0.09169062223326364
XLE,day_300,0.0409029544259758,0.08948465753200541,0.1980629328244632,55.016928225514036,-430.53828993413856,74.01338545800833,1.295046923800146,0.03215759567744985,1,0.030882710893722427
XLE,day_350,0.01322218289800925,-0.008680761096719669,-0.03248189223348552,40.15880148083101,-437.6770690157578,9.273629989427139,0.9086880097421216,0.023890829812879318,1,0.03020581483392022
XLE,day_400,-0.01758366713760795,-0.0914896052789389,-0.1100438512283689,28.34427419431995,-470.3910126377166,2.1537976896598714,1.1456836949935394,0.02634838403143935,-1,-0.1417920786260838
XLE,day_450,0.004423543554503251,0.0009813529266293752,0.035962099537583336,45.7364772411182,-349.0859488851277,49.977918684089204,1.0034950120918258,0.027868307031694455,-1,-0.1122694071217763
XLE,day_50,-0.003813916850712973,-0.01034251070856973,0.18469502441419472,62.60091336254793,-346.1953047828356,62.443191330696045,1.2069869738627148,0.02785295230163217,-1,-0.017665978547261322
XLE,day_100,-0.01936649853441741,-0.008896264507892382,0.07762280514298459,67.39499028089256,-460.1439322614814,82.58982912694836,1.118181953705499,0.02946761634430849,-1,-0.1356520622801631
XLE,day_150,0.018810737299781888,-0.00235258232275537,-0.14111052800242496,28.897812207183705,-311.8358775267304,16.458559837851304,0.5973357687559165,0.027404557665582262,-1,-0.08312979169969195
XLE,day_200,0.00263017364092355,0.006954920472522996,-0.030414392014109337,39.93167045676459,-314.00884452492323,28.608797652694317,0.7895779338076023,0.027380611704133,1,0.057003251452980616
XLE,day_250,-0.0022435969936989153,-0.04106169491495004,0.014753435804608417,48.14179456389339,-360.66085857996103,33.656006032375736,0.9839307593143638,0.029199257822562382,1,0.03991039177996815
XLE,day_300,0.01711856894511099,0.06762108774885967,0.158777772663099,77.10929351431783,-400.01896881826934,100.01264827702275,1.0994075500573244,0.025928489692867797,1,0.05870325316328296
XLE,day_350,0.01059841359496927,0.12317725341612262,0.22597801035237897,74.96237271583118,-452.9444491984733,92.20218256853511,0.8377340170840984,0.03377174896445248,-1,-0.08119635108450185
XLE,day_400,-0.003360511645105202,0.005810841459664706,0.07893958667250445,69.17631511398929,-526.560727071826,70.29115722458971,1.3688832736607146,0.02700580361217701,-1,-0.08442407611211465
XLE,day_450,0.0013767086172511434,-0.021007759920399605,0.029657860450912343,71.922746651731,-417.52490955068663,76.08721019490778,0.9764614217429972,0.029007696624459466,1,0.023792255819267402
XLE,day_50,-0.05018441765099757,0.015133683341074233,0.04859953992325616,65.9508822128783,-408.19998654608537,105.2557579170825,1.2013030790200847,0.036793903328020496,-1,-0.050710005563839596
XLE,day_100,0.0675723422919563,0.06452646894156189,0.06965815427335897,46.47562464451881,-383.8421763307522,62.31222468487393,0.9887869436111205,0.0404187028508601,0,-0.0007140151499084
XLE,day_150,-0.009499555173087093,0.04721493034839197,0.01493841958713693,72.71525092961312,-653.1354785578537,84.27872236643496,0.941039719638273,0.04118689893438608,1,0.16617111432672133
XLE,day_200,0.008648115044775473,0.14541237339203827,0.2878967810593631,73.82739891413375,-1183.0570202770152,91.66216243268465,1.0429366561787974,0.03811235188067068,1,0.16864099114957415
XLE,day_250,0.028529590918608738,0.029942533624020884,0.043391149669329776,43.32451399328957,-1436.386465500377,29.750544894801074,1.1396123461820953,0.03492659519826691,-1,-0.01568970926051832
XLE,day_300,0.04248005389751741,0.175684870840912,0.21600690910009046,63.88784773536979,-1248.7371865421173,104.76885007778904,1.168109638624148,0.04360645548115756,-1,-0.020325795706247672
XLE,day_350,-0.019490731094340963,0.03468481395947931,0.22584400846480257,68.68854931348145,-1927.2783340385934,95.49812482860001,0.7645006584047396,0.03719223424250701,1,0.06485786861940522
XLE,day_400,0.05966765918595507,0.1012683853313896,-0.061210050101706215,52.97320732819443,-2716.14698290344,48.00343003495321,1.003457212823599,0.03929827926679295,-1,-0.028057769945854735
XLE,day_450,-0.0007118087683468666,-0.11697155397270065,-0.38380070545126377,36.05225038256283,-2167.946368820895,16.701574559773256,1.139843287479244,0.04102682635458314,1,0.13025302155274343
XLE,day_50,0.015720120137738824,-0.012524925466648185,0.05146813820944973,60.29145450948306,-83.1000763309489,73.93917930607509,1.0603751484411952,0.024329783430316575,-1,-0.06526863059088689
XLE,day_100,-0.014272265022089226,0.05426893029931579,0.10762805990457891,71.54819989338846,-80.98631888920431,110.62914442414744,0.684488771497691,0.024722700547060928,-1,-0.05772131972902632
XLE,day_150,0.04557501960327848,0.11701412131158428,0.20528006453153358,74.09189835617288,-94.22853670645685,104.38407315819849,1.4871885386463997,0.028254872077518787,-1,-0.0445299013055068
XLE,day_200,-0.0661595051579894,-0.055393682419088486,-0.01779666829013804,53.10006652124157,-113.10208672641002,49.09216169433031,1.1951100634253449,0.023927692149239465,1,0.14609074197002447
XLE,day_250,-0.031959909874811676,-0.06925268798090178,-0.18679027587280972,12.0344818851799,-104.94184605174058,12.679763295492505,0.7522424324363577,0.02714833865720083,1,0.07563869624968572
XLE,day_300,-0.027318407315983895,-0.16293731975166514,-0.20188040799653684,24.079421176282523,-112.19674181892691,-3.9420904333656623,0.8961795687630453,0.030653017924531827,1,0.06937087025563612
XLE,day_350,-0.009026626469904708,0.002804259361408157,-0.14422700038915004,26.925113076763168,-81.68367516889548,32.02338196078131,0.9840601135358467,0.027305931816743012,1,0.03526146060646155
XLE,day_400,0.0037780167069434434,0.021222587675916227,0.048669914933565206,50.041157659661856,-73.51510197446801,69.86075588570267,1.044899330542889,0.03072553951057869,1,0.0461102551150224
XLE,day_450,0.02287985105003809,-0.07066559988998122,0.0007164668238235361,28.985586489463813,-93.73853353447537,15.132079537930817,1.1147106837552458,0.02513234237172742,0,0.005326023580419316
XLE,day_50,0.060979509891933015,0.009375460250282464,0.07869890320424844,54.113299223885946,-498.08029391459223,45.6489549394044,1.1040023971339743,0.03720798150684812,1,0.06867323266812138
XLE,day_100,0.01534131786792603,-0.010015856223450026,-0.008347531912024087,56.31141608935877,-537.4019982411679,59.26039646865302,0.8024863057839567,0.032085613114400634,-1,-0.09045393685357252
XLE,day_150,-0.0153573954115801,-0.01592344679706159,-0.10075415430339751,61.70648677463078,-417.4727955076934,67.12293418475333,1.257966525088518,0.038960889564848375,-1,-0.037027966031888786
XLE,day_200,-0.0009203903678320913,0.02367246669648182,-0.021055603902527475,49.27534167735106,-431.41585124559964,47.23572330079812,0.6593177341751179,0.030741034037877365,-1,-0.11281926026122772
XLE,day_250,-0.02206290384202092,-0.018843717934367343,0.20895773359861392,83.69411471122993,-547.5246058901923,78.88786627016479,0.9728488603212975,0.042774682085824,-1,-0.018531874150978372
XLE,day_300,0.008588941441325826,-0.042649456395692065,-0.2051529090714772,22.99689117489264,-816.233284759529,19.251462740784355,0.8893983711733264,0.042238500391681616,-1,-0.11613874516302748
XLE,day_350,-0.05679493323695617,0.0027907196136525148,0.47452935504258953,93.18429214606753,-1136.1305146290747,85.6599745801995,0.8093831503062222,0.03622226651795184,1,0.06692134492198719
XLE,day_400,0.03662671015449348,0.010164070528034586,-0.12535414309337645,35.81715340869739,-828.6700928336446,4.867055262815636,1.0065736660506281,0.03923521936378541,-1,-0.07121295546500225
XLE,day_450,-0.08186419089734231,-0.05915572849120998,0.09962307466593434,75.87331273930934,-707.7590889571892,92.82987673906108,0.9304819899467612,0.036524702682794646,-1,-0.07289664597587119
XLE,day_50,0.023139377245124715,-0.014775791018941997,0.1027885959898569,74.96844126542959,-283.82226552037787,69.75713862283412,0.9484166156559038,0.04138600733505569,-1,-0.018188286999958787
XLE,day_100,-0.0036730251024792437,-0.05998228459065702,-0.1628651356789006,27.09428210955454,-222.14221916784797,5.208311215456832,1.0140397088673074,0.03620326916387107,1,0.10895937101847096
XLE,day_150,0.05197564456892856,0.09308417966826621,-0.15613805172552353,29.384523520835813,-209.44428529781962,14.445571217092207,0.688162017464638,0.03812753318686449,1,0.07230485491774757
XLE,day_200,0.038313126200382186,0.12494429002045182,-0.0016296778467087547,58.240143689502666,-162.68823354489206,79.17511953771633,0.8307020539850217,0.039015872346468534,1,0.08812423623759803
XLE,day_250,0.01359225191012392,0.06365299563779625,0.19202858304288295,59.89058175118919,-219.93850083219021,97.8582459206667,1.04259788354671,0.036065337354305865,1,0.03550309612073015
XLE,day_300,-0.022393387670307185,-0.1337379388815928,-0.19448237980657945,42.435415249970156,-230.83940965098782,-2.1204587001759863,0.9231275997727517,0.03847658722685605,1,0.14754021212669066
XLE,day_350,0.007914324097775483,0.08992184705130768,-0.0444855480528491,43.71433511258467,-248.56524029567305,51.96180881479477,0.6057092991938896,0.04678891472565611,1,0.10789882932355806
XLE,day_400,0.015354826844789837,-0.0437369533113352,0.1824169827803237,56.27740388494831,-291.8592163848219,59.49329382278998,0.9459586293926007,0.04473184954250908,1,0.06471261395505777
XLE,day_450,-0.044272824227191365,0.06540259433372775,0.3196857517771128,89.19566091401819,-350.9005354241619,98.96840919016641,1.1827558763618755,0.03638455643967198,1,0.10447493584856873
XLE,day_50,0.06396742011535217,0.016975044928644545,-0.24612915893296428,9.324341597876781,-61.51563763648021,6.66502068796388,1.2861928830334133,0.03324487785509734,1,0.010026334811772132
XLE,day_100,0.07109722600601254,0.17467004686241938,0.11804618898038766,57.701539602952536,-61.760343961057806,73.22391930973129,1.330349315050064,0.0414689982453378,-1,-0.017128465664002928
XLE,day_150,0.027376500298295303,-0.012523426531711457,0.21919196658434403,67.88189990095279,-68.27540990469855,78.12160043351145,1.6488247180588411,0.03769170177609787,-1,-0.07038963411897838
XLE,day_200,0.03694818312358006,0.1257255455972588,0.35788774481356445,69.68414186043789,-63.77094591307094,101.81357980129427,0.829322369680297,0.041237212648935526,1,0.015307107656136779
XLE,day_250,0.05148445845419625,-0.03407875292922413,-0.02896717319291764,47.45658032091438,-71.63699715970058,30.110422867938734,0.9861347764942651,0.03759412246481997,0,-0.0008519786385117333
XLE,day_300,0.004354912388783827,-0.05294393135687159,-0.05994376810704405,14.276442150364105,-83.87475490100776,9.996548390293714,0.7896922618292217,0.03394083119448137,1,0.11389579132441902
XLE,day_350,0.053982693821475136,0.1302219770820583,0.6557475910443571,78.94782495417722,-104.95469489284511,88.5994694839459,1.3834574292466615,0.04676567369526194,-1,-0.03247959569029732
XLE,day_400,0.005124402443692722,0.14598624749635314,0.0880375465317429,50.92650072655272,-101.72187991144784,59.81854311582359,0.7905228227608172,0.03978849736774387,-1,-0.030767913857208878
XLE,day_450,0.005949903921406374,0.14902645043731488,-0.027531440468984036,31.293626339702058,-77.8843751535242,44.2223098316287,1.0387096213299187,0.04527048007940715,-1,-0.08917007052909931
XLE,day_50,0.0005805993056398062,-0.06510450669700041,-0.1292806548820341,31.795660763185026,-349.81906252215066,1.4767538055678762,0.8933964274263959,0.020005765281435203,-1,-0.015813405172617017
XLE,day_100,-0.008549161581985598,-0.0064308662220201596,0.05329013006689309,60.97877425445995,-308.60149487505225,62.75864653130068,0.8838530442659986,0.01849309416716072,-1,-0.013956061106965094
XLE,day_150,-0.049216014225589744,-0.1357394714372484,-0.14181846213785243,22.560562904175,-284.7598839420742,-2.416399792442116,1.3184779077209248,0.02537993616869842,-1,-0.04884217222719478
XLE,day_200,-0.006154894489372897,-0.03686350174711506,0.08250599825196936,67.16437438994484,-245.34281277340662,73.4040846668499,0.9759873900012365,0.020908583251447028,-1,-0.03439084864413685
XLE,day_250,0.013712343929038529,0.12901539063855938,0.0835125886111856,73.9146369676449,-220.47748568268392,105.89290130995977,1.3753195182161893,0.022659507976542852,1,0.04361930324530599
XLE,day_300,0.02774787229425346,-0.02064217242897548,-0.02726643049508215,45.73058894216661,-214.12133219734633,8.094267457749762,0.9224588085169921,0.024580650045686936,-1,-0.0425839298032103
XLE,day_350,0.0033501864548401983,0.06455390637293168,0.013009750116252272,60.85394279574339,-173.6866678550193,91.75113879060719,0.7272296765336759,0.020972410797723,1,0.030481358766061027
XLE,day_400,0.017430247062926174,0.051698642296607256,-0.03489676868020197,31.37313924744555,-175.51630952196408,36.329426573101145,0.7561948066662586,0.019606530824309715,-1,-0.07583772682351407
XLE,day_450,-0.007355710905741386,-0.058350062058778795,-0.1831351554596008,22.37878038884655,-144.01575913742028,12.300940116283456,0.9412859067057934,0.02000715220383033,-1,-0.03240984231127798
XLE,day_50,-0.007915101331618213,-0.04916468669451557,-0.021650919938466795,45.082077418857,-96.83816345262501,32.38598974928221,1.0123976720316792,0.01582099370063914,0,-0.0006137758957049664
XLE,day_100,-0.013284639891570249,-0.03076440130953162,-0.03859482865396979,37.44273462138858,-92.57397229745472,12.071837354866641,0.6756382671573643,0.015282708925085141,-1,-0.013708672582354583
XLE,day_150,0.027333995605841155,0.038883724610857096,0.031990648770163777,48.449783857850576,-88.55718343389356,45.64085125286845,0.8300255379502666,0.01492821701065558,-1,-0.053737386671436835
XLE,day_200,0.02721328747894769,0.03620167859295864,0.12608892089701085,63.880505042211645,-79.90782054626747,71.09810438430273,1.1417181402451548,0.016917334381460338,-1,-0.02189039957930199
XLE,day_250,-0.015417687214439368,0.01786607519902872,-0.03156531657934092,37.05886038792324,-80.46428588982253,44.11243358866277,1.1150257900342506,0.01457720344980242,0,0.00922012552327635
XLE,day_300,-0.031103970762457522,-0.06522477018173845,-0.09754504373684614,35.58908229950856,-77.71325562930916,6.022274888364564,0.9961881912443545,0.017551547788252575,1,0.028952040901558604
XLE,day_350,0.03433778836364376,0.06274263421371007,0.15649129727092426,82.66000609774181,-72.82296377484073,84.98125096560281,0.7680081801769594,0.01587296441301142,-1,-0.09042602304817021
XLE,day_400,0.0281833869021062,-0.03888359331949687,-0.1240119415298705,13.29165831652783,-68.88754535912452,3.155140048183816,1.1667911524564212,0.015613131056289786,-1,-0.09334389180468863
XLE,day_450,-0.0050593649998043055,-0.061238451775869174,0.033070160180401986,47.402444898436926,-65.52594513326682,27.747955460935604,0.8682015279380101,0.016800931465043807,0,0.0025915058849792566
XLE,day_50,0.003609650870493919,-0.051539719397080797,-0.13862451497859674,18.965806610461954,-215.61963719128414,-2.3723464629838804,1.483258934447886,0.018940668947664743,1,0.027578501137262013
XLE,day_100,-0.00521135594628741,-0.0044823764033518065,0.09726085168962384,54.32872665557714,-207.01968188341618,80.40152050661104,1.2464763838672408,0.017736070259808955,0,0.004471497227401425
XLE,day_150,-0.00025943055448918173,0.034943845554720854,0.16795919031080841,78.17417259431588,-244.27662512463797,98.39777353432464,0.6331058088997684,0.017339534826164488,1,0.02398325383866155
XLE,day_200,0.026745541540488693,-0.000422514433658705,0.025223571248659704,41.75831394577495,-239.5475605093885,7.8926040585305755,0.9167440066286622,0.01599909426682211,-1,-0.037844077045089394
XLE,day_250,-0.0032873079624851087,-0.06171300986819128,-0.029557787536107716,34.158821107070494,-201.96974277272443,-0.9741030913336397,1.1431018625598133,0.016585948022092352,1,0.05703332166511829
XLE,day_300,0.015482293552175452,0.014453893296417775,0.06580406296738639,57.66168594917003,-188.60457602554914,79.9114588175114,0.9375997409977699,0.01831269318526182,-1,-0.04693435328075663
XLE,day_350,0.0024653994039089966,0.028639912327828254,0.026419344458656013,69.37627180548324,-180.7516492681494,99.03894968928257,1.2299208317080141,0.017078177275899397,-1,-0.03427017650857583
XLE,day_400,0.005977960518826375,0.000855125873312268,-0.08895080365852237,34.130347333173546,-135.23964065586318,21.05495179021172,1.1284959961800365,0.015128214778940453,-1,-0.02609260543068782
XLE,day_450,0.02453628259188889,-0.0014922095559832815,-0.06302470522613612,23.625217293059833,-123.74216543591065,21.41120321466202,1.1526512929961823,0.013631001295182141,-1,-0.1066972849178293
XLE,day_50,-0.03669596431899913,-0.03284238894310021,0.022304841965049338,51.520246162215514,-338.51162379046383,73.44426731414741,0.8216520025181044,0.021592612057543637,0,0.0014533556459442913
XLE,day_100,-0.010134929617012678,0.007129721257617128,0.16518568123601396,79.74613287599206,-394.80118414025566,86.38160323300907,1.4220567288121262,0.014919162621974881,-1,-0.011396903904685984
XLE,day_150,0.009240951703187283,0.01485584199619061,0.15602768598248185,60.577608230008174,-387.36864850022556,76.27758805191274,1.1940972033571962,0.017931980029562682,1,0.026697876786181997
XLE,day_200,-0.015270056974375779,-0.020813087720141787,0.035261504276242306,60.30455696006521,-443.30675093905216,77.28411317114356,1.2890147795991493,0.017940435099683193,-1,-0.07053196252702637
XLE,day_250,-0.021036394638679012,0.05832044453215923,0.15204972982418252,96.06201802523564,-463.1099482976169,105.42489875659274,0.8188060296479598,0.017457162784866587,1,0.05422228288275783
XLE,day_300,-0.004934823959353962,0.0066237395571866475,0.07941711531273721,64.88277160243425,-544.055401252175,84.1842854335533,1.046135994786706,0.015998492409017146,-1,-0.04682478848484652
XLE,day_350,-0.015788001823135334,0.0483000884849214,0.17995408543105373,78.84219142935832,-545.4296599595822,97.44595402936717,1.0335300026392396,0.021024870010016437,0,0.0023203936586581367
XLE,day_400,-0.01864065722194752,-0.08646228449330795,-0.12757612908871918,22.589363599671202,-502.9635274014581,-1.3557063866340213,1.2956459142577434,0.017753047988871545,-1,-0.015651057120050344
XLE,day_450,0.03051988532889438,0.06883164193391011,0.048383535396796296,52.50879347057216,-508.143151433585,76.07536608584658,0.7171110667043008,0.019831546035363086,1,0.013407071026435055
XLE,day_50,-0.039293573196362064,-0.03226208778965278,0.10307477125155784,58.403720367917785,-160.06892546868204,77.54299991187717,1.3359851505923865,0.038287077954952384,-1,-0.07587135475785907
XLE,day_100,-0.06756749165979825,-0.002289654322124135,-0.01474149790738899,72.24468911374458,-169.4446862959529,85.77952719235947,0.8014738049383523,0.03764512069401445,-1,-0.09013813004501439
XLE,day_150,-0.008454698360523372,0.07010553834117972,-0.009236341177165985,50.239904045161445,-123.31236458976011,63.88842448033709,1.0629772013493926,0.03930403226180255,1,0.2528240828719907
XLE,day_200,-0.026376654098968055,-0.025444380306484438,0.039929107365413774,54.02231538781268,-204.2887434359431,68.88669269123412,0.9079261571163629,0.0349672327653055,-1,-0.13336227014101865
XLE,day_250,-0.11022792705699758,-0.05255900426770432,0.08976375078456855,66.81316138802657,-196.76981523139023,91.1045391789435,1.325802255721581,0.03675494608481247,1,0.09812664658628181
XLE,day_300,0.048826526983235974,-0.1741427891596431,-0.11862925592598961,18.091663091049966,-190.32974619974104,-9.308433667360154,1.1245668930810135,0.040509958662015975,0,-0.002759292407460635
XLE,day_350,-0.0008052223860524066,-0.10210418610113436,-0.09731988395564417,46.45957534405796,-165.3723071467288,15.565008196217716,0.7595854726295279,0.03551270244436545,1,0.05524281683225997
XLE,day_400,-0.04600491808592133,-0.07670591462881671,0.31712790842138716,63.58185110789164,-282.69552970297383,64.73188681732542,0.6488012633921435,0.03377126341971837,1,0.09274744545594894
XLE,day_450,0.013576658725708235,-0.015642324686992115,0.05670928921582297,45.78942124484176,-259.3259512281059,30.477324150463332,0.8132735957178768,0.04365185932789436,0,0.004073207650806013
XLE,day_50,0.029935441841624,0.009479210841705887,0.011583973322385699,41.4873686678091,-291.2103754536729,7.173678512160368,1.1242039296983495,0.019119413002392636,0,-0.007196022627727716
XLE,day_100,0.010727098690828107,-0.025947291618627744,-0.04006273409868566,62.40220691249549,-336.96826517542024,46.181497078747334,0.9612922366724325,0.02604862655316698,1,0.05850148510510882
XLE,day_150,-0.0014707188684928152,0.00858530982211736,-0.0345182037447086,46.8331189826121,-377.00155638393716,50.992466414626534,0.9601100817464086,0.023347808861608133,-1,-0.05370737173315868
XLE,day_200,0.024817634690948553,0.0721433814152983,0.02851355439575176,53.96863412436859,-409.3292489477277,66.8900428689904,1.345169253969679,0.022852252868903834,-1,-0.05124334151835982
XLE,day_250,0.019106726408931296,0.07274889458307676,0.002182331232071011,50.63119310866436,-402.5142622813484,83.40799710319835,0.7961037718152117,0.020093797564061603,-1,-0.019078290704422577
XLE,day_300,-0.014132450742549096,-0.020979990633585688,-0.08991410587387028,27.94634330988829,-393.76159173382024,14.146104676226596,1.076820502369555,0.02299645254504075,1,0.10269992540782708
XLE,day_350,-0.005561531610891235,-0.012704452596155602,0.09832014301099146,57.13980248056014,-472.67800762965277,60.57564478632759,0.9788446107240241,0.020191409012816283,1,0.060691947997620954
XLE,day_400,0.00543286519920505,-0.004763004415904715,-0.02312358537019843,53.52668287076694,-590.3316764279418,46.707566754170024,1.3477412940572708,0.022285212527071933,-1,-0.01685929773070268
XLE,day_450,0.04422546882673317,0.0392997396581225,0.18022338202621468,66.13046194117257,-692.6437221266243,69.53758537264085,0.6509526887046727,0.020228909179395682,1,0.04355909065966417
XLE,day_50,0.0024281176379152836,0.028617236501454535,0.057904502729484664,62.029873854169026,-368.5708109340425,100.37315128548087,0.7561273770188418,0.016942154487169202,-1,-0.05377125353403578
XLE,day_100,-0.017859900565216136,-0.00985524468037291,-0.025690901492492757,47.465157233027156,-322.76398382375874,40.63345408496088,0.8736555612185324,0.015486673007640643,1,0.026638875131521255
XLE,day_150,-0.0027921264891246356,0.061729297938897254,0.015839273498319262,62.02729825605022,-313.72861025734994,88.72526688485645,0.7241926161160527,0.015175378559028625,1,0.021012419582465316
XLE,day_200,-0.03428478266664903,-0.014789157013667786,0.017013912973137035,57.71095850875429,-345.1495932088626,81.26079104635762,0.9054841903839839,0.015758634938597926,-1,-0.041147416113953166
XLE,day_250,-0.02981428025391153,-0.04253095115087724,-0.032454166754888436,62.21627455433854,-336.9368478645865,65.65159729891718,1.1536391396652874,0.015994033069211846,0,0.003490436913670654
XLE,day_300,-0.015825235238069002,-0.020362336133492698,-0.05542634559792159,47.907669789565716,-322.56343125807405,35.433851489572106,0.6561383676872389,0.014018096426677505,1,0.038852075022223646
XLE,day_350,-0.026745093961422217,-0.006175913027080315,0.020687108389637388,57.42682461688421,-353.4671977015425,64.30652598935484,0.907966794050015,0.018832954211952767,-1,-0.024843208681536454
XLE,day_400,0.010425238908455592,0.02906972788908857,0.0760348319699018,61.84809727767352,-381.8787324678981,75.80941113307009,0.6600144845231708,0.018494863160314026,1,0.02532621013665526
XLE,day_450,0.020542126084726497,0.04789448878542357,0.010896338598288535,60.77960359272128,-353.955563188072,76.94134652094058,1.0987045648285572,0.01694315590547232,1,0.032895484203238734
XLE,day_50,-0.008005270552406407,0.057189336358361986,-0.07526832352449142,41.37916558674326,-407.17811188421666,43.04609885583718,0.8721263356571265,0.02335422954541696,1,0.10764571460476222
XLE,day_100,0.03530622728519184,0.05784488337816951,0.10286545192695629,52.23734749766446,-480.60161435454563,64.66420752296924,0.71105581016327,0.02578631813623028,1,0.033227159345648793
XLE,day_150,-0.004232152881332274,-0.0017311295057065301,0.1468114126415827,66.31179121991177,-602.5684101594984,74.66037276601202,0.8517722422586118,0.024823273178384096,-1,-0.020528602512334498
XLE,day_200,-0.04074056551462624,0.010054835776529769,-0.09292073873392381,51.96695022455492,-673.9356119221555,64.01845237966982,0.9301834732670903,0.02539584385046346,1,0.03639403367949983
XLE,day_250,0.008442260433646931,0.004100915937643723,-0.07200799522362566,34.85858219114053,-569.4601277526341,19.05364102499562,0.7686767703141338,0.026650222635681533,-1,-0.010673179665058142
XLE,day_300,-0.014928099033342135,0.03356895100351287,0.13521589201212403,75.31590070471228,-632.7011856422251,93.40539628732054,0.7749450483756439,0.021760215588010473,1,0.03905799647951428
XLE,day_350,-0.027090488428469617,0.009730752414222277,-0.04998405185785515,50.80653081484038,-668.2830030703763,41.45242206151313,0.977845880250992,0.023119129442916934,-1,-0.04818923288059307
XLE,day_400,0.013473707428977022,0.04508627088465533,0.13041261258355452,68.40683754653816,-575.5576423570517,86.4504638781846,0.8568711749313852,0.02328716159830083,1,0.05826896862271668
XLE,day_450,-0.035304366988902824,-0.039453590789082504,-0.023991625246479686,40.94022801320026,-746.9817815026101,46.00673614078251,0.9899742777909134,0.02446023099043813,-1,-0.056921545050551345
XLE,day_50,0.014606680183251175,0.000226078823057696,0.04803226987535747,55.82846323081383,-97.34698318245454,63.68128669948793,1.1033091143182436,0.01263602773231347,1,0.06856197698407737
XLE,day_100,-0.002909514362901322,0.032982748911974724,-0.015574425210055809,59.85103557940257,-109.33405603976531,87.2236736106443,0.8413800941507743,0.012783118713418593,-1,-0.033587105193383586
XLE,day_150,0.0072564241167720755,0.023195864850711345,0.06314148051617452,77.96211902345767,-108.93181092384702,86.44964520439002,0.6361330043388496,0.012594324083797293,0,-0.0037861543020878143
XLE,day_200,0.0005361838987252288,-0.016459848737353733,0.003618551762664124,43.68223619917207,-113.67850475821037,23.965161053627078,0.8875584675565085,0.011542534223303626,0,-0.007340116000159842
XLE,day_250,0.0062657769832497046,0.010961438979190552,0.11576427160441405,60.624652101048426,-118.89155986325378,77.41530514563172,0.9350956149227944,0.012071968348997042,1,0.08045707735875286
XLE,day_300,-0.008197438181526961,-0.05038302860976207,-0.039439633197119295,42.04107328570345,-140.42872542222958,-13.354354523272564,1.138121932587876,0.01299911915744759,1,0.01408718518966902
XLE,day_350,-0.019024191289249148,0.012634206551079386,-0.00582289562596594,58.23793470822631,-141.00831253067966,80.01343748252596,0.9959284084489273,0.014100292608124182,1,0.013997599713638993
XLE,day_400,0.01881606794285018,0.00501235208748696,-0.007502701284013535,44.819385339820464,-158.38884665295024,14.676641643208347,0.7467468158927265,0.01082311784367478,-1,-0.013831211301037065
XLE,day_450,-0.021839405042782145,0.0010745114085082275,0.030378440903300996,64.33472432340126,-177.6116634009232,104.88769989845662,0.839438216361624,0.012664054162749674,1,0.010808931368740551
XLE,day_50,0.019643173202532616,0.03131885798577594,0.010422733174445309,51.53407035808682,-446.14042768805126,64.90537811673383,0.8130227913149897,0.02265674966468403,-1,-0.09263225059082415
XLE,day_100,0.017884853484378738,-0.004853625375160209,0.12602925743610727,56.34468891112681,-395.1760987646819,73.85578956309698,1.251917826708841,0.026833886251516025,1,0.015911585322960525
XLE,day_150,-0.0020704160370016433,0.07011585308445523,-0.09860494510473461,40.67324299823171,-412.2319402853813,47.61163859957979,1.3225465809456618,0.02016764713396998,-1,-0.03968352800829725
XLE,day_200,-0.01049017889547288,-0.09950288846767852,0.07871470122802515,44.90829530927443,-469.8091656736652,25.42084163024962,1.0783753934289018,0.03096914378966079,-1,-0.02850381237773156
XLE,day_250,0.021852075239242152,0.0536464060150732,0.08694505850208589,60.28006341942891,-516.9461845467434,89.87768203079243,0.8601724496756249,0.025706046240117658,1,0.011536605087072797
XLE,day_300,0.027942331290835343,0.21618334126179284,0.061437595506559806,58.48592825066633,-511.2289319097608,98.71255339339687,1.127201691537931,0.02690348793578828,1,0.07416135959752801
XLE,day_350,-0.029527477532116042,-0.08096360862291507,-0.159141367350926,18.11178893979536,-489.77838406365214,13.161659409187267,0.7490297138727722,0.0281568485720325,-1,-0.017212875419535954
XLE,day_400,-0.026727614080530926,-0.033028701679102435,0.07024249756949219,51.50812064910478,-419.2688715048134,67.92711725000783,0.9655759303345545,0.025168399472768634,0,-0.00915223744297587
XLE,day_450,-0.08743957401570368,-0.16996594671124599,-0.16380302593827545,44.94601701748592,-417.6195452721502,-3.5121141053446685,0.9689837366777562,0.026507857217080176,-1,-0.01611412296920577
XLE,day_50,0.01791604677023173,-0.03078431329170317,-0.006313813047372774,46.093263833677184,-594.1823218599384,16.894492458396073,1.1483407847972877,0.03812421018857248,1,0.03526633870416307
XLE,day_100,0.0840717484903224,0.18388731620932197,-0.007582100736186037,42.55445789766774,-758.0253126540143,57.3659642765345,0.8391316419700323,0.043258564125295364,-1,-0.012151892197530129
XLE,day_150,0.01875480765563564,0.03480110009292248,-0.018509001067973485,42.334328893804795,-1056.5436484801176,20.79128093432506,1.2395543336797104,0.038460870387349154,-1,-0.02597787310580085
XLE,day_200,-0.019453288694834314,-0.11867155631723558,-0.08491848708785488,49.844288539243415,-995.6488942955834,20.35938701644067,1.2528378142861334,0.03696480703048567,-1,-0.1084328118847853
XLE,day_250,-0.035698591180457484,-0.02277504607154801,-0.030762838426030448,49.99625821916132,-635.82136679043,72.81602090482419,0.9072213308696262,0.03892410948864826,1,0.012317072441650876
XLE,day_300,-0.03161566481905642,0.05378703271522434,0.019890808181555863,41.29986629653375,-772.7510871061301,66.31545753740507,0.6872485332319719,0.04061212451503081,-1,-0.024175747238017388
XLE,day_350,0.05202311442455021,0.10535407772120631,0.07150217554349081,49.734711826127246,-743.7526683919613,61.21486848277286,0.9947310257362443,0.03294366546989099,-1,-0.030743032407394837
XLE,day_400,0.02233734415346955,0.006065192913313977,0.21404587344525416,62.24127464574326,-914.4477130114453,59.542224884707096,0.8669852789738851,0.03689497420661266,0,-0.0044716091989449765
XLE,day_450,0.001548016452804113,0.055351900701715806,-0.21809189917819205,42.66186571918067,-871.8426357417255,40.03218884355492,0.7571491662581122,0.036281105900761404,-1,-0.11985647682416446
XLE,day_50,0.00966116985695642,0.02511801795214552,-0.020334250057848946,53.73096234185688,-145.1361760893058,56.252707596749616,1.2133447725999622,0.03170835208520338,-1,-0.09140628281204573
XLE,day_100,-0.002542302607693503,-0.11400118604482634,-0.10040508572833862,29.37127297426298,-148.4679356546363,4.276310735001361,1.0451096549031516,0.03973558165194036,-1,-0.10834129372294447
XLE,day_150,-0.017836975837325908,0.005015989547534794,0.10966305199890147,73.9857753449976,-112.19103265999323,76.50837414014715,1.1596404753554337,0.030504857098421732,-1,-0.03047772577165895
XLE,day_200,0.005428869057814811,0.015170279430233302,0.04199209831534434,51.017859226962194,-110.21944836060705,42.57424830124783,0.8161899690205828,0.031304009981279086,1,0.03199437737580823
XLE,day_250,-0.01649875376671528,0.07105645619734524,-0.01168308460031886,50.2773621365606,-115.05500063816139,58.45946926016293,0.5763400832154548,0.034272675072457195,1,0.16595491495140022
XLE,day_300,-0.014710342588534209,0.04322634828993577,-0.061730062596595414,31.807605275430916,-128.32351172957067,40.37290852646133,0.7746647029615811,0.0447506778002728,1,0.08515101575574723
XLE,day_350,0.005344652442646147,-0.01018170272707175,-0.1638215903868463,36.0046562560386,-149.08826452218935,23.791665175339595,1.0204248904625084,0.032330720842027164,1,0.04436098899847691
XLE,day_400,0.07020976797456835,-0.044243642681774054,-0.1620352232409592,22.815256891322306,-182.27291622193218,-9.55494947638345,1.1496633763033772,0.04138237724508308,1,0.04878380172260891
XLE,day_450,0.03920730172637921,0.02352248596266815,0.1943002201693016,60.37684059751114,-179.06164723731524,71.01963293342739,1.5340581292722835,0.04093568512669753,-1,-0.15826897857524863
XLE,day_50,0.0036012560502776125,0.04467333770440596,-0.008324108023615273,54.85484970727072,-493.61724531180136,50.55071293112092,0.8275895350936326,0.012308436310986604,1,0.02969233048848314
XLE,day_100,0.008969097467925513,0.0857907276509633,0.21217869624661456,86.34738877512709,-584.240690905056,104.39305061541859,1.1309045591022677,0.013026232030587382,-1,-0.016385044415465226
XLE,day_150,-0.00486950198473135,0.028795638142416813,-0.04947087295526975,47.47836375740528,-648.8932625089018,44.927255916690754,1.3983443823782724,0.015051645177876077,0,-0.007028406599306136
XLE,day_200,-0.004913564549776428,-0.02912521323047923,-0.02057188475343219,49.466688391782874,-619.8027644893588,29.992644362227622,1.3311056304402484,0.013509392609060505,1,0.03344748174834248
XLE,day_250,0.006112494142533453,0.040911055622098624,0.09607760833708401,75.92125618569355,-692.2186106490825,104.43154488777621,0.9600728379978034,0.01589400487315285,0,-0.0018314763317927873
XLE,day_300,0.005297776999331649,0.02376854813764062,0.003052873008440038,69.17117759538269,-807.1250721141013,83.62402945994548,1.1936641944883504,0.013664547608459424,0,-0.00858808093512069
XLE,day_350,-0.010249472018821426,-0.008127405604849258,0.021620389209616286,54.22611189805325,-826.7489762260001,58.99285265671501,0.972786137006513,0.015910308670889654,-1,-0.025415205111919192
XLE,day_400,0.003805133134363592,0.015763914679085334,0.0796112869256349,66.62212726270596,-850.341970129026,84.54131231679038,0.9469269377605155,0.012550693091808621,1,0.01840591159771166
XLE,day_450,-0.015004988131923636,-0.010047311299544837,0.10616136664962017,71.9769907792947,-959.1453272449016,79.22238081802206,1.0160989416525188,0.014809277202489838,-1,-0.03563241508449488
XLE,day_50,-0.004821477583891953,-0.02433570621070258,-0.019149628473551616,64.79752409111428,-385.847593190125,65.435629004367,0.9889373448269191,0.016930630820270593,0,-0.00331147827211602
XLE,day_100,0.011790218361902971,0.010531267133049527,0.1252871308212553,73.43807737464192,-395.1057548563992,85.6797874836058,0.9689092057788482,0.01661334484838005,1,0.052373369349369515
XLE,day_150,-0.0010806110399999014,-0.02796407896750841,0.008985270815238255,45.30204447268122,-434.2022373485072,26.926131400209442,1.0867143855023655,0.017717531258693804,0,0.0016299056404119683
XLE,day_200,0.01196370910002642,0.002160741688536749,0.10732669193004107,69.1686518945817,-405.75009970876584,75.3053573748766,0.8769143861399443,0.021746212771533782,1,0.07020087942114585
XLE,day_250,0.026674279831198078,0.015520408956406717,0.009429875575228674,52.93815181466788,-419.52903427136016,40.13774335136075,0.8820785891896947,0.01490986969288737,-1,-0.01344710710327605
XLE,day_300,0.003091314463225414,-0.02485066866762764,-0.0018058965805207716,44.4816878739413,-476.1938775857335,10.591064584264126,0.7512453470670657,0.016575764515193197,1,0.1430578450817087
XLE,day_350,-0.01538381723721971,-0.0043133747004664436,-0.04143619023259715,58.48358534482703,-549.0948321574791,68.84024677173763,1.0877800875109205,0.018848999601332874,0,-0.003973124983464008
XLE,day_400,-0.015602984690297639,-0.018214393880372715,0.048321435192355766,53.097213745641064,-628.0954418460932,76.50416258881512,1.2812848002639297,0.015101485091920013,1,0.012342763636420416
XLE,day_450,-0.0011366035960732601,-0.039658956685138747,-0.09276447671274235,31.251050431166405,-580.2283171072369,-3.6873068777869937,1.072013347351553,0.02116353703434888,1,0.03917583728915316
XLE,day_50,-0.011622638129930474,-0.09765151888210077,-0.11719125131398511,19.681595497365933,-237.13170774046523,5.065783606642589,0.6344969134009745,0.021600948314700937,-1,-0.06500220688752589
XLE,day_100,-0.011874778272367936,-0.05801494819067743,0.05984203156283607,56.09753640509595,-196.7417707297148,48.27456360152234,0.9425112428979073,0.023729473917458832,0,-0.007327442959143426
XLE,day_150,0.002540988024397839,-0.05814020857585078,0.0060338682610290295,46.62968508103118,-166.10539821757015,29.935147608294503,1.2968585382041438,0.023721603561503025,-1,-0.035444002444125586
XLE,day_200,0.01211160391195909,0.04565881694457463,0.06640258479100258,67.02835493145005,-154.91680348016277,73.31525960475288,0.7383375820735891,0.024960722359348195,-1,-0.015617096483409953
XLE,day_250,0.0008730716464537824,0.0020266105191881767,0.04763187074092978,71.54119143856627,-139.0948382428746,90.39929732522455,0.8635926111231869,0.01945762943633154,-1,-0.086998256729529
XLE,day_300,-0.025157309629896374,0.005288821796887833,0.07895249044126573,74.45502544140963,-126.63519987060764,88.61481942478001,0.8262068599427085,0.02766027764030489,-1,-0.024733505315830673
XLE,day_350,-0.002133258479727229,0.07796322950571932,0.23625212942611817,68.00123222548673,-137.48985888807366,79.1673766021151,1.1159433624795252,0.03284422779957825,1,0.049403233967020996
XLE,day_400,-0.016856136965843538,-0.03395047667504403,-0.15440223066285397,37.820006419478595,-111.66196859219218,26.34126345422587,0.6867617058342109,0.02932526508797008,0,-0.0007828701333461553
XLE,day_450,0.004374059922860329,0.021258048489966264,0.2072470702588931,75.09064420865234,-96.0242722557118,76.85053039681162,0.7154073294597488,0.026013947795409144,-1,-0.04007308354820346
XLE,day_50,-0.001650434403969947,0.024348826862744755,0.07252309253998823,64.44887270710703,-321.2556240733408,94.82406667063907,1.212518284789648,0.013930674412916535,1,0.051532941049052844
XLE,day_100,-0.009630853218401403,-0.06523041790769579,-0.0483623910557025,23.692690686506964,-345.1645714228771,-5.034535073693508,1.1235878452681727,0.014235574405565336,1,0.0928308594196192
XLE,day_150,0.025741046087034203,0.07843445194661736,0.04341219914286332,61.961357481478856,-329.1803332060569,99.63481934012121,1.1680202748885926,0.016719977778576027,-1,-0.022102702389310135
XLE,day_200,-0.0011794784684042714,-0.00929819416298816,0.009105110408551331,31.222550602880077,-346.26207794533923,36.67625134907489,0.6782209394484987,0.014859558351796977,1,0.03197216892100222
XLE,day_250,0.008145524281597538,-0.042359709037075644,-0.011263250276873138,37.96628486582206,-355.4025321434766,4.960740837516556,0.7680276109907338,0.012965895772067642,-1,-0.023977308650863515
XLE,day_300,0.01407954848250026,-0.0295699902544585,-0.08963357523912296,24.84991914667745,-301.7604886629484,-6.129899600467501,0.9465493926275315,0.013284692264104602,-1,-0.02866008436271463
XLE,day_350,0.019572212717902993,1.9387204466259078e-05,0.02990606587026834,64.18645195769433,-281.81651842676786,58.51132620183219,0.6471570800651265,0.012800418615950528,-1,-0.04775064902808226
XLE,day_400,-0.016802915618887915,-0.06076823108939211,-0.13934236972655467,17.5389204987887,-271.3420796380613,9.843870770227905,1.2194229066819742,0.014240377498974537,-1,-0.0229894173037422
XLE,day_450,0.01768043245057349,-0.03348171263489086,-0.012466454075852673,32.6573370391563,-253.58260419786743,-9.186357212204527,0.8196941335956486,0.012572136818530855,1,0.055024485167777665
XLE,day_50,0.0361705421483538,-0.023579704235755394,-0.10998283533093511,45.22115776551208,-358.12929605749537,17.829824306452057,1.4906686758874466,0.03399945067746864,1,0.05318433731079164
XLE,day_100,0.0039084697618199105,-0.010640749870165278,-0.16154816503997216,37.923136193490556,-337.3135396765999,14.167438313173147,0.757719252649926,0.033871470040503844,0,-0.00732536976125889
XLE,day_150,0.004181765373566293,-0.03548512189825903,0.03575108864430465,47.42124796395839,-336.3177748040078,27.16272718274589,1.2297296733186147,0.02662611445864551,-1,-0.04716714885647631
XLE,day_200,-0.010136924005710868,-0.05626454178600038,-0.0479966316309175,48.3974168417696,-320.63405771370554,31.416497320795017,0.8849490126302437,0.02901302186086613,-1,-0.047782749540585534
XLE,day_250,-0.022422610043991598,-0.0771226433139679,0.12189852635297505,59.27016712983713,-386.85183895078086,62.84816886092383,0.701230970217,0.03710639179210137,-1,-0.06122441881681713
XLE,day_300,-0.02679799383815451,0.06233358006042056,0.2769471872847651,70.60343952620707,-415.40888904293047,99.73210398209466,1.2880327071720692,0.03470169150678081,-1,-0.0746832320188771
XLE,day_350,0.06415590379714553,0.003528392936963387,0.024870336711000807,25.98176452669209,-406.2359380677869,8.258808178360338,0.9405114023732429,0.03333670443899276,1,0.09366322660076057
XLE,day_400,0.0511101691446747,-0.0025933524300787436,-0.08454698682172379,27.820922432963485,-504.3284959477774,8.270791642744529,0.7834855401755995,0.036196881231094644,-1,-0.029819701815533273
XLE,day_450,-0.015006642078203791,-0.09302123008629726,-0.060391446828302,31.09228524799545,-479.925425341009,18.244874333230822,1.1655293466293395,0.03680202028832894,-1,-0.04658867377863178
XLE,day_50,-0.023815364953696627,-0.07495950658133,0.07768338144224596,51.3611286475633,-459.88712121219476,55.52466800948189,1.1028918754952188,0.027178154616279076,-1,-0.07486857897695785
XLE,day_100,0.01784103511440427,-0.02588308785211879,-0.1194846411428403,38.55111391804286,-446.6696717279729,20.80780912136274,0.955557131937841,0.02770494073058562,-1,-0.08259068457857917
XLE,day_150,-0.013628602082661145,0.011177584329550072,-0.058463645344626114,61.66982788979756,-307.8523437005053,71.72625992255713,1.1400503909886006,0.03015535895758793,0,0.007410439124011142
XLE,day_200,0.03100560988397194,-0.01692391852535735,-0.0017209542881840845,42.29845162263536,-241.74773847975828,12.446997027721359,0.6806697010841859,0.027712952621985944,1,0.06686739370395686
XLE,day_250,0.03265176703453587,-0.022303639299128708,-0.12452904283220012,28.06749872529892,-230.6493611548606,8.732493262965882,0.965165534988493,0.0265312350528585,-1,-0.02511097179694351
XLE,day_300,-0.06640245277964851,-0.012714579919864244,0.25516902200086444,80.25631742781198,-319.8277544990334,84.17690399560908,0.9602654593450758,0.027022305063891777,-1,-0.1293048598590705
XLE,day_350,-0.020626570104402275,-0.06804162083431631,0.036120622746991904,57.1217251263641,-359.23281969499703,64.85348626460286,0.8486004942778952,0.028607619941647983,-1,-0.08624631414494317
XLE,day_400,0.01836932476316644,0.04933898161273076,-0.049665904160459684,30.649027232222437,-411.31708329905115,26.668654437320534,1.365264202631766,0.028583958852143956,-1,-0.021090061362326905
XLE,day_450,0.012247936974968399,-0.031231057478225854,0.1111224888773732,59.08382124331454,-452.2386121800621,63.31031779659462,1.4426650157103642,0.025082285309998002,-1,-0.07172286623244088
XLE,day_50,-0.053894975524843125,-0.1523341273503922,-0.08751889254723322,30.581391512924625,-205.7303336323954,-12.01775744011825,0.9045390200842112,0.027619420286105607,-1,-0.026082853055664837
XLE,day_100,-0.008511157536427949,-0.02617030721474989,-0.040074856096780076,41.083934716525405,-212.75993510777508,5.670487984902193,1.3047113519887616,0.024548921849057048,1,0.07042439895987752
XLE,day_150,-0.005549307534863601,-0.01820991569621555,-0.05753032978501671,60.35415813312923,-276.46517998469903,65.68654141414753,1.2953073534051611,0.03162662106463675,-1,-0.03779286232928129
XLE,day_200,-0.04939995613954273,-0.0367959384199219,0.21932460373582985,69.19775308457166,-352.2700576360315,78.39285209484184,0.8241702791715464,0.024564656725876745,-1,-0.05234593486010419
XLE,day_250,0.011496427468493886,0.01432695113325888,0.001180239223703694,45.69417631424322,-358.6017222249829,36.446108026507616,1.2619577626552227,0.03026584524005252,1,0.05026351804580691
XLE,day_300,0.03720409725579921,0.11283026452016309,0.06249735550476454,50.852357064493766,-385.02903372532825,59.77710935829814,0.7801689779412094,0.025384260202326835,1,0.034449611277514364
XLE,day_350,-0.0038617457319093385,0.046141370619503075,0.1414540619662259,62.92568108904232,-409.28542662885,95.57003256865943,0.9276194290282102,0.02581183115068088,0,0.0006767536459671031
XLE,day_400,0.000560744363921728,0.04891380934802103,0.238853726157092,59.24143975105475,-482.6676508233342,74.17917694094717,0.830763069959134,0.024646059409182783,1,0.01723172825793798
XLE,day_450,-0.05309270045318082,-0.06018643400960999,-0.0030888719403867615,56.85668439246795,-674.2037774855575,83.57094659619737,0.8002644746027017,0.024730846666695804,0,-0.00011370735910687483
XLE,day_50,0.015172698970222775,0.03803416616061317,-0.052429375252231236,34.831557195163,-269.59561195378626,42.74389237332674,0.7736566589196878,0.016055227457816835,-1,-0.012441091941780993
XLE,day_100,0.018139798169877652,-0.003210056830999286,-0.08059473461348254,31.33869285103401,-270.31512223381304,16.9731375845101,1.0149078443784283,0.015499378606421322,0,-0.0022323966358920085
XLE,day_150,0.013087085900560735,-0.02048741878545801,-0.005493584062616241,50.78306030665021,-277.2308262335107,13.572890418934879,0.6227023820916037,0.013934202059965714,-1,-0.012038149886958572
XLE,day_200,-0.003790591234053675,0.03193891636583812,-0.0225736382871774,32.477761498675605,-282.0394351576263,45.34613448211922,0.6059343968940334,0.014300224955951738,-1,-0.012397264232771142
XLE,day_250,0.016567894039634323,-0.029481759931667795,-0.04816327896450512,34.242675506777786,-282.47664920305664,9.40948552924905,1.0280213483920062,0.014245867554458428,0,0.007860746181995731
XLE,day_300,-0.0007863679709126936,0.0038166219682180813,0.09087215502816237,79.97095158525923,-291.77879787434756,78.3874555046241,0.9311700642111688,0.012270324099690847,1,0.03235334696491944
XLE,day_350,0.0022205430731649933,-0.05119338770810655,0.058174735742092754,62.71066116397799,-312.1386830425448,59.71440215516278,0.9723597069997558,0.017467255395869023,1,0.010944090849452612
XLE,day_400,-0.01838790692886183,-0.04173493881330892,-0.05565656593448354,31.0976865618876,-301.4861108610129,18.920424054596644,0.9385485250310333,0.014818627564071313,-1,-0.028818016865027628
XLE,day_450,0.008851985021266495,0.019929121454121956,0.09416579557644633,54.78127693473588,-301.437591165004,86.56439359186652,0.5047804609300541,0.01650226640807067,0,-0.0009702395122929814
XLE,day_50,0.018886027969567953,0.061733605942894565,0.17774201291486347,74.11092600375297,-383.97567047322997,90.6404803390875,1.0751565325811472,0.027024302697115463,1,0.016277905453743743
XLE,day_100,0.004221744587012521,-0.0024611385767357996,0.14774747964785284,54.37378692273529,-452.07446841277397,67.96916580695165,0.9184088635032032,0.027514910810218937,-1,-0.08467257874805065
XLE,day_150,0.02364812076127687,-0.0071656827220930586,-0.05383214814707027,26.957366975352116,-440.40447246804143,3.261972223376734,0.7460997726357875,0.02586231742174026,-1,-0.02039701195639172
XLE,day_200,-0.025175053045646045,-0.01626156726043415,0.024790117888129348,44.963942165823354,-467.60348794715554,41.72017961591957,0.9459481887349213,0.02499217878108415,1,0.07325126916273993
XLE,day_250,-0.030993214540439795,-0.07643329421879386,-0.12709448392465184,15.483292948641747,-535.0792379985073,8.836838587807824,0.7399438232802756,0.023862739853239303,-1,-0.01051425191295219
XLE,day_300,0.006420781881993021,-0.0076008156498739154,-0.19609683681532053,9.320477876396495,-398.0754096574103,16.546160907806044,0.8287909449186486,0.024794588879152576,0,-0.009476500945946695
XLE,day_350,0.004153343268416654,0.08434900477869167,0.028364742873751903,68.63749267167665,-376.8265288956714,100.52375319312914,0.9386612628217864,0.02232965816865245,-1,-0.012203089727622622
XLE,day_400,-0.027116667265551286,-0.001437027183966988,-0.024304922478919133,53.44442632806527,-379.5957236744972,47.951893608794485,1.1354949809037231,0.023984339692476618,-1,-0.036901875116099804
XLE,day_450,0.007923736893596711,-0.08179391991463647,-0.10711987927708388,37.35055692857351,-294.9989114299924,-22.89318464449817,1.4081283381433471,0.021995688820803966,1,0.07618765786848201
XLE,day_50,-0.013433402545194761,0.020986372878857962,-0.10384919657378944,58.416371056913796,-108.76335423725028,50.86683355184599,0.6636462676771054,0.032944442710606925,-1,-0.14578841006490298
XLE,day_100,-0.016328724249458193,-0.05697084386412721,-0.023393784907113413,46.94196846247605,-105.30701276120621,54.68528871045098,1.2976592308766073,0.037359994612255885,1,0.052904546622718665
XLE,day_150,0.004045351430943311,0.0744638236954922,-0.07744516183399441,37.62158080162109,-99.18275273425827,31.379649158590595,1.3319246551996682,0.028229380866732236,0,0.001581968314656731
XLE,day_200,-0.018855848224860083,-0.11304363328507705,-0.19999471777984756,15.217518458667286,-105.84823091028892,0.21112782214753587,1.2391776300265824,0.03554745104412149,-1,-0.019353662798213295
XLE,day_250,-0.0031534988865596913,0.05807458909431973,0.04835684888148162,59.25317113383282,-63.07217811753611,92.8534617850923,0.99281585948246,0.03621668349314293,-1,-0.05737540666761332
XLE,day_300,0.01961494363697258,0.013833449691128097,-0.2522856296134418,20.634287356248862,-51.91266147443191,18.275977405717157,0.8761518487294885,0.030427228069942434,0,0.0022451729175565938
XLE,day_350,-0.02320786231084271,0.02820162397894488,0.07073118675147705,56.73603400719283,-47.24799698306717,74.55109549406636,1.4580330724432293,0.03601818439926478,-1,-0.08285757418547833
XLE,day_400,-0.0004910659810213325,0.02271373149743061,-0.15385409009002493,37.8925356614509,-38.715376858871636,33.40542872742454,0.6412416460959215,0.02919966763292553,1,0.10343246235092281
XLE,day_450,0.05378181488151079,0.03467994255946838,-0.20759182696804568,32.848707479201195,-30.603327415596418,34.54486812321322,0.7974270338417397,0.03479134447150192,0,0.004692672160547311
XLE,day_50,-0.020925737577648484,-0.04126896037273409,-0.05200999739553547,41.22410173679437,-313.73719918163056,19.31337533129391,0.898113480856867,0.022534336764396087,1,0.04285696694526655
XLE,day_100,-0.033105494195333596,-0.07544895862934109,-0.12383985670334785,25.059829358282897,-309.0522017256747,-5.015714015340249,1.0026420184299556,0.022039782426189886,1,0.03264990132431664
XLE,day_150,-0.002813717382276648,0.07855439244324014,0.03584014283862991,71.70745816587421,-291.54475610771897,100.68482495534235,0.9491341235968686,0.025829410048530375,1,0.13079346543333717
XLE,day_200,-0.028712319145526077,0.001747577890262919,0.14121379659434363,72.01677632262886,-384.50176876555736,94.3120140565141,0.7514536506212727,0.020446930854923828,1,0.040884466087595196
XLE,day_250,-0.0009408746757181286,0.02846083051491921,-0.09210096371006693,35.85507367996584,-406.2385946760568,26.11322338169196,1.3392188804764331,0.02363063296238606,0,0.006350639507360154
XLE,day_300,-0.006122584555860899,-0.04928377495267966,-0.08323852326409731,42.39907212242117,-384.45051588813715,13.309284894719351,1.1377829094435603,0.021522767492238252,1,0.10572499358721436
XLE,day_350,-0.025394459666108316,0.012215684354950795,-0.05098969295378386,55.86965989324963,-412.7111506973587,56.97709879095056,1.3251781390644692,0.026081031536514327,-1,-0.04324039426266222
XLE,day_400,0.011123839221322873,0.07963995788805978,0.17235040575671023,69.4239349766902,-469.18080977233257,87.39650584844344,0.7908035711154972,0.02640036749446231,1,0.08400200533735189
XLE,day_450,-0.008189165144485089,-0.004330965983480484,-0.06065311194006262,23.328073713363906,-530.7592788460549,27.448506695123744,0.7291942257012276,0.017725851457324925,-1,-0.06870895834904314
XLE,day_50,0.007014132269308915,0.05686647412488788,-0.25142027198477124,19.181293855697703,-288.6302819622553,24.327033751331033,1.079622526453854,0.03463402312193474,-1,-0.04504179454141354
XLE,day_100,-0.038826725905654835,0.005066532669046664,-0.06814755161424424,63.72741656771091,-240.9648592002638,83.74082646805925,0.9428483601377815,0.027901809265366912,1,0.09630634956817348
XLE,day_150,-0.045046100396273325,-0.05425641903518108,-0.10115849468974081,34.54043187886042,-253.36202649977906,34.23025030068428,0.8121959733509616,0.030709475080253693,-1,-0.06912671279279929
XLE,day_200,0.01314601538337623,-0.0517288146498146,0.1526672788854968,59.10495551697648,-209.36879963586134,48.732723002638245,0.794402141547991,0.03039196152139103,-1,-0.041995029899886814
XLE,day_250,0.02291530363320593,-0.026991859971266075,-0.03349250617901389,31.034375895370815,-215.63207616259083,9.096596675611986,0.9734628963783891,0.03074409516599776,-1,-0.0728287134332142
XLE,day_300,-0.001132618944913788,0.12975751573570182,0.10796985385573787,69.07166764285347,-193.1364601289345,103.468749453192,0.8728831107361396,0.0340090239461802,0,0.0016651183042151016
XLE,day_350,0.013301728445291205,-0.01970001322650372,-0.1273914447850637,28.7662450439379,-201.10395659216803,21.435670470237508,1.0526126677774368,0.030774423676378324,1,0.12526873000357544
XLE,day_400,0.010118704609316964,0.032299632858138194,0.1543920579180309,63.3199061685779,-227.08200583451645,86.8467312972919,1.0250577761586523,0.03281369601543433,-1,-0.07445600902423706
XLE,day_450,-0.004124125316850358,-0.05130260906448836,-0.08330215429240795,27.217760829630663,-223.03700320339695,8.776951072788048,0.9240271000884283,0.027721838590983466,-1,-0.012511344710105284
XLE,day_50,0.023278161199057346,-0.0664923437821816,0.05848225350760616,45.665070098363636,-578.5378746462835,20.61787535309599,1.2412933948435005,0.030298101244816217,1,0.10950670227849811
XLE,day_100,-0.00788407412101999,-0.037320546317382575,-0.2023881886799922,34.560310683550995,-622.0559424561216,14.483130929773358,1.171879003949734,0.027347487289743445,1,0.028904423492689527
XLE,day_150,-0.03474302894469361,0.07604157522029809,0.3228467559875745,78.15091477067041,-596.6598696406602,101.6686746780071,1.14108708442143,0.03411113986407957,1,0.023486255577712105
XLE,day_200,0.03997189344945373,0.08066146108646444,-0.027091882649944776,58.305376596071156,-678.4998034754979,71.89893100248838,1.4189628229502356,0.02482431192675712,0,0.006626241221621476
XLE,day_250,0.04237985619941664,0.015512549587560098,0.19420194978010175,67.95503568349912,-894.000732535369,72.04870580096521,0.9236469616098418,0.02598633345273842,0,0.00608255851046471
XLE,day_300,0.037811385680698084,0.051468556679751254,0.04904066404945384,54.729948997052134,-987.6262165782736,62.5364956041658,0.9700562816205863,0.0275764633519299,1,0.017352937518486447
XLE,day_350,-0.010752442877640545,0.02830418630153564,0.12685129540101858,52.89142961739616,-1013.473083105959,76.41007615294734,0.8958532767575987,0.0295599513401815,1,0.013227950070601773
XLE,day_400,-0.0321321918735491,-0.028057608223853725,0.08713746088359153,59.05863473742357,-973.03457266383,91.14760767589529,0.8606701667632697,0.025429846145725923,-1,-0.10587569526144644
XLE,day_450,-0.02231053176662856,-0.051839006618699224,-0.1899402456268835,34.40968263684694,-1051.4614494478792,31.842355958216118,0.9807576252865721,0.03192308693418869,1,0.044401074813926474
XLF,day_50,-0.006133917501538799,-0.017036553515984654,-0.11690019477182634,40.62039122574105,-379.6074333443248,22.12520715536921,1.0346460564059983,0.03233632348429526,0,-0.0025649184401558855
XLF,day_100,-0.05991871515632596,-0.012796640691087546,-0.1879559756820166,25.93610075035332,-284.2497114099641,33.77725117658058,0.9245096846191544,0.03485699893468716,-1,-0.07380046223415421
XLF,day_150,-0.04848414830996295,-0.18993365294194087,-0.2670627090018203,22.39610354683012,-189.52401619946693,-5.04753868557781,0.8715821261274845,0.028883764045218027,-1,-0.06843935995567839
XLF,day_200,0.04619192171279107,0.039419980603790705,0.13795027518036296,52.41950372305488,-123.9836125969017,52.81671643058926,0.9945209086833344,0.029514679018377905,1,0.0384024293993455
XLF,day_250,-0.006001918859719568,-0.11879802542253182,-0.1501904302960675,47.31851731860704,-133.18187027459646,4.889659504821635,1.1108622623914723,0.030133776108394413,1,0.08759102098033211
XLF,day_300,-0.02387933438391665,0.03791606556387683,-0.20552329407406977,29.175811328017502,-127.88220896096216,34.547590850718585,0.7088027191085446,0.02941192335451603,1,0.1232114345493615
XLF,day_350,0.013911148743099622,0.09492884766054588,-0.01715179985846982,62.532326382333665,-117.95628282505874,89.69267788301629,1.345577827724105,0.026444532867486097,1,0.05885287255762357
XLF,day_400,-0.03651803462091774,-0.0381987410132385,0.28503337321338473,71.56299564527276,-188.41226638657105,85.13837322006708,1.1667437875861402,0.03163072361953274,-1,-0.03985213323572003
XLF,day_450,-0.00145465580072901,-0.03235023249859881,-0.01678091732428799,60.042644253322464,-198.6486527836711,71.99970558882629,0.8849284968331206,0.037496527018924745,1,0.0380692643361054
XLF,day_50,-0.017994812837095475,-0.007376215963295851,-0.00803251824343798,57.26528541364236,-448.1870310260964,78.37902086806025,1.2296802376773175,0.014240676283636044,0,0.0011368530166241417
XLF,day_100,0.018470989020318518,0.003272793154882825,0.09482295077637182,60.051940428476,-444.13437256358276,62.373664154901256,0.9482256364464386,0.015813325921407502,1,0.057404250594965255
XLF,day_150,0.013810055125817344,0.05413338156003844,0.07835837080202168,64.37719293734978,-515.0473783192274,103.42545497682131,1.102838256431029,0.015548901787859249,-1,-0.03356636503265773
XLF,day_200,0.006354692868502321,0.006975346621214795,-0.009275009137813539,35.21163061372923,-515.7280942645762,21.848997184002002,0.9530790761430039,0.015935118966140062,-1,-0.0280864656230845
XLF,day_250,0.0031127660002061575,-0.032459186289960806,-0.04400966797795691,27.52092529156492,-485.58969973876145,1.1129347815286441,0.7332018004694503,0.014555313981436706,0,0.0027825409997094134
XLF,day_300,-0.0010874299120627873,0.006484848484580086,-0.12118606337724747,21.13151264851193,-424.51054027087844,22.344243159157664,0.8820861306916916,0.015392801568718917,-1,-0.04147717201981907
XLF,day_350,-0.020329651724936726,-0.02191494174931985,0.04159669532773025,55.79005793075789,-378.7590764368505,53.63684872598735,0.7804849518749715,0.016132677909261258,1,0.010015483823634357
XLF,day_400,0.007950897441024951,0.025570457682743353,-0.03697561125310045,33.507599567990084,-331.0071322306664,30.022529636361085,1.2849266908245074,0.012365306422636285,0,-0.001209524666881562
XLF,day_450,-0.011546601633060094,-0.0354944507811652,-0.05876648520914607,43.35214575466821,-355.3715769550623,14.477013277507615,1.139396093342789,0.01464652896045462,1,0.034546027318005025
XLF,day_50,0.01880369255613057,-0.012076807971658554,0.046788132865342114,39.661403428083155,-173.159661682831,43.33854820337146,1.0130984583638174,0.03245761073756482,1,0.2295683516285536
XLF,day_100,0.0448027248013676,-0.0418428699880935,-0.170053529131988,39.49640887117712,-195.09804461010867,13.626807388055475,0.9643130947618032,0.04120081892602438,1,0.06649253129000966
XLF,day_150,-0.08918997205492318,-0.09802376549788949,-0.18305342125666835,42.713156774682616,-256.9011162389034,14.427229223321989,0.8985138453643313,0.03226751093497376,1,0.10861737374574261
XLF,day_200,-0.0232847285657396,-0.07460649477213721,-0.23538852808824617,28.586031307955523,-275.38263476120494,11.955875777595526,0.803294835387318,0.03695171629645073,1,0.025890001616841466
XLF,day_250,0.00038120294403221067,0.0974952911259892,0.1766628283671019,69.14691653451895,-258.33196322600315,96.87502158221008,1.0629683605240985,0.033199815834246874,1,0.01892055964416548
XLF,day_300,0.019894400147092206,-0.08707430131470739,-0.24081177239190477,21.457547906530692,-252.2612689739582,9.089025926735793,0.9772522644705546,0.03807566375306062,-1,-0.08448044620536717
XLF,day_350,0.03125371113353892,0.12019004036416603,0.14909055222026968,60.48637716575543,-230.88842594377667,87.67612805997912,1.2671989041589795,0.03463198657663673,1,0.03956761090848449
XLF,day_400,-0.030161404774611933,0.0008087086586905379,-0.19989894553994847,38.92125294324698,-168.18663650379548,41.62658051559471,1.0728814271380285,0.033556574105648856,1,0.11565724734646822
XLF,day_450,-0.005935873872478292,-0.07873763179962368,-0.13526806599189722,37.94917173788948,-163.6669258884895,4.710482701505853,0.9812872958937185,0.038117201253064406,1,0.1173619660888841
XLF,day_50,-0.01041020318470598,0.09793720581989462,0.15738094776422007,54.906983889958674,-583.7739229286525,99.860559532656,0.9003378853941059,0.02757690638915382,-1,-0.015609621387067982
XLF,day_100,-0.0018017958237710463,-0.010035079156791582,-0.05540913466101949,50.75748275673001,-670.6617995675605,27.928353066092697,0.8720745281103933,0.024539977424969207,-1,-0.0872934645116472
XLF,day_150,0.025253560105603867,0.0016580447153899946,-0.09392738617574381,37.153466267590304,-584.4874412039612,6.274643040087458,1.1536215188338494,0.03134761358167351,-1,-0.024147538309959127
XLF,day_200,0.0023113829941878716,-0.02654102457549412,-0.07257186499249979,31.280804525004584,-578.2076742077103,3.8957484128807245,0.8634970286961056,0.032095780028926386,-1,-0.06545504604131931
XLF,day_250,-0.04234931973615885,-0.048726639531685434,-0.1278408201821658,52.98466430375756,-408.2173353197003,42.08939739844724,0.7736331253565686,0.031263034933130616,-1,-0.047084605606981876
XLF,day_300,-0.03612428304402293,-0.03199848348056811,-0.07436095274244825,38.37496707277581,-331.1388652148457,21.444114763240208,0.8797669799454086,0.028344634812622994,1,0.08070216563972256
XLF,day_350,-0.021484256602139262,-0.04674921315826008,0.12156918040380948,72.75366303283889,-331.11929711010936,82.91083844196204,0.6958983603704647,0.026296766559317737,1,0.058512579049909516
XLF,day_400,-0.03354304876118641,0.036876098498084264,-0.026592019432592595,55.597111219020825,-411.2127663131871,76.95879679311763,0.6454947505838733,0.024940413706149012,1,0.118794032754112
XLF,day_450,0.00530248169638492,0.02888120605730493,0.040009366046344974,59.095678439497696,-490.16619150042783,81.05151125823913,1.3323769085018358,0.03077124208991356,1,0.05485315898778274
XLF,day_50,-0.008987547869312107,0.026533663798405938,0.08164926862597177,58.94703454177914,-172.44600150890435,96.3277350036271,1.2279995652903568,0.023078275403063765,-1,-0.033909275167053395
XLF,day_100,0.02110444365610875,0.002022427265994553,0.09830138791217857,78.796087923666,-162.53392778650004,67.08748281005616,1.1198503990226658,0.023421135791863164,-1,-0.010746578301562044
XLF,day_150,0.04339019792229282,0.05560900411543224,0.143262509440248,66.79775112229352,-155.07065953441128,68.46142105181455,1.131681540066984,0.019136252349026127,1,0.013426199395783822
XLF,day_200,0.009475945456266954,-0.08673551570173477,-0.11360045045244849,48.0179285469766,-143.79265926696743,-1.399451503930895,1.3254367710663029,0.02240781542989042,-1,-0.0937780759516323
XLF,day_250,0.02260709587867815,0.007599637718639807,-0.07319988575958869,43.63516138406244,-111.08167180823534,34.259182503163224,0.7182290420790716,0.02497046052394757,-1,-0.04280336171574265
XLF,day_300,0.016201071512623955,-0.043060125863426446,-0.1630956920144242,11.773878039286544,-99.05500605952741,0.2919265990495842,1.0272111739174727,0.021430579767344353,1,0.04778278399478087
XLF,day_350,-0.032729852469708054,-0.08522594523321536,0.01669055908508721,50.005001557413244,-106.52498955213196,40.00138684646312,0.8935159314065451,0.021019931242106268,-1,-0.015471833934324426
XLF,day_400,-0.04198464605921637,0.001901692352532569,-0.0827737433989264,59.944530156573066,-103.05328775049848,74.64586091978207,0.8383383615297046,0.023396579808122236,1,0.0927074624386364
XLF,day_450,-0.016273048624557807,-0.04962743775598488,-0.1722494706385581,30.825562241833282,-94.65838594252995,15.443861608908485,1.2973754003481055,0.02826071978246354,-1,-0.09180659899386619
XLF,day_50,-0.05115769599063558,-0.11298724210147504,-0.1996802954157183,23.4174885033556,-244.8913407472162,10.105317249248419,0.9874327123586182,0.026379125086839154,1,0.029917957404561563
XLF,day_100,-0.0036275115666518642,-0.10375568340444008,-0.07568800738337433,30.04797397842941,-205.4062312041055,0.4240434766003049,0.8113987675576195,0.03151089244297141,1,0.040588745513622966
XLF,day_150,-0.014722775202124838,-0.04000624814913656,-0.21466537383747197,19.18088164649761,-154.22374910193977,25.01505744250071,0.9210635624880844,0.025084090856576265,0,-0.0029146027167766936
XLF,day_200,0.05756800250142913,-0.008318919131337421,-0.08210055534746596,30.528149542710878,-126.95991079797642,17.13253633305533,1.125721112635859,0.029782855924598776,-1,-0.04928291354452218
XLF,day_250,0.027958227318423567,0.06219160230170395,0.19084476302777365,78.8101437880477,-108.45064563111377,89.13734826690305,0.7433294022284027,0.027953054875117442,-1,-0.02379713364561781
XLF,day_300,-0.02727012518454497,-0.1189276993484043,-0.14710004672099997,37.71477145722604,-129.88727705232304,-16.841162162025874,0.9876841920861792,0.0253954362668571,-1,-0.10226323595825049
XLF,day_350,-0.008345121261398858,0.009069942607374593,0.14935699616463283,75.18460639420525,-104.42167815332222,89.30054464532084,0.7611796337835051,0.02884000375962367,-1,-0.07572393532768032
XLF,day_400,-0.051343363420074506,-0.034661458710204984,-0.1303894648573618,31.572178920413762,-111.79030897310471,23.720467793079003,0.5939738221581502,0.03439643055839829,-1,-0.06960598093812653
XLF,day_450,-0.06867310177471064,-0.136370012719917,-0.13702079023670222,38.110203407252335,-64.65632365969084,-2.8399555276651838,0.9933802097153456,0.026051167051537157,1,0.03810808575898033
XLF,day_50,-0.010452343709716483,0.009774206732556134,-0.1692290357396794,37.91192675508062,-159.9631319467641,34.13079582507962,0.9653358717425986,0.021365645289498397,0,0.008369244006544567
XLF,day_100,0.040228050813865046,0.04570309707715858,0.11349789240818553,50.08396359892724,-167.44962342089252,56.01544059603467,1.0357257816723022,0.017445516899281446,1,0.033145673276840634
XLF,day_150,0.009953361442621267,0.05707951005254053,0.1350341742063359,78.33651226665644,-207.13040137639976,102.62126758544154,1.0859812941422013,0.016230388056047953,1,0.05139669743952827
XLF,day_200,0.010284295917723396,-0.015088082218217669,0.19196686514727368,63.25839706036801,-276.2055630545989,68.24130020264067,1.1642406965809062,0.020130506030324402,1,0.01146001605120208
XLF,day_250,-0.0071379640622046825,0.008698153669044473,-0.09576953689384182,44.72065414223029,-284.1760736386981,30.146672900652277,0.8440610885513007,0.018276137494528513,1,0.08940750028418938
XLF,day_300,0.034972764884394936,0.0552363246130525,0.1755801572485549,72.68665960163064,-319.46414103634754,86.57626309223835,0.9302330953959429,0.01814633721473018,1,0.03491102098809704
XLF,day_350,0.0042561005035557375,-0.021244657602064954,0.05376143086673735,66.16246458062798,-386.60559359214534,67.81919049346612,0.8231237509724701,0.01687135529736756,-1,-0.014738209173937356
XLF,day_400,0.011612521228409056,-0.0726976058465022,-0.0020028127377420546,57.74618282480252,-444.58250027804996,35.253956390508236,0.9104691624654082,0.017855451457738862,1,0.022600678226287287
XLF,day_450,-0.020975472557173913,0.003129833585902686,0.08968581122926245,68.35885908195864,-562.2413929982922,90.68420776831478,1.0481853576675153,0.017029414135160157,-1,-0.011549515133625505
XLF,day_50,0.01939963016970081,-0.00577180351840656,0.041157822612284845,51.585473882842656,-262.0960956674624,32.284300025369525,0.9691200229976575,0.02296595375240274,0,-0.006273231743735031
XLF,day_100,0.024350851891178804,0.1380570951147071,0.09475962784063907,64.1346204196445,-263.0260037807736,96.49704751182149,0.863094001254868,0.027045949222931853,-1,-0.02854422114520819
XLF,day_150,0.013648181100645917,0.08096856899658778,0.051161278043549085,58.74135163636613,-223.85226683491982,98.28145416582086,1.013136208912008,0.02908732347139803,-1,-0.090942111576198
XLF,day_200,-0.010479171152626199,0.059619578275176055,-0.030852282035907397,63.52060752936068,-212.1968373345555,78.15327856674473,1.1723428701490168,0.027730746861424387,-1,-0.09757298236116974
XLF,day_250,0.03233908890786186,-0.003341530988003605,0.035460135437361595,43.32318572601471,-212.34451799676876,19.609849823177008,0.7221430592955251,0.026794368470152433,1,0.13630460859649554
XLF,day_300,-0.02007668359079995,0.046561806134227,0.08973922109947252,53.001273468082196,-243.7775741430267,84.19057267553838,0.9632750653181955,0.027865715826959167,1,0.06242067198228405
XLF,day_350,0.010637163111919978,0.048117095304318624,0.1789101449285735,56.1059700835675,-264.0429423544077,93.39962080163092,1.4112966897069958,0.027593840064882757,1,0.042998963011752815
XLF,day_400,-0.03864615161698426,-0.012447216113521842,-0.060566938943781956,64.67579066246944,-256.1225906432545,69.38127501929752,0.9537689527794446,0.03290499296870048,-1,-0.01234899426219177
XLF,day_450,-0.00017516424063013236,0.0016555565974978315,-0.08908247412187431,37.567449139933935,-243.13173581685905,13.532511998462088,1.777658866307983,0.03043303847913391,-1,-0.017190063960346433
XLF,day_50,-0.00034582205635280694,-0.007088088892402977,-0.021486155342803737,35.69387994813815,-85.53477904309212,28.528339755018656,1.1561501730559027,0.009658431743148392,0,0.008894573806338936
XLF,day_100,0.0014351892145871847,0.03259186602575537,0.009727628097523366,60.48970106958267,-82.12109446296907,67.93574285041105,1.1801932761356426,0.011029875109858402,1,0.02916367273235113
XLF,day_150,0.003654369031674598,-0.001777397720460705,-0.005401211574981302,48.88014108577972,-90.40769793387719,43.0262645204949,0.9863240215510395,0.008832807053047991,-1,-0.011108602084907234
XLF,day_200,0.006473111281939614,0.02902713767725351,0.05435885418331732,75.71748584654672,-85.37180788044296,94.02898206261558,0.9063245477109612,0.010389288973830216,0,0.006475894486332704
XLF,day_250,0.0024110498246405765,0.01447519900835914,0.033370212924830334,59.294869947334476,-85.98692516827064,63.059479468165755,1.0646726577216798,0.010332042222575496,1,0.012179157745538535
XLF,day_300,-0.006460471394239331,-0.031879913563129025,-0.024457204433785407,34.0431390036284,-77.32059103825317,2.979972900266366,1.2558782655567302,0.011175311564817112,0,0.008572729304124942
XLF,day_350,-0.01126712626386317,0.0209055097389923,0.05623041470153245,77.86577529655975,-79.71718968812817,119.7416058819188,0.8913571085652341,0.00968772534091966,-1,-0.039258625429712105
XLF,day_400,0.01890930965155757,0.0012125040455281955,-0.04164682955360066,18.31417859906456,-72.608066332111,12.77057038288601,0.923226686852274,0.01033952766964084,0,0.0010472509596274769
XLF,day_450,0.002389895360737304,0.019661630426252463,0.03788861428537604,54.10483792516451,-73.76583716272411,74.87028895422542,0.7578127909281839,0.010682936366507306,1,0.013360743197158197
XLF,day_50,0.02065767338854374,0.14246262816103816,0.5311515648147795,93.14147765943086,-380.1029992378905,94.43398527492936,0.9768860217928077,0.03722311021913816,-1,-0.033759356540630905
XLF,day_100,0.014430297697126448,0.08799795643075492,0.25079676414626184,84.61747235504399,-508.51222470462005,98.52747890293615,1.1716441324814268,0.03478790376278788,-1,-0.100306305988401
XLF,day_150,-0.08510923597206765,-0.07804793689737799,-0.14100934567468215,44.66942392701287,-483.3800401084517,50.46508524280257,1.2037194258586044,0.030665792630192132,-1,-0.016305002232041666
XLF,day_200,0.007241356767324625,-0.04045676124199371,0.18789264151265983,62.00102712227173,-538.9302611209941,60.43395827914113,1.0832373610927828,0.032356914595237034,1,0.05637066299834504
XLF,day_250,0.033461504734060954,0.10626682667336973,0.23141658956532818,63.32242192240295,-704.9984986505306,82.07591589265067,0.7084507901941406,0.029450617636783482,-1,-0.023281495035174033
XLF,day_300,-0.029614893510806706,0.06552249763211959,-0.12346461364116268,42.5157482547013,-767.5304308974098,39.646053961187704,1.1868739006999496,0.03430384017194514,1,0.024379310509219734
XLF,day_350,-0.018512216420088823,0.05287624062161567,-0.1072539827787008,45.49007501356584,-815.655060197805,44.80972868569505,0.985742507263597,0.03009826434091218,-1,-0.10139550910972607
XLF,day_400,-0.02008274912731145,-0.025467369430124287,-0.027668574527409118,41.261291462727435,-567.4712362188305,51.33494884486335,1.3451261433846624,0.02756576600791231,-1,-0.03232941544736859
XLF,day_450,0.02526917072385615,0.07443561937020848,-0.13591807374578946,35.87830688631382,-620.5774659822766,27.644627661467098,0.9042904637443246,0.03353069039040744,-1,-0.0266778831936769
XLF,day_50,-0.0016570600034009342,-0.03255433408320463,-0.04816066320122414,29.840058314763468,-239.21329530840677,-5.898950864742245,1.083440973474758,0.01582800318000732,-1,-0.030235488214473867
XLF,day_100,-0.03615824418576841,-0.03866536620393701,0.04335098250395064,66.44601369240576,-217.06481664610547,63.84698389624407,1.0621871297333492,0.02011985515473272,1,0.05167410279176632
XLF,day_150,0.00090138334453016,0.00836519529582791,0.007347684473868243,58.443083780351735,-248.40143042352813,69.97982951828993,0.9256216101357315,0.015093012623986596,1,0.012641189522909047
XLF,day_200,0.012735201036149446,0.013039132481175608,-0.043615097491717325,55.19625238855831,-258.8301666594343,39.69026824348754,0.875323773163201,0.02027550608190028,-1,-0.07286166331067848
XLF,day_250,-0.017435120262405457,0.08483342733452282,-0.04301504479549567,53.71077063178311,-206.14758727973978,71.72252148069465,1.2549551309660367,0.021084044146086476,-1,-0.03712117412091745
XLF,day_300,0.010196470960823323,-0.015994619712674796,0.04443988347444838,57.539536195408765,-197.21401955460556,65.2888775662055,0.7070778130057165,0.017422368696264352,1,0.07205235766140598
XLF,day_350,0.002507380915051316,-0.006340760703942738,0.059431780578161675,61.96964516750829,-254.4327414281007,74.97837913678357,0.7992098895520545,0.02145603912858904,0,0.005436952630367597
XLF,day_400,-0.010072049269202688,-0.01658803558315536,-0.06127450641213672,41.369208465350646,-260.14034762578683,29.24527541461403,1.1956977222036502,0.01371715254618121,1,0.010856342406915773
XLF,day_450,0.03264868839273305,0.004966208338815115,0.02402926413605022,39.531351320310456,-241.40178916360117,46.96994398591136,0.8266762969329016,0.02247026099972159,1,0.0288154585930776
XLF,day_50,-0.0026487700075654708,0.032863345239195096,-0.1411333175660774,42.015239537972136,-282.1654332344868,51.68908990960024,1.0948302197140338,0.029018122800026882,0,0.004828534973125745
XLF,day_100,-0.0038739386120543173,-0.03578588944147276,0.01478120435775554,41.45682876470376,-202.70124306540265,27.597927838849607,0.9938791307390851,0.0221959210536712,1,0.042494642540151506
XLF,day_150,0.007487781728610532,-0.040851373651000555,-0.1533133682992619,25.403134720666415,-155.85168023867922,10.394884832363573,0.9782458987853383,0.03282722467072659,0,-0.007347394665268688
XLF,day_200,-0.019586149974186173,-0.15692983119949488,0.051628724580402574,51.92556928435447,-172.04571832797612,43.050834756130655,0.9947090299294603,0.0364406107975618,1,0.07823399620143624
XLF,day_250,0.023668161607764526,0.051495888303254134,0.0031961897763226332,46.990830851156765,-165.55482150560078,46.9418832609029,0.9432535191969293,0.029216517087290807,0,0.0050518810042576925
XLF,day_300,0.010153784422358703,-0.050611844617396096,-0.28006097094710514,3.63447627661499,-137.42984722470038,12.336063055495847,0.760477957633018,0.030549784190199988,0,0.001732282183275242
XLF,day_350,0.0037598722372202964,-0.13712315646643192,-0.2620574671172783,25.21813896203814,-103.3655858022226,2.8906184894689635,1.1254824747844443,0.03206479815788533,-1,-0.023717613302393824
XLF,day_400,0.02956163775107612,0.08895784158197251,0.02723790960769401,56.77841316779578,-89.51438790770389,65.2850252217244,0.8459613944985634,0.028986955741058085,1,0.13742249759196973
XLF,day_450,0.020055212570896153,0.05544850327950557,0.316779802028303,78.07682603653197,-99.55268007904192,89.6483328394029,0.9169124436874416,0.030027375775206193,-1,-0.06303021729543956
XLF,day_50,0.038556677405434225,0.03512866805016235,0.15866363021017427,59.15078076024205,-248.38866676258502,79.980748540699,1.0817822410620603,0.04156983964521025,1,0.07815325341374602
XLF,day_100,0.02747914436653498,-0.006286580234128203,-0.011758905175688672,35.80633137058176,-216.8784674123174,30.93944896912455,0.9268120686450545,0.03546715513440984,-1,-0.0144397370013999
XLF,day_150,0.009641435437542256,-0.059211367506196155,-0.12009723582446885,37.0756146748269,-130.40138389025054,20.894497808923095,1.11829171530327,0.0403105352689913,0,0.0022122994166704417
XLF,day_200,-0.0046482454329773715,-0.05416236107823591,-0.12346184027612528,34.7670803763952,-102.84236069795138,17.83824181255915,1.0110084802436046,0.04000030978943271,-1,-0.12661202425578308
XLF,day_250,-0.024277331239276334,-0.06726469447119932,0.1369637201677596,71.25664122046845,-78.69804812159839,73.867780467319,1.0073785664736383,0.03942317051664207,1,0.011907855957999423
XLF,day_300,0.029698767341803656,0.30677408081783253,0.20698588583206878,80.96188594119133,-65.17725032566236,108.07769968273608,0.9987426501286619,0.049691440222862766,-1,-0.016671076102503183
XLF,day_350,-0.03054601451218497,-0.13720458548283987,-0.17954596542084555,43.875326655401096,-73.16581816894004,-3.570597687354584,0.7834166346614575,0.0382620882007105,1,0.09101682714169462
XLF,day_400,-0.006808505607284632,-0.04476883271129617,0.027692576225092136,48.04610172854257,-78.3965087099766,34.76521779300225,0.8951045800977839,0.03371983609011146,1,0.04648735839848633
XLF,day_450,0.02420579946114798,0.10760132890854845,0.11896076724200122,48.426813690137664,-121.13880594328855,80.28623722288135,1.290650816395713,0.03475539179746174,1,0.015072075037512655
XLF,day_50,0.00794699579784064,-0.06779659600473575,-0.19296492526325115,29.595113243384205,-149.10392161286626,29.468028181423378,1.1854402702513829,0.03087024218271738,-1,-0.07947912425261147
XLF,day_100,0.0011859331247581206,-0.0829819289972612,-0.17300890536286928,28.453143758264844,-139.5556050307863,6.096109381459893,0.7887035543977292,0.03261036250255998,1,0.018088502941626006
XLF,day_150,0.013134266813242812,0.0528347837659191,-0.043195898182961434,44.112631525279674,-108.22378175350761,53.056496051070255,0.7908790904544319,0.028828529029920193,1,0.030537397985234173
XLF,day_200,-0.02008708445454488,-0.09361070437706043,-0.027965350281247137,43.70797879570596,-92.58970694399227,8.568488709210502,1.0556578691272456,0.03137660292229045,-1,-0.013407292493515062
XLF,day_250,-0.025572040083963743,-0.06298681667274397,-0.04799089866991957,40.01808024643039,-91.71078947356018,7.961613049245601,1.140659199593198,0.02730243308363651,-1,-0.11422516766082967
XLF,day_300,0.00033886995733833913,-0.0017140028538408236,0.029367414734873476,69.97281452197909,-89.29880776792537,72.07042224944088,0.9215504533597165,0.03251057583477284,1,0.01677296348326018
XLF,day_350,-0.01724196478868889,-0.058434233246821954,-0.182869371520048,14.822531343392129,-70.76108732114069,17.43555555686834,0.9397635733591773,0.026597018901825604,-1,-0.08988483021921387
XLF,day_400,0.0023603350407124246,-0.0049928228892561766,0.1505458953065697,57.75753759430354,-48.933679043742025,75.33613526346828,1.355303398531522,0.02946128797829561,-1,-0.1093363816624859
XLF,day_450,0.01006075731645284,-0.0073225529741618445,0.017656447057882163,61.23921096245924,-48.59711749231542,40.629567844823534,0.977494823929818,0.030566595254742195,1,0.021403302089643732
XLF,day_50,0.025631841802783217,0.01935522351888541,-0.02466403844639975,46.8000920285242,-319.71961430129045,11.61474104427921,1.0036099707263342,0.017555687964666077,1,0.03953285275853671
XLF,day_100,0.013377030778389587,0.02880730645368179,-0.017465919942864172,49.38747532224724,-300.1258865737355,53.85361199863284,1.0754435347428735,0.02441309686092854,-1,-0.04198870493358493
XLF,day_150,0.04341507722981164,-0.009927514415438377,-0.08330497097742984,32.92926942155822,-285.59969478665084,9.183908581357345,1.1098067809309988,0.020575685775813434,1,0.03602394838799975
XLF,day_200,-0.020995096702034588,0.00588576841429167,0.0941802571544963,75.63067767580134,-281.8524742647259,89.60369817240708,0.9972374109795811,0.0227482021008318,-1,-0.010600503735541309
XLF,day_250,0.049402318721009086,0.09117159676750042,0.2299371845969962,63.968985733807806,-276.4160401047673,78.34070980106573,0.881697721917835,0.022378065508418105,1,0.05055743765097299
XLF,day_300,0.030952620338708492,-0.007647496097294426,-0.14082916206479534,14.228616757354615,-401.1307859951212,11.070303169577464,1.067487312665843,0.025403376981160554,1,0.12860785475084596
XLF,day_350,-0.013256766931576514,-0.05866541683382542,-0.10846017589108892,16.707141602692218,-464.62588943154134,2.7914822810365956,0.8840929118030463,0.019160920940243385,1,0.05296391713175058
XLF,day_400,0.005392664316968165,0.03848221454819134,0.02151663508817414,49.02520815858733,-404.044510352664,71.64893566178627,0.8004304770949449,0.022972504843498408,-1,-0.02599237082312337
XLF,day_450,-0.005856754080289517,0.029220960628211667,-0.05029184555177524,61.776227875438124,-372.2809254209632,77.03326890610487,0.923296877496959,0.02180815705483416,1,0.05924593099039068
XLF,day_50,-0.0014528649054404985,-0.01735401658670488,0.07755226416393723,57.28750714009561,-229.8937649374277,59.82447871993969,1.0386982947296945,0.011005087272008458,0,-0.007373107727106165
XLF,day_100,-0.009492916634462945,-0.019525185800800204,-0.02115943761250061,54.26835565296262,-231.0837963561787,48.14170334550682,1.464697361286452,0.01003166791965601,1,0.04305422786916362
XLF,day_150,-0.019273361126640798,-0.0049416506247372816,0.005852561532815104,74.48773433389803,-230.27174990887792,85.73050209283141,0.9452346701265733,0.011089172663865918,0,0.005750793695454564
XLF,day_200,-0.03189492412240014,-0.02736446512793045,-0.07355972188204785,48.957665275002135,-215.7949507745752,29.010700667439714,0.7951864046270425,0.009675387260359433,0,-0.0020849451364978156
XLF,day_250,-0.004916494361573487,0.002615740535562905,-0.00371932137494424,50.67117786982773,-198.1569755930037,69.55372073873035,0.8845999036622118,0.010948778634195796,-1,-0.010392325928061632
XLF,day_300,-0.006439902138222098,0.0044322771647355985,-0.04054235224867997,42.608683907909665,-203.52970450613748,37.605030685786026,1.008990515038293,0.008337888384078581,0,-0.005026398230331434
XLF,day_350,0.010639663165964652,0.02684569086731936,0.0038907586312668663,49.67330084447041,-185.57279118022248,42.73581396885742,1.3765783810952446,0.010679263416944976,-1,-0.013157825628985504
XLF,day_400,0.011484399591424443,0.0126273421963774,0.044703447801029084,76.39235401449085,-181.3257506891318,76.5224052910489,1.091463167010892,0.009754634472971861,0,-0.0034654444601935792
XLF,day_450,-0.005207985719979158,-0.030471184167685572,-0.1368754950789033,14.53926322721685,-181.5103555394421,5.167561612923964,1.2925594504747961,0.011411905933118268,-1,-0.03581781183524317
XLF,day_50,-0.03717405296772602,0.06100116773059017,0.017224867494818108,66.61667502563182,-349.7713202691303,107.8149911467577,0.95439927793344,0.02794235278899897,0,-0.0037285853710700614
XLF,day_100,-0.030623905831981046,-0.09754620255290569,-0.09649965920063097,57.251305873766064,-409.57054717409284,47.568349790219486,1.2509805454471874,0.032840819623509696,-1,-0.07902879774147568
XLF,day_150,0.013193376729111028,0.05223249836146837,0.04015476027502163,59.53656155101916,-340.39552663963536,82.24959695662552,1.0181134401004541,0.03340830235411993,1,0.033325064703315484
XLF,day_200,0.007683224773830544,-0.09883248980535975,-0.24702857496370578,29.108589927007827,-225.6720205539542,9.43100769356951,1.1522300432493946,0.03186761959573252,-1,-0.040640099232485856
XLF,day_250,-0.000277989106358123,0.04701427549025072,0.07956193459529626,66.0084419868696,-174.04477419395815,106.22436540373697,1.0614468486723005,0.02954671445989196,-1,-0.0308239626406425
XLF,day_300,-0.04451521440238171,-0.15052841505627512,-0.20823471819823913,25.507511285419298,-121.95499928191438,-1.4232656338874436,0.7632744999918154,0.03077499815758593,-1,-0.04117115953113323
XLF,day_350,0.025338678764288858,0.08183688318155724,0.05340363922824354,52.48308403613754,-94.77842250572604,81.29078790172379,1.2836807631500933,0.030318288139136583,0,0.00019954783935377133
XLF,day_400,-0.03231967267514091,-0.05552508581000504,-0.07838934222155858,54.760591021537955,-100.20704009740109,59.52172001938506,0.8908636471312926,0.03214642752588045,-1,-0.04926275336213183
XLF,day_450,-0.012831950696538641,0.02458580855995529,-0.03491919730264581,56.872935258691506,-84.54924095084034,72.75962580696475,1.0956670078299389,0.02946871381268413,1,0.057603607036283776
XLF,day_50,-0.036919627684193435,0.0100168261054141,-0.10794115163187812,39.65496182996502,-336.3111482662314,36.254023146292894,0.9347899545155804,0.03094655954494693,1,0.1200563034051465
XLF,day_100,0.040833452265904624,-0.0049714160294834775,-0.041220635133785266,46.922857645321756,-323.94800079491506,26.03734663979635,0.8611139448050518,0.03751220910980045,1,0.05580377585024112
XLF,day_150,0.03602377448652172,-0.02942550823755341,0.25076074053897757,59.96132429406204,-397.0434555696231,59.799133479352484,1.0258867018758098,0.03533054871445129,-1,-0.04860509762171503
XLF,day_200,-0.009273236760801606,0.19102514413788096,-0.11852446457834886,52.971138535522506,-360.1293238116428,55.936640083646296,0.7365448424769059,0.04531750657566018,1,0.03185423254286915
XLF,day_250,0.07567768720656609,0.032615604689271604,-0.2396006699256059,19.981973271316363,-404.5630511042142,17.159188727786695,0.6014338575876169,0.038363317465863175,1,0.020562855044796012
XLF,day_300,-0.011882956385058763,-0.0683824906384437,0.18447474680493614,66.49911927382921,-516.2157328005385,66.64349409067235,0.9857537114711166,0.03395072752483928,1,0.08986505090046477
XLF,day_350,0.008553738545710177,0.14459711398829023,0.15910959664783308,66.795624490026,-620.4612957064745,106.9700506181731,1.0204961063888527,0.029468114679474133,1,0.05134164548941485
XLF,day_400,0.02341011123221648,-0.12171973505563294,-0.19808573679325925,38.797388734217805,-557.905532048764,8.04120300149291,1.160657628525604,0.03330684873859313,-1,-0.07742497385922537
XLF,day_450,-0.03308614987353797,-0.0024692443578032686,0.2005193363473312,56.82630397810106,-435.4849988368444,70.30353549913765,1.132460166942722,0.030374271055618584,-1,-0.026824934440953727
XLF,day_50,-0.0007683525917964174,-0.01948023182009606,-0.11455807146733121,41.14764203408881,-275.9076687655016,28.332034031255198,0.7174286834670505,0.02075451644274778,1,0.052470106549250356
XLF,day_100,0.011976536383690117,-0.04660313708201891,-0.07309394463432506,37.21321188284206,-283.70571242779425,-0.19185578248588395,1.0818760053717908,0.018453263447122507,0,-0.008596028729360652
XLF,day_150,-0.03410245147357538,0.038055970038145315,0.030978354664299657,69.73642482022122,-281.08979324746446,125.50230904770349,1.1053365828094115,0.014344398999880867,-1,-0.03505657107845701
XLF,day_200,0.00424061372781237,0.029831947571097972,0.038616758643584825,60.271437912038714,-247.58697968676648,90.74256581725712,0.9993311987086597,0.0178067423863339,1,0.012740300198095704
XLF,day_250,0.009217091297693436,-0.014952290054390804,0.027521931506292674,59.96630420656896,-287.61845496912684,41.868640984989185,1.0296828943776728,0.01805100251670063,0,0.004099349715641805
XLF,day_300,0.004210919815256897,-0.004420002549298974,0.061737707320040025,60.20689760719244,-298.3092994369981,70.80596807181676,0.8502943440772515,0.018705418506229,-1,-0.05014539092878186
XLF,day_350,-0.032524036073564355,0.004486095454669492,0.12835140697722003,84.74917122605243,-296.5889616652646,80.61868383999902,0.8504756632575057,0.01695780140955005,1,0.1073890167107963
XLF,day_400,-0.007388669189619446,0.022177275684896802,0.03166651188103331,49.92308943659577,-320.93481718829526,69.98309784745692,0.7955317609511423,0.018147435719462625,0,-0.001334626495575353
XLF,day_450,0.03014106366499747,-0.02811729285117348,0.1825653606901494,70.25438282673267,-391.472205625337,68.04220416893858,0.924526072196789,0.015873732399252563,-1,-0.03508406429271796
XLF,day_50,-0.007018489385501092,-0.008061843861276397,-0.0656550755746047,32.391922411078255,-397.73059028779306,21.25467884699746,0.8332252424805274,0.020108501836982817,-1,-0.010893389313679168
XLF,day_100,-0.003988467373713611,-0.006444132057428997,-0.09689586125416605,54.1738318020403,-311.99434288132227,39.83536776827762,1.1256051057360765,0.022358979680321182,-1,-0.01940879579797162
XLF,day_150,-0.026302500246562666,-0.1123325121192712,-0.2660278666296204,18.62303018185962,-195.6003315762984,-4.455754505296711,1.0999596651703962,0.019853886506442115,-1,-0.015044260659975064
XLF,day_200,0.023331033955160896,0.04288132357006802,0.15112388791782205,61.276013691706375,-159.15514341966264,85.54505355667466,1.1845198811368804,0.018507025475098957,-1,-0.03670437182848685
XLF,day_250,0.00039423618400968863,-0.09322962264947998,-0.15608689125133068,33.75012909461856,-150.01403903274422,-3.843372513233968,0.7466670405589856,0.019022102159210987,-1,-0.016551873441269474
XLF,day_300,0.0450810341960215,0.05658570124132645,0.053880090781069034,38.84655389211577,-105.55026331347385,31.251191197857736,1.0610468435003404,0.019118760063766678,-1,-0.06479189016661595
XLF,day_350,0.01059891440850902,0.0856254786265418,0.12447609128234993,69.04628695385281,-102.24242512124562,119.35866952684151,1.1526042582700604,0.021538734919243137,-1,-0.03411151388986077
XLF,day_400,-0.03621248932841059,-0.02555990947216691,-0.03977020579353441,64.26684421730982,-91.1178828473345,81.45482389591034,0.421050670445462,0.01757100183958103,0,-0.008983731053738848
XLF,day_450,0.00732831101283038,0.03992503890754273,0.10459330831232916,69.61492826545262,-87.62976393027213,92.23300958084027,0.7722821287471179,0.01994165748992555,1,0.026736525915629895
XLF,day_50,0.0006436986429025904,0.004188826228821885,-0.024568714457604668,47.376420986692665,-409.5761794161439,27.5247547928009,0.9575276525219087,0.02229543931421764,1,0.017066231135439876
XLF,day_100,-0.029706380854806036,-0.06645864611365193,-0.1818943933560213,25.348027768450976,-455.925398359802,8.98509112672973,0.763302466080245,0.028885469361757676,1,0.06983853236567324
XLF,day_150,-0.016473807880025615,0.09970033859491534,0.16241600509044307,69.70898613119263,-547.4215407952876,118.78020741485184,0.5663116049517254,0.0267664692318371,-1,-0.026479003925608834
XLF,day_200,0.03048500355152206,-0.0845512334888584,0.0045658178542398176,55.06886721728106,-483.99842443169854,36.729180366153834,1.2862220218171958,0.02577161630337951,-1,-0.08031145516479711
XLF,day_250,0.05548188668857357,0.07453404232844263,0.13428718878241996,62.689848674490946,-478.48977006387724,87.13401442430299,0.8807618999506409,0.023631028812405683,1,0.024560462287034866
XLF,day_300,-0.00814675098736195,0.003192028636735067,-0.19989700933558463,22.556521841532998,-501.45049292161156,25.663835069763103,0.8958702460215417,0.020039661349986367,-1,-0.02016838771263691
XLF,day_350,0.027428477886528135,0.04658694727683543,-0.07455394308225505,31.227415005426366,-488.6760472836249,31.219294123548558,1.0902508606168977,0.02458105826485293,-1,-0.08698226119400998
XLF,day_400,-0.010587115787482282,0.02598265527431831,-0.05713612182915151,48.58286213236119,-406.3068133749595,60.569349510457805,0.9051342851442461,0.02664741212462946,-1,-0.060600325451324856
XLF,day_450,0.03506593205763986,-0.12733032016941148,-0.16181912532638232,18.90762678806601,-372.4011037380549,-19.74721246502957,0.5205455846148279,0.028797249820770667,1,0.05074879380057827
XLF,day_50,-0.06294974833324363,0.051386649616947055,0.015302075759879852,63.04862525344786,-524.8940809070499,100.25714675044483,0.9299350022880755,0.038232947257212775,1,0.03265673623389943
XLF,day_100,0.0006072138391373105,-0.02261477072647078,0.03763762791943859,53.84084154578593,-744.3144864080086,42.36065196170357,1.120116245843673,0.03630126551059227,0,-0.006430223621964992
XLF,day_150,-0.013011177013906194,0.15554310027079343,0.39179725868796833,89.82225367352466,-757.7954836121341,103.54089079798312,0.9744741287184167,0.0305740627622758,-1,-0.11651106079504449
XLF,day_200,-0.0074947065618443665,-0.04213735562687726,-0.004096250835027404,49.96797623060061,-1054.1198310510595,35.71643495603989,1.1331897229612118,0.036878642960120264,1,0.0357588888513992
XLF,day_250,-0.03070643558571895,-0.10809685586675466,-0.27608773272058706,20.588858255186608,-923.8818561956114,14.0345521827295,1.1321590641002348,0.031777330989341,-1,-0.05119480339803681
XLF,day_300,-0.05403894299119105,-0.025092568180684727,-0.04100796219834679,44.21858455871646,-830.7778073828506,54.95219814141931,1.1651319206609592,0.035042443720042095,1,0.05024111721020192
XLF,day_350,-0.006231212302669209,0.1715902890796015,0.24176105345840182,58.88383142135114,-794.340330992951,101.73793525885928,1.2287979108637097,0.03688695780260676,1,0.05549361113774396
XLF,day_400,0.062879161167396,-0.040292565703671235,0.20629407360344465,64.4355664990004,-844.9020419630548,54.35956652741726,0.9114509618190776,0.035247117211185314,1,0.06336641508562045
XLF,day_450,-0.04111579486053163,-0.09710063349442899,0.06857671730449355,44.92416259777965,-976.8803666435444,37.63464833731327,1.1944715292204693,0.03856030028240274,0,-0.007460257914278154
XLF,day_50,-0.029617613502149753,0.004243319201378215,0.2015108550750031,70.20848315736072,-345.701734081635,91.621565916175,1.2480789171846147,0.02583242598927294,0,-0.001140400051610916
XLF,day_100,-0.017141891378674168,-0.02510293752366166,0.07684563429437485,52.63079858462553,-486.1409379355303,51.32653839961571,0.856609742535366,0.02203942899438969,-1,-0.01859039894103148
XLF,day_150,0.00048528415560578075,0.08644148625212522,0.0695367525769146,51.645347419728495,-585.8579950531056,73.53175849706152,0.9283067672077154,0.02053511700095845,1,0.01260863194406495
XLF,day_200,0.0381183344192233,0.020411735794136243,-0.03396770459244369,39.974434388516954,-613.5781914739852,-2.9518847557386887,0.9506845548210902,0.020210118925229534,-1,-0.026703980971958564
XLF,day_250,-0.0001346713526793053,0.08975132315532086,-0.0010478381135167192,40.76841251463489,-663.3073006211805,60.13331333460401,0.9449509781878827,0.02013106145234448,0,-0.008821524928473039
XLF,day_300,-0.004639433963575135,-0.04663276867865218,-0.04629565520448209,40.176253874336695,-707.3339151804695,9.994264886964743,0.7795581432820736,0.02285102651854103,1,0.07041579106625233
XLF,day_350,0.006248409841294489,0.028083465133838192,-0.02204331901109402,46.55438295655968,-709.8464037768978,54.20151935972696,0.7191674167146226,0.021849561223158027,0,-0.008314765415192977
XLF,day_400,-0.0051795993892284065,-0.03343965763232215,-0.19935705480171428,10.625250173138,-721.4603786038421,15.05996012781477,1.0040285572676,0.020950940188720894,1,0.14352913739265574
XLF,day_450,0.016857195671331038,-0.004482750982005679,-0.056574659389518,41.63839651665101,-618.1584406956226,25.299940312984003,1.108798626689302,0.02495787962589046,1,0.08717783706627869
XLF,day_50,-0.014519116158868361,-0.0054884187002023355,-0.00976230792685251,53.92028402921269,-238.82254566997122,75.11952510903889,1.0946359035082003,0.012746517978117917,0,0.007799546552293039
XLF,day_100,-0.0015475454265554411,-0.03429796049482137,-0.08014752970656136,16.68960542526621,-263.03775400970784,12.274330876877789,1.3241356152688308,0.011798290339385191,1,0.04321403114059828
XLF,day_150,-0.006204591106652946,-0.04551214831526729,-0.012892465481774695,47.795604188571794,-273.73555697189164,29.006060781150673,0.9343505923909436,0.012545486901979194,1,0.05010887989108178
XLF,day_200,-0.007233931391398607,0.027986588812891844,-0.05357910990160908,35.336518221648404,-286.8112834478443,35.384991027304125,0.9106926228963395,0.012517586910666064,-1,-0.07731761760481824
XLF,day_250,0.003957366166223775,0.01972594214065415,-0.022106128391851665,39.081601969773395,-285.09818492180676,31.272084170066545,0.740256077328833,0.012984006731042181,-1,-0.030942496280054424
XLF,day_300,0.01128662375547207,0.059073355769831526,0.0750333951347335,66.96534706461463,-288.6686406021426,107.44650582262688,1.2018076719676645,0.01285704374562645,1,0.011889524909735522
XLF,day_350,-0.02144845356913938,-0.011917751370826624,0.005803375243478959,49.700490493825086,-321.9844244774747,86.97290447023761,0.9361538932252238,0.01181167017674588,1,0.0696872066613197
XLF,day_400,0.0076336741013018905,0.023258049010860038,-0.03586481367430483,36.40199971726117,-349.421996491536,40.240993731421895,1.0154157500909307,0.013223336436150654,-1,-0.05368683887481284
XLF,day_450,-0.006638155166132975,-0.031836336119369646,0.02394233256717171,56.14270386987745,-352.5561669663903,56.144223910855715,0.7248239668937403,0.012323978682293155,1,0.018751605939171388
XLF,day_50,-0.0011096432496707775,0.005671913943304796,-0.1292455339302736,27.29498525775722,-352.24449376414697,30.37851344614349,1.030364039443136,0.015118328869524451,-1,-0.03870583721615106
XLF,day_100,0.015971200263110275,-0.07095294684458853,-0.17630402370669074,13.760324349818319,-316.15334569934834,-2.5363539233501187,1.0534620710463152,0.017088719987269567,1,0.02232819650319498
XLF,day_150,-0.024583670971986882,0.00946275423767573,0.0032617170971771525,69.40530949783073,-263.978193232065,97.54366911784948,0.7897622606161907,0.012691857033804696,-1,-0.041173265449702845
XLF,day_200,-0.028974325327396744,0.026728312156046874,0.02298479635560824,56.9062370643852,-221.79977162158013,101.37689430680108,0.8908804616232856,0.016048178346794645,1,0.018375155146738716
XLF,day_250,0.0014475454144813327,-0.016998830639589846,-0.1145682258320656,16.501153583052357,-213.3103336079984,11.526582104475064,0.977479893758353,0.014801267774140476,1,0.06586373105705674
XLF,day_300,0.002169458366318988,-0.01592897967761764,-0.10864890434628727,25.942412962814004,-207.2063740480575,9.281646376299046,1.3040345240248865,0.017282284746444602,-1,-0.02611735694820322
XLF,day_350,0.01134636339837769,0.01327589047711597,-0.008409716602768458,60.186723084168904,-192.4848827438352,53.71953872123657,0.983382521346444,0.013813843748575404,-1,-0.02063072220769524
XLF,day_400,0.004581159069022789,0.05250338216986461,0.003646242678808864,72.29117562659548,-162.64769501021712,91.22063996385546,1.0259897948775316,0.017740231759143014,-1,-0.021492667927616022
XLF,day_450,-0.004633107197590136,-0.0057525244229823524,0.05155713714366916,66.27708422274912,-148.15876480372594,65.21518156658163,1.0010426949112559,0.0172481673131621,1,0.01594760673246762
XLF,day_50,-0.00680518277571962,-0.016104950947059993,0.2498976963523194,75.35353867194145,-189.36741391320297,83.54811447074066,1.007650476268277,0.024132365712553977,-1,-0.05983835504235486
XLF,day_100,-0.009715092979699191,-0.21917841913774827,-0.3058349719968071,21.018856328020263,-204.70503663504843,-15.065816879499877,1.070346528797341,0.031150901578710085,-1,-0.0955081268845631
XLF,day_150,-0.012306113439429334,-0.1351555058080871,-0.24928719786219533,20.268864810847475,-142.4738675120882,1.1272769646822747,0.8874395575366392,0.029767031421361233,1,0.02022745898075382
XLF,day_200,-0.04088720696044634,-0.04865815988934585,0.013842731171053169,49.98736333355436,-113.34771589706682,47.2958747299195,0.8683900123152686,0.0291722740935804,0,0.004371045763823309
XLF,day_250,-0.006858868497672921,-0.007326902533789537,-0.0627976881438781,40.322660499651434,-126.18805543666097,29.29191092153232,0.9538386587186608,0.027485779207054976,1,0.07229892845931507
XLF,day_300,0.007136169184795982,-0.03254813892533659,0.14974860370876852,60.06989207833545,-142.9903976138456,62.44500280746199,1.1273385963898142,0.03268327285073627,1,0.11437131019976426
XLF,day_350,0.0024850991246769816,0.022389807334876055,-0.036031185531523735,38.81448959582457,-172.10715933758527,15.507433762394514,1.214180891091545,0.02971108602593904,0,0.006841761706943871
XLF,day_400,0.036918040208277825,0.019476373287942383,0.18681925183824255,63.70136596610874,-198.51451875955397,63.925550113238884,0.7868047238845587,0.02520517382945907,0,-0.004293420511356443
XLF,day_450,-0.010490938720125076,0.05864637599029199,0.043075340579666,58.54743590689615,-229.9385063493677,91.94016434364588,1.1960451286207407,0.028958853325209234,-1,-0.03621820838443815
XLF,day_50,0.003973433458299036,-0.04939085903175422,0.05315855133279923,62.87720116796058,-618.4081448795711,65.58938583751643,0.8095667348598926,0.03588687772428983,0,-0.0007019473293550209
XLF,day_100,-0.005507058792233677,0.12446978162359912,-0.13962228764784768,63.894337019736,-560.1465986941137,62.57981136828871,1.2312796276888236,0.038553888478239304,-1,-0.06021415798006396
XLF,day_150,0.017759317874801006,0.03772124535714294,0.21851749640952267,61.34087037858794,-441.95234708843327,85.88193519945783,0.846821643486301,0.029737847175327622,1,0.09522063196055003
XLF,day_200,-0.0372349225983758,0.03722782894615739,0.10668535827642,54.41718355590229,-483.99584334875397,92.15728421302552,1.0931242922283804,0.03485893638093112,-1,-0.09771171644291109
XLF,day_250,-0.006692320756737313,0.002501677145181125,0.16053663908218474,70.66604193444134,-554.4964077120325,84.2774473892803,1.0350140476107443,0.033411904601277416,-1,-0.10889898913150703
XLF,day_300,-0.012569959696473898,0.26355201462945343,0.2542258108875499,76.28427250226773,-430.4726849401151,131.4820572847061,1.1260701595823217,0.03780925266706928,-1,-0.018051288027332392
XLF,day_350,0.010912887026782059,-0.08449329822204421,-0.14910315006755814,1.7096841989083345,-468.77330183572974,8.615750170627642,0.9740620844585265,0.03644213209394274,1,0.03026123825344409
XLF,day_400,0.014686271735478762,0.031130874898853467,0.1367313283670808,54.97245138993504,-545.1808005719101,86.26563003947668,0.9119329463515854,0.03988087073310918,-1,-0.020490034215980286
XLF,day_450,-0.04032868571037862,-0.09151638455320066,-0.13969451260739707,21.650711107598724,-650.3812039351271,2.9079185734468953,1.1205278810953656,0.03363176154384153,1,0.031218678124202454
XLF,day_50,-0.03585314200753298,-0.03647437048895941,-0.03944873160425788,40.96912892035299,-463.988075464365,20.609225235822823,1.1627832128430444,0.03185044111520839,-1,-0.05302442588608621
XLF,day_100,-0.055680794521298815,-0.05976202690811916,0.031309933624660724,68.04088129446032,-329.2426481737755,81.7448007118764,1.05041556693752,0.03705330548756222,-1,-0.022740239926581113
XLF,day_150,0.007107776479972738,-0.014891147754397038,0.08257237848887922,52.83876907520353,-309.61935198783954,36.98689255847849,0.7604239451341414,0.03335215135799067,0,0.009818101282051319
XLF,day_200,-0.024523959394801675,0.005363022884361968,0.09528711506400755,68.4639639091032,-290.34586952873593,95.96179955523328,0.7521407718014893,0.02869835037360411,0,-0.004393059860882054
XLF,day_250,-0.0055725838117085535,-0.0003053079953801996,0.10259349932283457,69.61459182629919,-343.8113544376128,76.6388774961906,1.2672898226374598,0.03135909305055111,-1,-0.0456126374113997
XLF,day_300,0.028401965805415985,0.09859007415958398,0.07686320310462347,54.51551101328957,-356.44842906843917,94.87791112296213,1.0048632909477497,0.033766245776635825,-1,-0.09066286812890588
XLF,day_350,-0.03157084399335597,0.04944902689511421,-0.051792615093703476,56.46371403742138,-300.69286887607973,80.73511543422896,0.9793781511773498,0.026986372626223585,1,0.05181003540091673
XLF,day_400,-0.013107107423631414,-0.04077702557791674,0.2881085659605842,69.42791135175425,-312.6918977290312,71.71727450785225,0.9950439707849079,0.037935652682500445,-1,-0.07629358678089994
XLF,day_450,0.05309217466470728,0.002971752112303605,0.14966074120072403,50.656758252626595,-340.665140871937,44.53441740779011,1.2185832958013567,0.031029986152753847,1,0.03449003698235133
XLF,day_50,-0.00697495908911383,0.06072175733460261,-0.0999451839933383,35.69162940157132,-159.13705888107373,44.27936902275517,1.0102256856553904,0.02127719323686018,1,0.03661450760068824
XLF,day_100,0.031222177313202648,0.05121423232235034,0.016207565368007604,38.521645050189676,-161.27874610079266,52.09592745186495,1.1806670248030187,0.018197183287172118,0,0.0038533741725746734
XLF,day_150,-0.026529888452961337,0.020508350818701615,-0.0636508208351243,52.57279070507445,-126.19778675858427,53.50560058254688,0.8397498450686252,0.021574575654990373,1,0.039306720949541504
XLF,day_200,-0.00762416113020481,-0.06838945931684992,-0.11554818422042024,32.10853762081811,-90.95497256643618,-1.127377133411519,1.2003073654759446,0.022639321704681803,-1,-0.03617920691264817
XLF,day_250,0.0039815697868292865,-0.001990989571767132,-0.11845491599971048,43.24602269294143,-90.62617120264272,28.91195256713154,0.7298095656293458,0.024308672363972512,-1,-0.04052723850435858
XLF,day_300,0.055705985759954224,0.05565350320631368,-0.032961280103496415,48.07450854509375,-70.8324358980003,31.29726733943731,0.8967674842779436,0.016067876498043934,1,0.018713416609962258
XLF,day_350,0.011010284052988206,-0.0069025618876508155,-0.0554673188113165,37.22626630108264,-59.38174599404453,13.355700635384704,1.0096707885275154,0.019832021669290472,-1,-0.039813023884637366
XLF,day_400,-0.020592288239840384,-0.009133011321763695,-0.03628931803158075,36.81657808415093,-55.22996338877943,31.452949078777316,0.9069506663127646,0.021911159731684223,-1,-0.012374050820570196
XLF,day_450,-0.02731565066857211,-0.030819198452765262,0.06753593409438574,71.91286338560124,-59.488985598415496,80.5752643369679,0.9365332226283967,0.018821264709597323,-1,-0.10116402106401012
XLF,day_50,0.0020108777028899905,-0.0010938512812851409,-0.182383995444502,30.651681816135607,-166.69975255654145,2.828571770011088,1.1802432014694173,0.037862984840256665,-1,-0.07143726462817056
XLF,day_100,0.03370764631145673,0.03899490801537886,-0.0763400267743719,47.50336376447844,-113.81094139629423,53.47160732016625,0.7825364859709012,0.037144028728033934,1,0.1917435490052224
XLF,day_150,-0.031492870714647125,0.06332914231290143,-0.1628540732234578,42.40600311183614,-146.52752673580918,41.539311995857055,0.8344715267889498,0.03995815844462364,1,0.021453406621724097
XLF,day_200,-0.010841679877387267,0.062101250540481434,0.046975484839204995,73.47792736331374,-125.79982698299283,92.23142716680302,1.0182138267668241,0.04590442727936228,-1,-0.09511572682497854
XLF,day_250,-0.028224124010998608,0.08921981803015178,-0.03365484251730333,60.884743058103,-119.43850775884633,84.15747681997236,1.0368053599019553,0.041181302369840744,-1,-0.041977565626076976
XLF,day_300,0.0040349660632521545,-0.04013039322149303,0.04384468563744215,54.69128734416378,-171.07212854091705,38.67644516143915,0.6791214438899575,0.03470621482721965,1,0.016018492019030144
XLF,day_350,-0.05331149719133654,0.04396677639130964,0.05681010160514122,59.486473548732,-222.42842104666508,112.82906866668661,1.0516164093536604,0.03059858987131404,-1,-0.06714135224292114
XLF,day_400,-0.011586446192813016,-0.011582303553958284,-0.08637420884252112,38.0698944201629,-218.2997168778918,9.158332298154003,0.9482340069145706,0.034744479934160764,-1,-0.038517103589047946
XLF,day_450,0.0235870850177462,0.08142301214634995,0.1911802331813568,61.829125580851304,-170.8970981577968,95.47198294377064,0.8551977246845647,0.038954897223025496,-1,-0.1150859235227857
XLF,day_50,0.025333464459820654,0.12384670786025875,0.27447045933752245,73.14303925924901,-113.47314316198916,101.2519704698314,0.7336932149695018,0.03390563992887454,-1,-0.05273370280311948
XLF,day_100,-0.06767100271094473,-0.03100740099079391,0.18304028024482544,90.54075029279952,-157.5621275485466,86.67811115682244,1.1124256224750486,0.03764640423254686,-1,-0.032768648268120155
XLF,day_150,0.04521176981981179,0.05517493291279618,0.15446601545314875,48.18026357953706,-194.1468573618257,51.342385076708005,0.8788910201620781,0.03800606585087116,-1,-0.04465980670144685
XLF,day_200,-0.007523532644348352,0.004246475433681729,-0.025643534925613887,37.45712381568124,-152.90390366686634,36.856221659983255,1.1224489086379912,0.030912361297405266,-1,-0.1178914365016134
XLF,day_250,0.009331945799339714,-0.11910264513299873,-0.013639863398549612,52.51551855030649,-130.10891248860338,42.28898045860265,0.7427159586131789,0.03788258554613184,-1,-0.1734167339554011
XLF,day_300,-0.008480261668656452,0.16840570336855887,0.18246816505297625,71.66523309129838,-94.86422584230313,119.69264363824136,1.3916965849003162,0.033632654342574196,1,0.13578226093738385
XLF,day_350,0.02562543220517899,0.06374205614335593,0.23553877812361423,58.49355254364867,-142.28023112327264,69.23435712120062,1.0699618630396046,0.038888384327754176,-1,-0.0689232659204468
XLF,day_400,0.005374996958998679,0.05296611269296325,-0.0007674909063165591,55.24718886478694,-195.24772325417703,39.640418471599844,0.9108447660601696,0.042266823963293974,1,0.05029409948279878
XLF,day_450,0.014170804789150893,-0.09517282466675991,-0.21783049920566055,35.24320594921137,-186.90082569216523,-0.5757447361714411,1.0587696853702435,0.03731430752922776,1,0.118261994209394
XLF,day_50,0.012075813301565708,0.08057241255752468,0.2725567114173426,59.76474769680582,-246.49673585108374,73.60509582234059,1.227284084605598,0.034236898650214516,0,-0.006288843505837202
XLF,day_100,0.02004958295833381,0.007065227398383556,-0.060151849869910845,44.8337020067453,-226.3870231881662,45.563046093242626,1.2891129781429507,0.031054690880770355,-1,-0.025055563710857588
XLF,day_150,0.0036934657882099486,-0.05949432125806364,0.100617086000925,65.3441284352472,-255.7764964077497,61.01411408342403,1.000126280182091,0.03468511787987678,1,0.08905357429063386
XLF,day_200,0.0026630241569594038,0.007856598201621878,-0.22620602981339133,34.43944559482905,-224.6703871760723,28.54830197573332,1.1004053489082024,0.034855855975057054,0,0.0040993710006578315
XLF,day_250,0.04473636512347756,0.03371260390814035,0.23841478336973232,58.93805236433073,-290.71205276742245,68.35295006915943,0.9214292362493117,0.029801952977758138,0,0.007149561384961745
XLF,day_300,-0.007527514980231853,-0.09186459830553662,-0.03719719810451727,40.21117763294751,-240.2681995253643,15.069205197049328,0.865106773212492,0.041120762370007446,-1,-0.012067245955496454
XLF,day_350,-0.043888114951234125,-0.027940835100266903,-0.15011752015934055,47.04944445729678,-157.57335291904135,33.23787874328659,0.8910454675085954,0.03270329249074514,1,0.059931770580005116
XLF,day_400,0.009628774446166055,-0.08272626439697606,-0.003980690376394702,41.27194290876228,-165.42668766749472,18.539748078495872,0.9446826907853669,0.030070525891608534,1,0.10003701903380031
XLF,day_450,-0.06526169075054988,-0.008147780712417285,-0.038289821723352935,55.33088104181759,-156.9037660138787,86.34614974785893,1.1036590554890293,0.035474274239383846,1,0.06752403631919211
XLF,day_50,-0.024421963552689108,-0.17391889611012634,-0.15160010547658387,33.33617833272274,-287.28125491266366,-16.263065228068356,1.273024924414819,0.03290247373575826,-1,-0.03545191685266526
XLF,day_100,0.05932640881472606,0.10066459859467325,-0.09717455324827051,39.89709619724387,-171.9746510746747,32.54894680472635,0.7666278415382064,0.031746087384510124,0,-0.0008758380942418961
XLF,day_150,0.008590832327268316,-0.014181327060942106,-0.09575770857852905,56.200881102406925,-121.43429409300037,51.506206252188015,0.9469592515478212,0.03221573448976235,-1,-0.07938360166818687
XLF,day_200,0.04733062624538342,0.062009667841736116,-0.015743368283733017,35.653030329866056,-102.1748498044124,25.469156404223565,1.1142427679398208,0.023180894240662466,1,0.030629755044769547
XLF,day_250,0.040098042257892486,-0.10544608435540714,-0.2522275768181954,17.207321738733185,-103.4368708546756,8.199470361661954,0.8102092381081957,0.032791257564703795,1,0.02633601112899745
XLF,day_300,0.020913046677214053,0.06678414066882365,0.018364954275268408,55.23150340450277,-96.23937381934344,73.4409420638102,0.9675065567762157,0.028602016985150504,1,0.062316080780263614
XLF,day_350,-0.0007174765270755445,-0.06828529433688368,-0.07890384883029855,37.790797416008374,-92.477977439001,-4.069616945429223,1.0860093335981402,0.028975847401846735,1,0.07362569179114216
XLF,day_400,-0.02775974838272177,-0.024167038536297203,-0.18378931949571653,32.97794963580273,-87.472789224991,28.737293124721912,1.0044787561145263,0.030848448614179867,-1,-0.09473978226780459
XLF,day_450,0.031783064876596656,0.06027018841744991,0.06013393610760409,52.66862891011664,-57.783541491417594,71.38886334559959,0.797416263958382,0.03165299151552712,0,0.00932819746029452
XLF,day_50,0.0030361854793099496,-0.010522373169972288,-0.06396803303936116,40.032483282125355,-83.46710187020057,24.75408693718384,1.5832721991907477,0.030565088665658362,0,-0.004191269959094793
XLF,day_100,0.033805749028885446,0.06000816487441418,-0.021769049803153973,53.12929480312619,-81.20486397196527,51.01308448226119,0.8860108192608485,0.029914855478300143,1,0.0259173317441005
XLF,day_150,-0.004215682060355275,0.0011372032289678202,-0.04274775690764199,37.23225364305889,-84.50795322342411,14.043273567901545,0.9110566276115181,0.0276388976140425,0,0.0012983976040502401
XLF,day_200,-0.004193180238814986,0.018617238820591853,-0.11998658352648728,52.23390990295161,-83.01516701905544,37.322476316080035,0.9638688428304182,0.027030242285867586,1,0.03860554298055726
XLF,day_250,-0.005477529359722788,-0.024945431254308925,0.03881308402846417,36.507268620282446,-93.28486664174387,21.412511481322312,1.3681164367616396,0.02988452530325247,0,0.001861296179221649
XLF,day_300,0.012970698443439455,-0.02428643761081717,-0.060994110607794694,36.56739487859215,-105.91176487077837,17.47611244319985,1.124152635299011,0.029653413279032516,-1,-0.13550909894102728
XLF,day_350,-0.06838584618601051,-0.07303512128079992,0.1605073578324807,71.79511298694995,-93.19799936852858,75.21130888469114,1.3245445844163661,0.030422481314612795,1,0.02210039343994403
XLF,day_400,0.0029953864364902216,0.025285633541936248,0.10346882314297479,74.94742128430288,-83.37602215294143,83.19362177429885,0.8192710135622727,0.0225692152476005,1,0.02895228393940482
XLF,day_450,0.022351550082804872,0.058318812706268375,-0.005468980194683226,58.7988104612478,-89.88634872189817,83.40854877862446,0.9721989225793746,0.030566964917005154,1,0.13047975337538412
XLF,day_50,0.0052233597537383325,-0.014287156470126683,-0.04287580702523697,29.905323001314542,-148.02036558310175,2.5014346444592124,0.8590399141762269,0.01885789803140733,1,0.04324088501942067
XLF,day_100,0.009669455122166548,0.042137887341910485,0.060451106917101205,66.86812490323183,-134.7253446990816,93.65572472902667,1.3749804908381968,0.022481502629359367,1,0.0730880290569892
XLF,day_150,-0.007998900101491069,0.0743412794199605,0.29189990908258134,89.48942786871476,-172.19089243368907,93.29959467841358,0.827301590557026,0.018365786026745993,1,0.022476779994037185
XLF,day_200,-0.005701399078128833,-0.017412246280351096,-0.10466490080247326,33.40346165268187,-154.90127873699348,22.685620842110268,0.5551312687422235,0.019253392878580623,-1,-0.02979006011437038
XLF,day_250,0.01383288846969477,0.008678670375009911,0.1636634338291183,61.10640589074368,-150.01572183437955,68.876437271726,1.0236129264681222,0.022222778115103023,-1,-0.02241579608594855
XLF,day_300,-0.0022397819168500366,0.010202978948951724,-0.12269286413760827,31.32613897396574,-122.65093588326809,36.27214252787312,1.2374189375927098,0.02251141588119461,-1,-0.02108076491803502
XLF,day_350,-0.012730368712354667,0.10744084254256925,0.18222464605293553,66.63399655480428,-130.20295403495268,105.18002113995648,1.0092483463380129,0.025738087000935612,-1,-0.06427584065457816
XLF,day_400,-0.021020258125273972,-0.06022034737331028,-0.047110167837866035,61.63375001210136,-147.42230583246766,54.950951771453504,1.0289776585701098,0.02350093480819734,0,-0.0013290330522846977
XLF,day_450,-0.015137580668287742,0.05153110241371439,0.11478677476035104,81.19949366784545,-204.72361283497477,115.13780831004281,0.9255415848133065,0.0215288491412295,-1,-0.05801653709359312
XLF,day_50,0.06598509390575913,-0.006862184406965288,-0.01254588263237344,33.00978535628596,-360.9391680193776,9.04682222766445,1.1808539177528983,0.03196117189723636,1,0.060346899083375934
XLF,day_100,0.014286771291075695,-0.09691668406891385,-0.16287556392586067,21.0633911678474,-344.39800416808026,-15.966926303417479,1.1090859611711275,0.03406332467387253,-1,-0.1595606362798751
XLF,day_150,-0.018615186779810444,0.009997306803170236,0.09047870930938329,60.30993724676596,-328.1775695775421,75.65703671662887,1.0051913636561733,0.0347262009146525,-1,-0.028204829926659816
XLF,day_200,0.002597118988492353,-0.027035560867249897,0.018933467674295157,59.22368279250838,-311.96949417106475,59.570172136546084,0.9655019598702507,0.0292261932659102,-1,-0.07701631034105302
XLF,day_250,-0.010984913748022906,-0.12040835084983792,-0.014761571572773136,53.41604684334224,-266.2677697879692,38.20454589391628,1.0480493137507578,0.03442056428551168,-1,-0.06745740737164736
XLF,day_300,-0.019775467651582557,-0.027796397963886665,-0.17323452859107646,28.306187366791534,-152.47947298918223,29.55752273462833,0.6256802286463039,0.029887510775783666,1,0.0707451603826061
XLF,day_350,0.005613997503684409,-0.09397604079284672,-0.05262547222203284,29.37066703372355,-145.1372323186188,-6.784266182442747,0.9332229772920507,0.027447831893579844,0,-0.004743733826198454
XLF,day_400,0.022809732085452783,-0.08427131664881726,-0.13634737551379206,33.53502247523886,-108.55615641523893,3.524442532483292,1.2145794519541395,0.02890340740092569,-1,-0.0217154143879543
XLF,day_450,0.02465556753400322,0.1389903622489539,0.6505694754309803,92.21114849890681,-120.62081207212776,93.72002715246126,1.105732848775124,0.03141669803602813,1,0.04368908335470905
XLF,day_50,-0.01167639809511889,0.00228094569127113,-0.042065428417238704,36.72089371140268,-150.10544887125346,21.922368213992435,0.8994933271176364,0.02195969050350173,1,0.02460665162683417
XLF,day_100,-0.007943088152877142,-0.015180001022500278,0.0230013755310694,62.56598430975391,-164.42079373113475,64.57725223535795,0.9798015784312821,0.02732072894376433,-1,-0.06059662773665344
XLF,day_150,-0.018409078769832665,0.015377280298642493,0.18929872320460928,81.52844187828485,-153.72316730304658,86.24770263019515,1.2193979907397943,0.019990652207114108,1,0.04569200314999146
XLF,day_200,0.017861115911539382,0.026749075712664272,0.11199867943459751,74.1312436797434,-190.96077660234437,84.18806659107253,0.8406771747426539,0.019430509395957158,1,0.04353083616379673
XLF,day_250,-0.02153134409528823,-0.04472412394035197,-0.013723185556147599,47.874701448519886,-253.4341567340356,34.955111742946585,0.8939514010154281,0.020600485392719622,1,0.13928093198091127
XLF,day_300,0.0038456945298319667,0.0707845128493918,-0.007676223441185126,55.084311791766126,-236.71859823582707,67.72592900286377,0.9141761881808929,0.022740836283294798,0,0.006412712434842585
XLF,day_350,-0.015071039806027753,0.02341686231468265,0.009480654093233953,48.364948482550815,-219.23920218483437,62.04057426742452,0.9586342287510142,0.024387772929620303,1,0.07049123870172413
XLF,day_400,0.005290224131431431,-0.014880610892232804,-0.04561092511756215,41.26864847971184,-228.49101196899994,2.0768644321949252,0.8412663763635736,0.023451124783900688,-1,-0.016433649934214017
XLF,day_450,0.004454385247139481,0.05149416374770044,0.03574481663527185,61.51634766078912,-220.80863293617617,94.9066211176151,0.8240700872409,0.02108039635373584,-1,-0.12353311129927426
XLF,day_50,-0.011371895461013581,0.040838155843690105,0.05843382187390178,64.23751440094165,-252.11148994779822,114.24869057786576,0.9075577497650575,0.03733933969807861,-1,-0.026851429096554403
XLF,day_100,0.043789828235007766,0.12796621959703458,0.01778919049543015,39.026308668026104,-240.59466759439167,33.80303838169972,0.9093099766766742,0.039472078185830456,0,-0.005969785583314962
XLF,day_150,-0.017869254734735662,0.03259109475664612,0.020836112717668165,52.57290914422027,-269.3115669181679,84.90709355780972,1.2008924742135156,0.03751552974655754,1,0.10729750671065724
XLF,day_200,0.039561825405248996,0.0016830768122713113,-0.07843259252991797,18.230001890218304,-236.6342237318878,1.6574875644584943,1.0152046460661448,0.03195265486646822,0,-0.007534120146107646
XLF,day_250,-0.03799883303359908,-0.07203261667190908,0.08321438901644118,54.23966919068335,-207.7721206152298,65.33684874454853,1.0801847882538913,0.03326782378907931,-1,-0.11281179645347862
XLF,day_300,0.005768691883351051,0.07723983105976417,-0.18424621481046033,43.909051626821736,-128.8129078887561,23.60989405593436,1.2373294233820629,0.045068979864383865,-1,-0.011942355624353838
XLF,day_350,-0.006069859579508452,-0.01951132909604336,0.04614953649718223,40.23838964519526,-117.15880505368973,25.24389903441161,1.3411749159411517,0.03257151998295208,0,-0.0071738542566404245
XLF,day_400,-0.0016237107412864216,-0.08250277489123392,-0.012328129780283303,53.95252846595895,-92.31169263911592,34.09149215011074,0.9804590534402987,0.04160808379964102,1,0.1251185298390582
XLF,day_450,-0.03191355379639993,-0.10648113881874177,-0.25040465030572023,22.985836658166463,-84.72593594021991,2.3987305620005337,0.9100346152311061,0.03910483102697424,-1,-0.051728588097467734
XLF,day_50,0.004979049477860542,-0.009312605548621011,0.01049549142800954,50.44949368481504,-57.84900825747055,48.78321529766733,1.2300767452323393,0.015128524780910483,0,-0.008921155770115683
XLF,day_100,0.03201320180286937,0.03451202639424622,0.07499187597584767,45.06946758803759,-64.20297171068404,49.96272070764443,0.9116473254173573,0.015947709039956837,1,0.05964625604816724
XLF,day_150,-0.022873955999470286,0.005391784575171865,0.00804667970626638,73.25235591895367,-62.15226842947479,83.02848795818292,0.9356579955275783,0.017910300255106332,-1,-0.04632895863881937
XLF,day_200,-0.017765636708129473,-0.025711177055418366,0.011562212374205849,55.48634445561514,-52.30784926020482,59.9835208096947,0.865463770083102,0.01894422460762211,0,-0.00971945376917483
XLF,day_250,-0.00890755655171327,0.0031846789757006277,0.019451361299414716,58.536313464587366,-54.63782503597667,91.59420809203085,1.1009608455250348,0.01598171217952519,-1,-0.01146280699300884
XLF,day_300,-0.011749765520201905,-0.04543559625619109,-0.032687041198747546,33.76702457108779,-47.80081368205796,8.429283673664722,0.8656226738355337,0.015204441506221047,1,0.036802193671556606
XLF,day_350,-0.012164366193800236,0.04965419941572602,0.03953326120942435,65.85646841004831,-47.028131945642166,107.35497152417821,0.9373167805849688,0.016210454623160717,-1,-0.04479085996868572
XLF,day_400,0.02133039534126846,0.04367679287783788,0.00852215199180173,45.58798042129052,-40.966119497650205,34.12691367555104,1.1568078945894473,0.015734932885130264,-1,-0.04280690798191266
XLF,day_450,0.016228556605539346,0.01349392741403821,0.0972926802661851,70.05192803920994,-41.741308929469064,78.92259681878191,0.9768892681273741,0.01430448583891319,1,0.025233598710405338
XLF,day_50,0.05154228463849764,0.01399921480532118,0.10733698656207169,42.913605561369394,-344.7498904135481,25.56243265393274,1.3518218598470695,0.03829611269941941,1,0.09439780365707709
XLF,day_100,-0.03962869983283335,-0.07435574803576173,-0.15009912208004406,54.62379991823876,-371.21890788972837,34.908920290374574,1.3280620511497507,0.0403525554993426,1,0.12241376348483018
XLF,day_150,0.01861865712591304,0.03336381106115405,0.15448757181129458,72.82314159442205,-431.07544894400877,90.29822382278543,0.6887314951601227,0.039978225947862385,1,0.09040538197496766
XLF,day_200,0.014535922766025555,0.025868799752877036,0.384823122529941,78.12439367679522,-906.9261003582249,69.22168601601945,0.8396895387786093,0.03570476258789525,-1,-0.0408971148072706
XLF,day_250,0.023776359008081505,0.03530315487755753,-0.03318912073207014,57.4242727513193,-952.302769327223,60.09938764296599,1.0057130233489027,0.0294569429939131,1,0.046322664540477995
XLF,day_300,-0.011251724049077705,-0.06809952895892524,-0.03414016372390416,32.31380445238102,-1297.4464295748967,11.895208991506069,1.3962521656911486,0.03750958260056721,1,0.03609442299480705
XLF,day_350,-0.009191460182751743,-0.0067461282147480706,0.1560032599127681,64.25409361877686,-1607.9902638089266,88.87418051445192,0.7605319691084702,0.03827220760210495,-1,-0.02470729287665518
XLF,day_400,-0.04471079957308255,0.10940441991176764,0.20764517682023675,78.86004027270218,-1821.4939328694259,121.12546074473146,0.8259321852202134,0.04499649102359021,-1,-0.012845448614600722
XLF,day_450,0.0009329730494638255,0.05336544790792286,0.3239803705317814,80.67818847289752,-2107.1295237711006,88.8863778080591,0.983977300817889,0.04273474931125468,0,-0.008311009173294626
XLF,day_50,0.04270923310604968,-0.04968080104205386,-0.0829985771381423,44.29305260418636,-139.52777982577206,24.116321478652015,0.9009505208241639,0.03936402004513091,1,0.08285758284888156
XLF,day_100,-0.051917005693195795,0.0948293207391131,0.06969039029459578,80.76484960573617,-172.39234886501262,105.0640092350923,0.6420274166406617,0.038131793538179325,0,0.009279378997008897
XLF,day_150,-0.04319114259854828,0.03873419459276928,0.03804544052988468,65.46427714292028,-196.74615022258024,91.0730422100325,0.6972320715406982,0.033935454862614595,0,-0.009687468170193373
XLF,day_200,0.05351812819984092,0.11844955557962122,0.14948363975453605,56.69779971964651,-287.41754913964036,97.89510198077804,1.323956466671179,0.03833977155272235,0,0.004578871902480175
XLF,day_250,-0.03075114187711958,-0.09610562954046575,0.05727098563418709,54.66837144598072,-309.6975909238272,43.75504705080696,0.9861135492334665,0.03597319355378425,1,0.13127937427806438
XLF,day_300,-0.026015639379390554,-0.14979878841795302,-0.2757169592096226,11.820251145966651,-326.5260605303443,3.971215809449555,0.7954133350656253,0.03945547941109726,1,0.1209693761929253
XLF,day_350,-0.012657946616267624,0.13647407008246915,0.1395402061719666,65.10187120042228,-321.1101664581838,126.40965066960422,0.8077679902589101,0.03694611916503976,-1,-0.13405928437992137
XLF,day_400,0.04966778752542056,-0.007314155959696422,-0.21149752172487035,29.01184987463442,-258.4498687659034,9.418618899909195,0.9520287282335023,0.040679913518056804,0,-0.0030859790628996204
XLF,day_450,0.04283729717331686,-0.03540759117598913,-0.12498380467835857,29.48208092739597,-222.56232086551137,-7.4049312748814575,1.1194049387846878,0.03574542918198589,1,0.060968259888979574
XLF,day_50,-0.011412438445036255,0.020833251383586715,0.03343335173654527,67.52680263300152,-420.5109775713718,94.02021388242888,1.1020442042007157,0.01895257202057887,-1,-0.06815418745867557
XLF,day_100,0.0175296526628681,0.08600929877126418,0.27152492293516883,95.54566202943595,-372.6481795723536,102.76594050217223,0.7680051854363047,0.021800427563246374,0,0.002798614478506941
XLF,day_150,0.015382423617521734,0.009865635512534165,-0.001823545258616055,37.946266987400264,-441.2309761049872,26.909022275099115,1.114199011092484,0.019558397035429383,1,0.019318804478165908
XLF,day_200,0.008154095785176008,0.008759838434488243,-0.05770358824592514,31.839941512647655,-439.7143140752054,29.133917740200875,0.6828980741969721,0.020836460527202325,1,0.0668227269197557
XLF,day_250,0.03485862198789591,0.05312499056206743,0.10617066665384334,76.93020465067916,-458.94153434135274,77.39090495825913,1.1920420856126264,0.021313384289721984,0,-0.002460337697261945
XLF,day_300,0.027811955704046376,-0.00471654283790357,0.0673711551699725,49.13999536682166,-472.62704040542224,50.464188860647255,1.2931770193788286,0.022819046062403283,-1,-0.051740702831543
XLF,day_350,-0.012504520269800978,-0.04791512448109392,-0.05804632450430358,23.739081178107355,-444.09108409287296,12.365959370675778,1.0165328104456535,0.020910048228692468,1,0.0630739385585447
XLF,day_400,0.012828988398295937,0.01596521797636985,0.04530050044568856,57.25675278847213,-490.636388249927,55.74743942041892,1.2592386871122516,0.019643278430074993,0,0.006658217143221494
XLF,day_450,0.0059835268367083305,0.010773321087028664,0.15524775018876613,61.89708384682435,-591.6993549228985,74.00458968981863,1.0984469081212744,0.01974051329785225,1,0.02469206842665201
XLF,day_50,-0.023681237166072733,-0.03577779283699445,0.001647762300610367,30.091149928940055,-275.09428103426944,47.13268855413,0.7977781347505739,0.023865043753832336,-1,-0.11760314261719469
XLF,day_100,0.013522586742003684,0.023913496498765063,-0.0013822641608772779,38.81051874870828,-242.6665648186772,49.44354303847408,0.7984899783943679,0.02575675111431204,1,0.04447073313459694
XLF,day_150,-0.032755803848032894,-0.05144976362799525,-0.10851236845773626,31.9622399723372,-242.7610627881976,10.685877442956148,1.0036746372171765,0.02890137306989721,1,0.10380261903015434
XLF,day_200,0.02397632986696774,0.005884140548551464,-0.26678336719865026,8.92042604994758,-188.07875068752838,14.432105129142009,1.1663204161176735,0.024743510531340832,-1,-0.13874869494083594
XLF,day_250,-0.02944583597134043,-0.03838261287675371,-0.04403614750403151,42.795446923616154,-175.3270002144763,26.860188273109454,0.8932804000658593,0.03156920731804099,1,0.059999147285573796
XLF,day_300,-0.011476761172834582,-0.019536180777583567,0.06963020657817975,58.60709349666086,-179.52694415724014,83.67362866996181,0.8432029672172571,0.0242984829057893,-1,-0.10163580897563852
XLF,day_350,0.016868287043987573,0.049805620010656915,-0.13767142657993847,19.53943329800805,-165.71003238455287,21.553746129111204,1.0673963439169778,0.0291524492656647,0,0.008921984067605755
XLF,day_400,0.0059369506265176675,0.03818021036488828,-0.07021124215846708,29.41434097371841,-116.84635477144852,29.710724952177216,0.8918353078446938,0.02751585254489332,-1,-0.05722719187206069
XLF,day_450,-0.0392645651517054,-0.026515127651115966,-0.048229944785439294,53.703932009075004,-92.03693400504149,67.39824634185166,1.1240434546219167,0.02879460400943021,1,0.11029824598259384
XLF,day_50,-0.009289438622090085,-0.0014003873862891147,-0.02246799625742746,45.18247426720134,-244.3064917400518,45.23378094658149,0.8342504358862837,0.021829730309415606,1,0.0706007526950012
XLF,day_100,0.003241313590079953,0.03977130605298096,0.022835776094626503,45.75740307721353,-251.97408382320037,65.50012784312815,0.6823954927302321,0.018552117477990977,1,0.04335094965248199
XLF,day_150,-0.011123550989659892,0.0771667664889879,0.10117603330834513,69.04623984646186,-289.29325967971226,96.29057933921598,1.0451043173757562,0.0211386169142779,1,0.024723853351560382
XLF,day_200,0.011903548801867725,-0.06193732167492849,-0.0942590090441735,36.7075791144414,-293.755856803816,1.6533469480073413,0.9764271311776809,0.019302634138185712,1,0.01691306504706718
XLF,day_250,-0.0011154239340149807,-0.004909504650759455,0.025239556924751216,62.40529798733146,-267.6863590163467,72.1344658818671,0.8016989623596558,0.016697407148439244,-1,-0.06891412766955458
XLF,day_300,0.022485429545936464,0.06707209008558879,0.20439845250314503,71.93426491164097,-333.8569129578729,85.21975503277648,0.9127706483506041,0.018643980181470992,-1,-0.08370846866204404
XLF,day_350,-0.012965131380093475,0.015818111179518146,0.04402148521460969,59.580977055992676,-307.6674658198724,99.27448830898489,0.6713892367905258,0.01955580639062773,-1,-0.010766885586489484
XLF,day_400,0.01796915395889065,0.08096910411780911,-0.07133990267063672,34.711708331457885,-255.64299007708806,43.98185159086839,1.1532721207078156,0.01952843527332971,1,0.014327708315529876
XLF,day_450,0.014419057388563417,0.07327082354924674,0.18505635908480578,75.28499034997397,-252.3051963629168,98.26758173161456,0.6977111883444155,0.0182094396745756,-1,-0.010856471168011377
XLF,day_50,-0.0034422129031835835,-0.08094490551264677,-0.14126566767005677,29.420496856514774,-280.52165040582963,-3.403587871058627,1.2029740887462024,0.02633553470290694,1,0.04139011950840749
XLF,day_100,0.010570727168718763,0.03190096320615665,0.10723645387113634,85.87770204145244,-267.20136346418366,90.39665834425578,0.9672218157770711,0.0256021106365956,1,0.05157869743709098
XLF,day_150,-0.038182380979772224,-0.09955468856040983,-0.08135541854703321,45.46692036605591,-297.01896307239065,39.510380076598665,0.8341532352183594,0.027562193078126556,1,0.07669724596528528
XLF,day_200,0.04297656499575342,0.15383285103153632,0.1777945965650558,69.28370621361476,-255.06671248254125,102.22553699199179,0.9201830469776484,0.03328498154154372,1,0.06158353554038594
XLF,day_250,0.01373969318905921,0.04288445828034737,-0.18622326763559316,36.43317717823717,-259.371284978416,24.9327667734818,1.3184597224443015,0.02834451397332186,-1,-0.032646253333671854
XLF,day_300,0.04468744464630747,-0.02196870784754068,-0.1022212805484729,21.577483755364312,-276.9927031239867,4.990235492594285,0.7038540713198418,0.03199070516284891,-1,-0.019178613870132317
XLF,day_350,-0.00910907521479043,0.0047460970286203885,0.18819242182761764,67.72746029939105,-240.55756458755823,75.22080383021861,1.0535478219131356,0.028415005712010735,1,0.12167399481083052
XLF,day_400,-0.01673186982117436,0.10362025455137314,0.0690899557688569,63.65815407696026,-287.49863672355593,111.18113101679438,0.6990456132214942,0.02897070669324,-1,-0.044367953382524916
XLF,day_450,-0.04035038167662641,-0.05198808517988818,-0.1377502566094575,32.97102852078932,-294.3473399307168,16.83510022695459,1.1561899502308675,0.028243788931918107,0,-0.007767941887466136
XLF,day_50,2.9655821131235882e-05,-0.0007980944809933277,0.12634507766482383,60.83124888829853,-99.98277244530749,82.98629821925536,1.1400215501280904,0.025199779173681793,-1,-0.04662206709475484
XLF,day_100,0.0508245117671986,0.09160666969944442,0.003318615496487487,43.723636975494635,-102.86320428690813,26.319785708063755,0.8381645511812368,0.02862561683680242,1,0.03768888535885168
XLF,day_150,0.004945915481213481,0.03937670383646319,0.16137001885196622,65.0362685158959,-120.9748587383178,101.84844048066957,0.8661458745732598,0.025344719411904748,-1,-0.012566248255928605
XLF,day_200,0.0054821789241796814,-0.03407977518832883,-0.15212820648462677,36.621575578678694,-126.50212047572619,20.184568759024977,0.7655670263632837,0.02258464975916187,1,0.10292730418209507
XLF,day_250,-0.013000279043118956,0.03574346982319909,0.15254718778553222,79.7711844409497,-127.50993185998013,97.00430591969409,0.8418392650266389,0.027178772702490427,1,0.07182628485403177
XLF,day_300,-0.05950387935654411,-0.006763697532113588,0.11658513607493748,83.65205314731277,-168.81573806884117,102.29399441157598,0.9328202372100499,0.02388105342613816,1,0.05007853584276188
XLF,day_350,0.018534851487368664,-0.00048060438998898114,-0.06497285991192736,42.70128178467764,-156.23100715020036,31.835722384797783,0.9164686940296232,0.02863606056080596,1,0.047894288607568974
XLF,day_400,0.008479110538906376,-0.02625640270761398,-0.13424386720390236,38.510115427398816,-178.38683068718444,16.626836357737965,0.8063303337484414,0.03045557475884618,1,0.11286299254738186
XLF,day_450,-0.025539473827984938,-0.031476238926643196,-0.10699316659435776,19.907484506319662,-168.96137924024833,19.20737694934745,1.1943557437965346,0.025954920202506403,-1,-0.06647589414706231
XLF,day_50,0.007724699239790134,-0.02131501681993464,0.03313868038216272,45.072511318204725,-317.5431319053856,30.832907014186823,0.7151220470081407,0.013934155185040447,1,0.023302322367275738
XLF,day_100,0.022295478151789228,0.036270787049137,0.027444392471331458,56.8785336229678,-316.9057130958005,74.7876498934749,1.145253249296515,0.013365874457433612,-1,-0.05133681163707216
XLF,day_150,-0.02043452398949963,-0.029814850019104888,-0.09941543595144098,39.64145050131963,-290.28871663788493,4.6861564863298035,1.051174560776266,0.012868275288417611,1,0.011683246671345442
XLF,day_200,0.02701801399272563,0.04243656691987563,0.04269733406674381,56.49245000664338,-258.0692800571179,88.52552814698281,0.9449834034630002,0.01177346309340041,1,0.024134984659551023
XLF,day_250,0.024032386437541797,0.007127427667456443,0.03369192406952526,40.614417324876214,-286.9393450426234,19.92289175638082,0.9097842988935129,0.013772814066883323,1,0.0502362796072002
XLF,day_300,0.004365539244495897,-0.000725419161831331,0.013663904966510154,45.26564816489283,-325.95730138463773,29.40484399763686,1.3315007671896044,0.010753308921413133,1,0.010447301942358904
XLF,day_350,0.009913910402124415,-0.012812405107387126,-0.02394370109527466,27.19197416069852,-317.7114991746373,0.597195655357566,0.8253624458087792,0.012753503130736019,-1,-0.015080593142891199
XLF,day_400,0.01291991169900819,0.0312275697480342,-0.0017061193008718334,48.973869674259404,-277.6767962364702,55.6998190805156,0.8355934164900123,0.010312112362747467,0,-0.0031167436362565053
XLF,day_450,-0.012366018642099519,-0.024647974987709098,-0.010206077496275223,41.26499432223299,-266.8243955835532,16.3425303984315,0.935050022342572,0.013680633534385929,-1,-0.011204697361588198
XLF,day_50,0.0034412384585456035,0.0075001404305747865,0.02335121712750121,47.8158573454305,-365.72041818500185,52.910072777395776,0.8800820428824084,0.019352481645264926,1,0.028725563974216113
XLF,day_100,-0.02149594415345324,-0.011965730707330757,0.04384151472806508,63.89943342844326,-410.8966176659183,71.35574839145863,0.8750450852528047,0.016298327613906132,0,-0.005255797255635573
XLF,day_150,0.012720875813291066,-0.023335301827852595,0.021730867190769443,44.71805983908693,-387.81203706498655,31.091851986407338,1.09523926919386,0.01818766319817248,1,0.05448135010410425
XLF,day_200,0.0050910208499006515,0.041989301566195625,0.061743976654512256,59.69196554811688,-399.0339415626045,101.22930698834196,0.8688127809918337,0.016956773166926342,-1,-0.011153485620741602
XLF,day_250,0.0028437288725486898,-0.017329270563580357,-0.03454606548543793,35.61912033833913,-364.5049640825959,20.93910569958415,1.2201190565024838,0.015770202121337885,-1,-0.0182435878608618
XLF,day_300,-0.00557514855876351,0.029542814681506657,0.016753151639234076,66.05514057214825,-287.34963832073896,99.15949268161785,0.6065956973359611,0.015554839399165049,-1,-0.048469368235831964
XLF,day_350,-0.001189256055057153,-0.02032739078162593,-0.13746090144553336,24.898693929337952,-238.1347162116172,20.066736032820124,1.1483854892657812,0.017613753346496917,-1,-0.02157743677558552
XLF,day_400,0.004251896449053438,0.0017911620442838672,-0.019464969669064414,41.83161834435132,-183.48776891505725,15.134890874414758,1.3385442014477371,0.017323784749954527,0,0.0015092344826353526
XLF,day_450,-0.01391930266419994,-0.01274928482680926,0.01526306411532441,53.499330228826736,-180.71682915021825,75.67069611164335,1.1985468502878616,0.01718749254804841,1,0.0728808829020154
XLF,day_50,-0.011898421271756665,-0.05720103103883889,-0.05333333470762147,51.17957021766062,-165.3861693670322,18.830203977266436,1.2835053511078303,0.022302041366362792,0,-0.009149695608526898
XLF,day_100,0.010468980873358458,-0.00878256764677654,-0.0961282757129025,22.89222371039996,-175.39031581272496,27.964769284034467,0.9725265878151712,0.023673128833736835,1,0.06728429621588608
XLF,day_150,0.02214988687382058,0.0027903021941566575,0.1180670347964059,66.33044921162957,-188.3424333908638,67.1424554220308,1.0241425747812813,0.0253401598074087,-1,-0.016452216566894322
XLF,day_200,-0.01495891350314904,0.0782123956399372,-0.21472936441430945,40.14449131012999,-171.01963482332968,41.65803077281194,0.8869925458512227,0.02649850641123354,0,0.0026070509311902435
XLF,day_250,-0.034054484487661574,-0.09272016090172519,-0.2143464214049411,14.369685215092147,-185.4856528746031,13.227617207948187,0.8968962696598642,0.022938481687665376,-1,-0.03252339119667267
XLF,day_300,-0.030956126824616015,-0.09546325049321724,0.05290414709006486,60.98657477893717,-239.56881807877804,58.84760297804482,1.1067304911803266,0.02632110221538067,1,0.09178407591689718
XLF,day_350,0.0038403315971700103,-0.06715895707813135,-0.15264332151815596,24.352111464775348,-219.12903844187343,16.50285114131519,1.31851482065377,0.027849255179657386,1,0.059293982276469925
XLF,day_400,-0.05873603480648959,-0.09187955278484183,-0.10930809754773985,48.60659349921033,-265.674428976385,10.223874094148282,0.9917006548580704,0.02822879984468575,-1,-0.02549558934652945
XLF,day_450,0.012702376962405726,0.0572865014883126,0.027271668220561374,68.94682287721993,-221.44814286389087,92.16798404255407,1.0070748332104282,0.02888795182810133,1,0.047241429388845894
XLF,day_50,-0.0011503896320191886,0.0036986571445318805,0.053953950510757576,72.5668185549687,-115.83113482068268,89.11288665509414,1.0595887705851343,0.013671549654812671,1,0.019990165188436385
XLF,day_100,0.022877534909261588,0.018484693329253732,-0.02490753704331039,41.36305225685602,-113.98672899271789,38.701181243730545,1.3197864946429694,0.014930402718843258,1,0.029853041808249988
XLF,day_150,0.00855374627533978,0.05674976275253307,0.009384825845842437,54.29854980570551,-125.29347649421136,83.7872008700287,0.6424284197137559,0.014155897674516993,1,0.020965400836109743
XLF,day_200,-0.0013685639811268357,0.025473998703908096,0.08852848216895404,68.033531109893,-126.36757589849162,97.55075163000099,0.6793018026209627,0.013586264934120957,1,0.02637280276031432
XLF,day_250,0.013291408379375813,-0.023531192127765777,-0.021062191691094245,26.239179957954136,-139.91077745587975,-4.321402141745362,0.6720713738346982,0.012516939905689698,1,0.03972835437706492
XLF,day_300,-0.020211965876714366,0.0026716377526250223,0.05327804178229867,69.91992896546768,-182.42345365957527,69.12064335094047,1.1666890584464127,0.014647354731788994,1,0.03763765539029189
XLF,day_350,-0.01609043017030809,0.06423659144978267,0.025617460433519756,54.50621871294784,-204.48304963241011,93.0389514975163,0.6675085190662335,0.015227021308432447,0,0.00593952898308774
XLF,day_400,-0.03023287778153172,-0.019266263362137548,-0.03544818289229801,62.385789540616166,-230.61238069993584,72.69078856973307,1.0550985613561685,0.013641299827253619,-1,-0.05853270795282276
XLF,day_450,-0.017533147285165085,0.006038760858237957,0.027173806898170616,46.296504575336364,-223.02977990350186,50.755406766019306,0.7331161847849359,0.016027374967862395,1,0.02126120603194884
XLK,day_50,-0.007230860429203512,0.02674943823082887,0.014493655586468535,61.04705720650048,-321.72062785510894,95.35009214643243,0.7019669385622945,0.009806587973081331,1,0.01411491703744719
XLK,day_100,-0.015357885532740312,-0.028671008794850406,-0.023988316673194676,51.2910056707729,-308.4806442170748,55.11046566921636,1.0000082653539935,0.010861233901937759,-1,-0.012564253577901268
XLK,day_150,-0.015475133318599621,-0.004888731347847841,0.05512741967618062,57.88428965420756,-294.3169924811383,80.58520836880723,1.0144856087721426,0.009985464227378648,0,-0.006578406229918361
XLK,day_200,0.008860031231264331,-0.017475171533513634,-0.06844565341799347,16.71140892704058,-280.675533376805,2.60587557547433,1.082465309716163,0.010630679676565771,-1,-0.023955389126570168
XLK,day_250,0.01197575001646678,-0.0015219510574683293,-0.005861153731877011,48.159717056035056,-254.42218934419736,15.830590688833333,1.185629762880656,0.009992130259481629,1,0.011438714549164576
XLK,day_300,0.0037448254035281625,0.005669480129388393,0.024559666262938817,59.79702765639179,-265.5993703975497,61.17575183383632,0.8769071246699857,0.008893367809450312,-1,-0.03993964391707846
XLK,day_350,0.004118905071207157,-0.028041456595338188,-0.01974415609732172,36.43722873958988,-249.01314501566344,2.155476527604707,0.6873755169431427,0.010525738680742932,-1,-0.02961509201023514
XLK,day_400,-0.004982384365989967,-0.0047076759633242204,-0.0561726043288745,36.75026261371632,-238.2780090639871,12.679832563692294,0.9454196977700574,0.010621007130066614,0,-0.00968344808549865
XLK,day_450,-0.01960177811876418,-0.040177935057365666,-0.04356886783832847,44.62342541846658,-234.39217700298607,1.9683720819060204,1.0462532874193557,0.011163556454431477,0,-0.00863064946610529
XLK,day_50,-0.04173590675774219,-0.13986171606313835,0.047522182580418626,64.66213079250447,-178.17441865205964,58.70475497812199,1.0419798117082384,0.036724482016149924,-1,-0.02634267663764023
XLK,day_100,-0.05195176114006139,0.13111092033163696,0.24976795550645825,81.58896797106723,-192.35462383432792,113.19228527163226,0.9844047524765145,0.040626445240738086,1,0.07025653394108772
XLK,day_150,-0.0008068789136722598,0.14525754743779218,0.014656203022331393,51.6379629892856,-282.927477236929,73.71935194704355,1.1541265335779598,0.029271045181363,-1,-0.1498708880708042
XLK,day_200,0.027120650142618663,0.1633125857046116,-0.05755528555136813,55.01652845720971,-214.94149531618206,64.97828706804259,1.0938399289834266,0.0324208967817874,-1,-0.04898965276288662
XLK,day_250,-0.024634145422452347,-0.1281998701954178,0.35866495126785636,66.1447639208529,-377.57264155925276,68.36841028352751,0.8647140103332784,0.04088066079265379,1,0.15606397816087433
XLK,day_300,0.022951345233135134,-0.15639379587087698,-0.17301291105845273,32.65674444567195,-464.6430171592106,-6.206021507095045,0.7317399547252592,0.04152667935274139,1,0.0644777770962919
XLK,day_350,-0.0011977400728543364,-0.03227708984477862,-0.16857052421159702,22.52458759500503,-419.13490061918895,18.193419385923473,1.1517282665645223,0.04233205426075796,-1,-0.055082281927375756
XLK,day_400,-0.02537445328638077,-0.10039181796130814,-0.34955587068393434,14.660197416595267,-291.8189829658142,17.217137370019856,1.154500802618427,0.03470715650392523,-1,-0.06443183918747851
XLK,day_450,-0.029152455632074803,-0.08094701411725158,0.2051876398093897,71.16834957547493,-314.0875289877607,70.66470807948569,1.3528778576704061,0.03340095176766607,-1,-0.058761587558361354
XLK,day_50,0.006094746415622021,-0.012192892227101071,-0.12502319525870698,33.53043686739599,-118.0330705290551,16.21296719905494,1.3933930416251195,0.03143827735946921,-1,-0.05339079644460981
XLK,day_100,0.070120327964035,0.1367531754923288,0.14468826302765891,55.51649669972554,-130.7705027840341,80.49193989979284,1.2636643513015402,0.03946880696657536,-1,-0.0227271837665806
XLK,day_150,-0.0373649436344301,-0.029556957835370823,0.09810324474669518,79.61338307936731,-130.94806877193574,92.9300181323615,0.9216556368530155,0.03349637834147385,1,0.05621606563594121
XLK,day_200,0.04893896933407604,0.12717079860997438,0.22018938000138344,74.90756088034757,-200.20834189910215,95.36600344954947,1.4618629319337166,0.03953273433411553,-1,-0.14025019319399176
XLK,day_250,0.05407962033916802,0.1488072368984641,0.10689007527252103,55.896882816042435,-256.7805713933952,80.78975026585644,0.7631549661759037,0.034788465074141926,-1,-0.02057206510587914
XLK,day_300,0.006477159101401009,-0.004037301046154185,0.21506180369684458,71.08195818104682,-337.94846051269536,82.49055463879003,0.9541566713859282,0.03235804520110005,-1,-0.08429496305524456
XLK,day_350,0.0011211057957289938,0.031046002916966797,-0.1083912978837478,50.45101632923537,-269.1251702558304,44.82208961665955,1.267390535513115,0.028598230676146964,-1,-0.023695833162611438
XLK,day_400,0.03919062215516278,0.055641097677949336,0.3565026761038359,73.36726706202059,-297.3046492816782,88.24457852931279,1.074092166700685,0.03210350050515497,-1,-0.0643737434919114
XLK,day_450,0.01209354570934651,0.17522952431786698,0.5477901928019615,85.27264972671881,-438.52292636087674,99.08700987333164,1.1554318073368404,0.036749616383502305,0,-0.009889354964520352
XLK,day_50,-0.03800087074115144,-0.164224339798122,-0.3081757392076163,17.988670159944192,-256.6862065319462,-0.30993389665118753,1.1295340554544757,0.03253239866909909,1,0.03945419452330326
XLK,day_100,0.011577429872328127,-0.0013506356666260766,-0.22389817385535948,31.159285503112798,-200.66186380557025,13.976033228096316,0.848506096059009,0.038694770021494095,-1,-0.020865312789367006
XLK,day_150,-0.02979216595301204,-0.03834860628981329,-0.19460310006613235,37.26040619902702,-165.0080330546673,26.974518338911246,1.2234315868664254,0.025336085779270445,0,0.002618469544799729
XLK,day_200,0.07068702932245974,0.035784761117121144,0.1416826151151469,46.7521635306235,-174.54592890019538,29.588911974462352,1.2917937868059672,0.03077498625454311,-1,-0.03545630132797897
XLK,day_250,0.060566908747603065,0.1265074336240115,0.06770656561228106,51.498190120488076,-197.0384680013562,85.32750072239264,1.0898044808187737,0.031083848082348146,1,0.0693110199203244
XLK,day_300,-0.04385258260566138,-0.025555842776698534,-0.16280486672419614,65.00766254137187,-177.33547223128883,61.552704161928986,1.2142940820057804,0.031329669887286415,-1,-0.05118996733258027
XLK,day_350,0.001520134036873122,-0.029993943613710217,-0.15627270950817196,43.200567828597045,-101.77568071667977,17.484273523943465,0.7882118421537675,0.03153625377988889,-1,-0.1013536965174598
XLK,day_400,0.02249506776134047,0.0514392693949679,0.0232955942877342,46.95699643529165,-92.9740618424283,64.48690962715847,1.241818741265888,0.02576490006688329,1,0.01870532531942766
XLK,day_450,0.04370974371055225,-0.05585224136392153,-0.04567816764149346,28.97142098451124,-91.0756391996673,-4.559299208689536,0.8830177121635712,0.03478417314739543,1,0.05562080064152422
XLK,day_50,0.020819803324657826,0.030832706194080295,0.0756395252975346,53.253655251703144,-59.58780916509408,62.530016981541124,1.040561803791315,0.015527514571893029,1,0.03150354754453254
XLK,day_100,0.021277917119552514,-0.01633693328251884,-0.07815984890165173,27.124402052879205,-54.3664452554222,9.623455098489146,0.6165523257862415,0.016816490563201357,-1,-0.016124660111215536
XLK,day_150,0.027848118213585682,0.04810346594837922,0.0638737316173239,57.27485985666576,-54.50823764221699,56.17427796322414,1.376971441955855,0.01788652507783081,-1,-0.019776805768218667
XLK,day_200,-0.010595200071356725,-0.00785550233087362,-0.007858243391035247,44.83397159911821,-51.194255132822555,54.73597347661004,0.9093189335850207,0.014871984813170718,0,0.003443175579739897
XLK,day_250,-0.008535138740468295,-0.0505321551755491,-0.08197838301917637,42.88378137477252,-54.15661056211441,-3.077956028431651,1.2216246120908576,0.016319480130717545,0,-0.003512557841416876
XLK,day_300,0.011555466948307114,0.03406339073822129,-0.07616949959434616,25.136652543893774,-47.40514295173304,26.167711548672806,0.7670090520938154,0.014352362538306221,0,-0.009661945099831839
XLK,day_350,-0.005822049997694645,-0.06973513435093259,-0.09529611483129663,29.713008821255144,-46.10743599557261,-10.468567202577486,0.6807437892283786,0.0156004632853907,0,-0.0020356047929795894
XLK,day_400,-0.007069370242977935,-0.020784639741154298,-0.023995990290381797,45.119106741383874,-35.215129622205225,46.187496078073416,0.9038145482376528,0.012135382470706538,1,0.051281483031288856
XLK,day_450,-0.003496486291435952,-0.03318546647152909,-0.0352081286602991,58.26677965273153,-33.070066681974346,52.67266165860791,1.0546938105599235,0.015278819984718294,-1,-0.013414532378292694
XLK,day_50,-0.019894487952963336,-0.03188365304958052,0.06012661028947641,52.583486296773174,-226.75348760011437,49.63856443514885,0.8902641507870557,0.03784942500816427,-1,-0.1386926741011539
XLK,day_100,0.003298039246808493,-0.10807935341610742,-0.0038691325213413563,56.50706123162059,-277.85314718367914,32.95129426458748,0.8166822748784516,0.04180156564881558,-1,-0.11029681081283257
XLK,day_150,0.013836098789870688,-0.024625367581185498,-0.12236231725727043,44.95413904247759,-243.65377950173936,22.74588614141954,0.8056532415566111,0.035447628248134834,1,0.0493114046122355
XLK,day_200,-0.11011180966017664,-0.015343816377766384,0.035030775426377,65.91567608415644,-252.75403488075733,111.20616746559855,0.9330232788034495,0.033368613344443236,1,0.02596602863316005
XLK,day_250,-0.019354662079368645,-0.1936360746324136,-0.16774990742100537,34.16795022229731,-301.2290066362007,-13.168994057995354,1.0042685367164,0.03644909780698911,-1,-0.036182815210666915
XLK,day_300,-0.007794533596218067,-0.09330278785537316,-0.013483698828249402,38.263689037608984,-281.9661381043601,14.331875593583906,0.7854381468970512,0.03865077632367038,-1,-0.02122954471638685
XLK,day_350,-0.038436669321637584,-0.022640710051388013,-0.13962742592325916,55.38480951988369,-253.40639382584317,48.35051355614977,0.840737945829117,0.04023839141061161,-1,-0.04261610103435264
XLK,day_400,-0.03539228866910682,0.012898872115369997,0.1091737337613854,54.01214131943108,-195.60903243076095,73.10179437007844,1.1886244512822917,0.03807269595281774,1,0.046710306551483845
XLK,day_450,-0.045536675519860625,-0.21009295393080518,-0.20851016883131057,23.729818906891808,-258.1789051982413,-27.647279210606918,1.0718576336671135,0.03460415421503267,-1,-0.05747483035983843
XLK,day_50,0.028492847807404242,0.012250747588943511,-0.010695251301687025,50.91163481532904,-135.49820647105648,33.06741475216485,0.920750647985598,0.013785503190988724,0,0.0023633642797839
XLK,day_100,0.010837325652414354,0.03946214506059653,0.11919760182618733,86.27546578576634,-149.03836098768318,84.50481520124377,1.0027359981079036,0.013932298841382106,1,0.03287124557030147
XLK,day_150,0.005781576498459007,-0.008821982205823531,-0.04331125212013953,13.035470675842404,-171.0367179729887,9.18421194894912,1.1041605075079846,0.011764558731871839,1,0.015070460223598684
XLK,day_200,-0.007213734118688309,-0.016587494415531312,-0.011915347693293499,38.696765231817466,-166.79562249717858,28.84045630383372,0.8732472353519468,0.011296132071440536,-1,-0.016513095689312172
XLK,day_250,0.0018096576187058844,-0.014020771394776643,-0.029720619034395934,36.53385758949589,-152.67794272550339,-10.73694185148361,1.1605217726342378,0.013378525334008014,0,0.0019072474683778102
XLK,day_300,-0.005214226710777314,-0.04203427430428108,-0.0719349923383773,30.915670254023482,-146.8224147153578,-3.900727823567414,0.9115259652476505,0.012851526843924413,0,-0.006822163078998952
XLK,day_350,0.009902692263022761,0.023958802083164255,0.04701775523626961,56.09680734255868,-157.21159578601365,69.12111807864852,0.8043926180189959,0.010466200328365947,1,0.023844195972506938
XLK,day_400,-0.004099590857165936,-0.006865425505682254,0.0014422751840996728,45.53467171853132,-175.47376225225725,30.920061383285752,1.0483211576207963,0.01265529621381162,1,0.03911555090797143
XLK,day_450,-0.016945300230875482,-0.06297434325083284,-0.11115072082290334,20.687124300176492,-171.2286282504104,3.2761368825455306,0.9415380853060816,0.012162122419811803,-1,-0.011184176079246145
XLK,day_50,-0.02757907034181417,-0.00457517259460849,0.041347435442427916,59.814702921010756,-410.9464348695683,73.6809026277556,0.9511555848796645,0.03118520999318007,1,0.11823101220105024
XLK,day_100,-0.028842817432993884,-0.04568765065550495,-0.025101713433540285,56.30138342478648,-454.51917258166094,65.30437615835302,0.9115518040702493,0.03187931641001711,0,-0.00942744281772353
XLK,day_150,0.03156672847795705,0.09101019641910835,0.22258146287023473,65.53810070730968,-503.72398770465423,103.69750212618824,0.9637998344861077,0.03098509710313165,1,0.03965965966844119
XLK,day_200,-0.017654965619680274,0.040529803647957774,-0.21806954302971704,25.625869666157996,-541.8702114829018,29.05493467171374,0.6662156828226892,0.03341600907660674,1,0.05317715243830701
XLK,day_250,0.03159891651850866,0.10909012239217009,0.1877858008568889,64.74236100302363,-482.99841102520156,87.66547119754725,0.9945080462714982,0.03353019570092663,0,-0.004862078781382422
XLK,day_300,-0.058780214315874324,-0.03582303805007003,-0.09860440809986448,60.762323018715065,-443.1723880732977,79.41523701249392,0.6788720103952262,0.03495324330596663,-1,-0.08336476350807899
XLK,day_350,-0.030693692127191974,-0.13797828017077662,0.09984431293520135,65.64538963749456,-428.1273257104696,56.64287386937329,1.3525923906725832,0.02783019516573842,-1,-0.08000843482983362
XLK,day_400,-0.04217977197600842,0.012885521346185369,0.2910063793329867,64.48670001302068,-346.09520072752963,91.34268857232084,1.14061811328482,0.030120735321153842,-1,-0.07736743652877298
XLK,day_450,0.019381948237086277,-0.05752497105555343,-0.24154010591752584,30.274830413694716,-244.47553953174096,12.544299901884582,1.1701058389407235,0.026892308346007997,1,0.09311247276737263
XLK,day_50,0.01601219783832053,0.05645615083560296,0.024661116527213922,45.215434021627836,-408.4984593625629,48.968572358485055,0.7440681429661224,0.02506385170844482,-1,-0.0371864808325251
XLK,day_100,-0.06993230158198782,-0.04378737877839245,0.035427210823435695,62.17453546153118,-501.8742633014125,93.5957614606834,1.0697475236268998,0.017427410620536175,0,-0.006446275206040234
XLK,day_150,-0.06784253709522625,-0.04522108431659444,-0.08537745079232817,47.692480583632666,-510.31849814277007,52.32248272587184,1.0556011746616318,0.023153314492754845,-1,-0.010015256871666283
XLK,day_200,0.011472686335467941,0.03311656918470485,-0.11967430692505332,48.240552714697216,-341.0769996701651,49.10468895991967,0.7907070003348203,0.02259391175451833,0,0.006378313434129374
XLK,day_250,0.0004182785076118911,0.014786083341572276,0.09087773970323165,58.925702692209036,-308.97856119752635,92.36983506462411,1.239034912087224,0.024221941583368375,1,0.0324575701600759
XLK,day_300,-0.01464996530193996,0.01864490475979763,-0.03047605563125022,44.21791185748677,-300.47599337854206,43.05017378569006,0.7386501850342081,0.022145820183659383,0,0.0038017845007484578
XLK,day_350,0.003730800636017939,0.08863709735826242,0.1402377469957874,85.93570117547384,-308.70569469666674,121.03861109392832,0.9811791142078172,0.025167360740934046,-1,-0.0458535245317264
XLK,day_400,-0.011158554768454176,0.007784848805838518,0.1419104906921811,61.52152718842008,-369.78417760796714,77.23543786986052,0.9457804489710829,0.0263130922663913,1,0.01113402106195765
XLK,day_450,-0.019367882994980712,-0.03969366285929243,0.14237848830549193,61.35037219114359,-420.1720856633556,70.07029634595125,1.2832748598776378,0.028078624203182717,1,0.07524793627741835
XLK,day_50,-0.015055856193613604,-0.039333341464200755,0.016740739267042004,59.136241904703425,-93.84298842732498,69.4462615481432,1.205954011778434,0.01188013044787562,1,0.03453860725434662
XLK,day_100,-0.0006372838468605702,-0.017461208387663518,0.07198214334025521,67.98658747246898,-103.27425331397707,63.30911973237776,0.8032123884401736,0.009249237757624311,1,0.010938008115329826
XLK,day_150,0.0057514524218920116,0.0037901239833129097,0.0694536424197969,71.41662756005086,-124.53255534310715,81.05264674160844,0.7696594482898614,0.011054227175452108,-1,-0.012288484765858495
XLK,day_200,0.004086866552064583,0.005183852385961751,0.007330233434595046,44.7167920995611,-142.91865927192063,41.742411038835925,0.8907440746915712,0.011506539445270476,0,0.0007622485656755089
XLK,day_250,-0.015922511213003365,-0.007794768436022115,0.04146404644571833,50.19992707878447,-164.28276481852006,65.29410249555602,1.2807702337640583,0.009832532318380287,0,0.006860216149584636
XLK,day_300,0.014962372041474437,0.04731257439771719,0.07478081441169393,63.526853910973514,-163.76175274162793,97.70066037172187,0.9113176675374832,0.01142648457467967,-1,-0.016897052078240105
XLK,day_350,-0.024889018692579645,-0.04612138427900059,0.04289353934867157,66.06597902524913,-182.64407927101465,69.52676866437604,0.9125352472304425,0.011862190214586208,0,0.0018346377101187803
XLK,day_400,-0.02287327334070488,0.02105071349584331,0.004866493120812221,46.8539021896002,-192.62165695120163,53.32854115129412,0.8645783729934414,0.011832082201762248,0,-0.007376675342834823
XLK,day_450,-0.01151405835601893,-0.03279726869592725,-0.006348570109124929,57.03507132928678,-192.19510243094618,47.17142184140093,0.9459678744090005,0.01171403547738393,0,0.005201628934025959
XLK,day_50,-0.008153353171160393,-0.03296656630106698,-0.07542792878931015,24.274663148687523,-164.1086901819695,12.08408444731632,1.3963064986206424,0.011769392762789115,0,-0.003778834074798213
XLK,day_100,-0.009632906535503083,-0.012330652023304967,0.02297210491698487,64.52490313157391,-145.3281009561984,66.50192081293744,1.094548616827597,0.00979274333878261,1,0.01333377054748475
XLK,day_150,-0.007941017834640185,-0.014112706147074827,-0.09357615053275437,19.560362702598184,-132.45685268320463,22.190522589986685,0.8985147094995303,0.010176339779413129,1,0.010090006770605049
XLK,day_200,-0.0038547308970273697,-0.012545438174631718,-0.008050516078082826,54.15891346793905,-128.67077903292815,48.90211318009206,1.2681133104511413,0.010044843849065354,0,-0.005160120945952338
XLK,day_250,-0.007569249803524913,-0.0067737386388121434,-0.04422101459780192,38.36213629157812,-112.19525887224637,29.280116201147848,1.1614493640182462,0.009882045236341522,-1,-0.024608112115485928
XLK,day_300,-0.00335607443101682,-0.01709630603657275,-0.027574046227342386,38.075822313448406,-91.39128093745632,35.380672004404026,1.0764056471187635,0.011482844312428507,-1,-0.011213752015615409
XLK,day_350,-0.007088689283490601,0.0008780316615391026,-0.0823302259330494,29.18188845874947,-75.78020386779073,25.803228291740847,1.309933164524357,0.0103255655913292,1,0.01697024746600182
XLK,day_400,-0.03381048974259071,-0.026102995836067566,-0.07788358764166026,40.44804096147889,-69.34317971035794,26.63066610369031,0.771118281425734,0.012045368061789354,-1,-0.013801873298920242
XLK,day_450,-0.006860664543641537,-0.007972045183949561,-0.04036704365800592,39.68358445140554,-63.73520914503598,33.65106309262688,1.1689455334932461,0.00940440436722232,1,0.011428176028685821
XLK,day_50,0.011518854798880929,0.07129246291327873,0.22344564837111291,55.56355835879395,-307.37109995688064,80.64590022284686,0.9931579288127271,0.02303263620580339,-1,-0.06887913826376406
XLK,day_100,-0.02669726164957298,-0.009117876348922471,0.037943607802942036,72.42246197215951,-402.77028482957513,80.28464590424336,0.9859436538919086,0.028878448956295287,1,0.10009435147501898
XLK,day_150,0.009156301680250278,-0.06692603840739486,-0.18410497958367555,21.20987029367194,-359.0918026206955,11.873007973353188,1.0964438184159147,0.03122518595353836,-1,-0.0778062915550152
XLK,day_200,-0.006052975107872838,-0.026096620473423537,-0.12011264938656041,40.35955602576621,-301.69936990508427,11.041876278360235,0.9069025494896065,0.029556884359228233,-1,-0.015236364143302308
XLK,day_250,-0.002060592887351387,-0.08044209410390146,-0.04910890029934267,33.74690500350765,-265.1500659327498,-8.293249253565262,0.9411577746641476,0.028470535517530454,1,0.05430260845485336
XLK,day_300,0.019499863854289368,-0.016004258674444993,-0.012232571513448032,59.739740819153745,-264.2946210713604,41.61179440373939,0.7702722879816186,0.031882084099887055,-1,-0.053255996788418046
XLK,day_350,0.016359022189826433,-0.04976679254116845,-0.14633538206022867,30.775684772178877,-228.15040995964407,2.3118518793845704,0.8173060362261118,0.03678181470147784,1,0.08963067444310116
XLK,day_400,0.002943260461437225,0.12576980243804692,0.08458524385890343,64.50426110340834,-258.52303224958507,105.36286604054708,0.9975997872610137,0.0323621585743412,-1,-0.1127441476661208
XLK,day_450,0.010085667257457631,-0.05850268583666929,0.013634033117404298,34.59782763561566,-311.14360918959335,9.418914264508643,1.0608570126585586,0.02639204054613418,1,0.07301639085673478
XLK,day_50,-0.009561199603391524,0.002267998018307793,0.09288252250706841,76.04463419602816,-253.24142086856335,87.45276351399646,0.8687889246558086,0.0176276828090611,-1,-0.05997069159200155
XLK,day_100,0.011682449353154878,-0.011347199962103427,0.04114919014811069,54.06151121589849,-260.6828691652243,51.40262241622609,0.7479594212399443,0.016500799269435252,1,0.010922178305943655
XLK,day_150,-0.018458794635236697,0.020182201340232186,0.014052677588256124,49.6543082131862,-258.05861669222014,62.029755221440716,0.7321946750038258,0.019016637270176658,1,0.026256228721209453
XLK,day_200,-0.005879436108128688,-0.013915638404542796,-0.08152683656917181,45.903272966375795,-242.322015253109,30.93887980804878,1.1185837505474139,0.016725017805070744,1,0.04794690374719815
XLK,day_250,0.014835619623098317,-0.01432287244822772,-0.003233028323703979,54.095957554868164,-213.7885622446054,31.10747966241833,0.9928034734916092,0.014863716898486921,-1,-0.024993333861383867
XLK,day_300,-0.0008420167081688579,-0.008709358008891721,-0.0065107891591758005,56.26392205212512,-237.84866729702847,63.18109592736265,1.0563692371532356,0.01757110321932289,0,0.0072576625015211465
XLK,day_350,-0.009817555817884016,-0.006003466515929201,-0.02357893913916398,59.33047673587134,-217.63905870501733,72.69461245300344,1.4810298183685557,0.01610982850983706,-1,-0.010419400817222422
XLK,day_400,0.03300012377712891,0.07044484290293607,0.09870480823850114,75.01887560318205,-231.36785189685295,93.72222533906239,0.6543844651787377,0.013579530674980406,-1,-0.020933520398603127
XLK,day_450,0.0012280787967162698,0.02364021214165346,0.002593731846213254,60.83937685580554,-251.64265145228865,68.3286796105407,1.113910783308178,0.01645181722177065,1,0.03903518699158159
XLK,day_50,-0.008986218477131547,-0.039573431885143284,0.012156051716340599,58.547662368733675,-369.8266695939171,51.252539986612035,1.0555107971099318,0.016147843803398534,0,0.008912126023698104
XLK,day_100,-0.012080368748661252,-0.0600720710886381,-0.10509624761496772,29.634922145954164,-284.148454830194,7.964266691547639,0.933525560682749,0.01707266112573539,-1,-0.06968876933180367
XLK,day_150,0.015381250652316103,0.054110193953283536,0.11447663674852393,57.8033748478549,-267.50294371411275,100.36371686750441,0.9540487730419653,0.01792243245504753,-1,-0.011596591190745966
XLK,day_200,0.0011596210565434362,-0.02475176107414212,-0.00964178935754556,44.15111651900445,-283.80851517836766,20.61139927516381,0.9880289424387171,0.01490027768130556,-1,-0.031876428796507074
XLK,day_250,-0.027787895542429553,-0.044638250454424155,0.07927324806889913,54.41643605380173,-291.3114859157386,56.548774192442664,0.8185927121041056,0.016148249601598795,-1,-0.0216046325344813
XLK,day_300,0.03655607962463714,0.05488508685564297,-0.04430449712626294,50.100834899731346,-235.52896622354515,40.52150755548405,1.2205414283236888,0.01703904100528216,1,0.07041858825553568
XLK,day_350,-0.023529756105362343,0.014485983000216196,0.012293674851540981,66.53001477102436,-248.5836072272932,99.27891165287576,0.9132560973981798,0.017953333249578853,1,0.0246543036613176
XLK,day_400,-0.0053625190839939885,-0.04993739685221987,-0.10182502614129196,24.04374325322999,-218.90600600688524,5.3553472361568915,1.268345036113689,0.01751081301986502,1,0.0661945542197025
XLK,day_450,0.00964567356250634,-0.014423195284835821,-0.08613024176973216,22.9464037811305,-190.03854735249143,2.000735958721349,0.7883319267365273,0.015730996106992013,1,0.011421427039317996
XLK,day_50,-0.018193811352359646,0.0341449757067549,-0.010418639683227426,47.18158559579675,-285.74484356016586,74.64955523489549,1.0991013013391298,0.0170179491534571,0,-0.008160840821093352
XLK,day_100,-0.023334605889446802,0.042524314401012564,-0.07388861111611122,55.15645026597328,-252.76895580792655,69.79845797868484,1.1609862098226533,0.019159423234780815,-1,-0.058973690789891585
XLK,day_150,0.014386363993163842,0.006017308063207993,0.07349306005011402,64.70133200016153,-232.21979999828017,67.33579397405207,0.8669483274823282,0.018361578029417628,1,0.03088779763789664
XLK,day_200,0.019727407021526533,0.0653817643341903,-0.02276873952462455,29.79689921026332,-226.04649243368726,38.118502666100625,0.9226925698050379,0.01767503496719431,1,0.06445393527356015
XLK,day_250,-0.036150888852186536,-0.013217119397260335,-0.15445434214198817,33.823416520704214,-203.92335100980443,18.702443099794248,0.9858875343167113,0.021686269878516334,-1,-0.052373728385499925
XLK,day_300,-0.009028178206039184,-0.0147594345948322,-0.047165562335851674,49.61036197362176,-163.86804342897037,26.38858778992229,0.7339527395098626,0.016106783629731596,-1,-0.01432117458620181
XLK,day_350,0.016957136105081316,0.017942789227166855,-0.01874024003573671,30.33640070083115,-159.20268016821316,19.484815889158703,0.8387751435993621,0.016946143966487106,0,-0.0019155261366043562
XLK,day_400,-0.0099742126502812,-0.053792608012317555,0.00608174584123633,42.84547110996918,-207.03023837166873,15.852139904181131,1.0245535314650265,0.02072899581409235,-1,-0.016812156612996756
XLK,day_450,0.003942878569580088,-0.01262660948883243,-0.09550723372368208,26.827134818366048,-174.7499112897919,27.819412230594615,1.1269492128450955,0.020825343439127217,-1,-0.03504323556838488
XLK,day_50,0.0005640442127685663,0.01986997226299625,0.018672464910208353,64.17936890177194,-305.5388211260951,78.2529302593246,1.0930262060038767,0.020437148592480872,1,0.05905185270208918
XLK,day_100,0.007410567506431098,0.04375405093064755,0.13835516167832052,61.98576346011013,-340.22934087521685,82.03651398128167,0.8636053185093647,0.02607681342401446,1,0.016190785980749772
XLK,day_150,-0.020558004785594886,0.004675695081734155,-0.010714954697449874,57.234550229286256,-400.881263722948,71.6812969332167,0.881639310489287,0.024663199010143067,-1,-0.016225420688337704
XLK,day_200,0.0066017725788338755,0.11562769832321118,0.16308221118187394,68.9969660618246,-372.21120911973816,117.98562952672799,0.9699442730804687,0.026540252734541473,-1,-0.011203436646056076
XLK,day_250,-0.0035100469729160144,0.04755947664195137,0.06403203939699842,47.13273813779227,-461.0383355952828,65.4344908447391,1.0390329254699187,0.020589083929139523,-1,-0.014840827658122559
XLK,day_300,0.02787052246717625,0.014012748470105363,-0.07174133061476329,30.747412295717993,-469.80977645409234,19.186787736589178,0.9983247585683036,0.023898677419854297,1,0.06206055071872197
XLK,day_350,-0.0013522868416004918,0.013205233130919591,0.03372878092411602,58.677614591104735,-475.6319642227924,84.94541681453752,1.0038746000016654,0.023425683915449993,-1,-0.09878588019906591
XLK,day_400,0.020689586951924577,-0.01597712275848584,0.02776753142212618,62.92194017393474,-459.66458566602694,63.06631797756415,1.2029263167341058,0.025287462131723233,1,0.04788177992031841
XLK,day_450,0.00021246275238340218,0.0018291150121749755,-0.008370914178609135,55.85468990546778,-485.87438543101524,61.37068473008096,1.0804856667562341,0.021937753283672815,1,0.015113937217951366
XLK,day_50,-0.022101922211832048,-0.006556162815791633,-0.0009988424119312667,65.56636201028593,-131.2752039243241,92.53596987239024,1.150715071098289,0.03432826237760749,-1,-0.11669905541483723
XLK,day_100,-0.021334879097626658,-0.013838140691203482,-0.07224938734660313,35.88704366866364,-141.76644245421056,18.911418390218035,1.035066448514209,0.027837485709376712,1,0.08824427446743408
XLK,day_150,0.025242741977564265,-0.002683938895826632,-0.03234760522470337,23.859614456108673,-156.36488635910297,21.62631802761928,0.8674867677249615,0.029750177125411406,0,-0.0035369212175711696
XLK,day_200,0.043122720692313044,0.014952215903547783,-0.035030757551907765,39.33091639712396,-158.48406451293548,18.311535154492656,1.1321075741128115,0.03942880402041756,-1,-0.12006411182537688
XLK,day_250,-0.04551830287961134,-0.018583979189121247,-0.3662796893655059,23.210184359723996,-100.39247259561623,32.02584657438393,1.2647530141277221,0.042112603792526675,-1,-0.010023168270736873
XLK,day_300,0.03841970170980158,-0.008504899021187007,0.1855807503145228,45.62941132907004,-120.40867064834971,43.87333456692155,0.8753869054042851,0.03640937741995749,-1,-0.029175383940447434
XLK,day_350,0.06576297259551733,0.0634392454173549,-0.09310902434994506,38.25875395961729,-79.74115201399673,37.71260874706026,1.3000888218284032,0.04283160479971121,-1,-0.045074172363934496
XLK,day_400,-0.07844333909501044,-0.03707648656942508,-0.14908245871276105,39.5985054067547,-72.99041611030002,30.464486013373342,0.7366008901131315,0.039914653291708416,-1,-0.027595865526118445
XLK,day_450,-0.028308534996404178,-0.027587314903769422,0.1952103696647105,64.90174256660794,-73.0976361160264,79.42013386862247,0.8651163584313947,0.03363370956091833,-1,-0.06976786255281942
XLK,day_50,-0.0230316075942254,0.05745935398680513,-0.1349129453883302,49.345166072553575,-364.546864871122,56.624555624679964,1.0092230881842075,0.02819211954649538,1,0.04175553371984741
XLK,day_100,-0.02353478941342535,-0.12530160857884964,-0.2558189115413352,25.46386634098819,-287.5022526887493,-0.6840715506129649,1.3641024440999265,0.03671784318438455,-1,-0.11320170180756403
XLK,day_150,0.018480782447274136,0.1127218485237933,0.34215001650407983,83.37433568639327,-196.77723824885913,87.76786848913567,1.0295108085560167,0.039520831160594794,-1,-0.029550531761862082
XLK,day_200,0.08439026606225353,0.04101805483623444,0.27966401564659416,66.7493945334008,-215.6062043807425,69.80653044066376,1.348617283045028,0.03140259978825148,1,0.050058812670677924
XLK,day_250,0.0026941768778041553,0.18422843681400436,-0.08709672021996351,46.779483441942716,-196.62249411368876,60.835451789281194,1.041673592322883,0.03682803799847255,-1,-0.07884002277931526
XLK,day_300,0.013102529300212717,-0.1174869754425677,-0.31185355440704043,22.379943351681675,-153.2952796678293,2.937703858816704,0.833105550715271,0.03040166788011456,0,-0.006692606465478476
XLK,day_350,0.02953388741741203,0.05142677838714671,-0.043523891444488205,39.370155743305126,-91.51142132590333,44.49094328657534,1.0548947089766412,0.03678344695638648,-1,-0.11885623198299103
XLK,day_400,-0.06387950303525947,0.044658803719653584,0.06248168919974062,58.73999865096013,-71.25512185754015,81.69910858418145,0.7099379583437068,0.04007706427202475,1,0.07985771713760755
XLK,day_450,0.042262403598358755,0.1073234855102636,0.2550527330184691,62.043993864962545,-70.67318178107313,102.34605001799125,0.7235553021618985,0.03402702415640283,1,0.048192062264177625
XLK,day_50,0.0059965310077751965,-0.03186740011854605,-0.055744491405077534,26.560400264992907,-228.38362179290155,0.994275094048573,1.0922486606392137,0.015151702769990194,-1,-0.0532275248941469
XLK,day_100,-0.020370496196507215,-0.03590387811233642,-0.02261947810318876,46.476551084191875,-202.2834573685863,23.990897770719787,0.8218450423601796,0.01397922127943404,-1,-0.046488262353716545
XLK,day_150,-0.02025706909955971,-0.0027233665457505607,0.014256153312116604,59.40350149168989,-187.841227156149,73.63730589063827,1.102150925535625,0.015753329210229306,1,0.054140002990402024
XLK,day_200,-0.013634509574317222,-0.022429184048353035,0.05716138897275913,67.35890557394916,-187.43275758984194,64.84667889099859,1.0796874668503216,0.015063290520183712,-1,-0.04268556889142286
XLK,day_250,-0.033448812892529656,0.048020845784779276,-0.04832962711379851,61.40405950965639,-167.30910189979323,81.69908955121164,0.8131064335852074,0.014616162136798894,0,0.002548157691156245
XLK,day_300,0.0010920408548200644,0.008012379316545637,-0.05151038187939727,39.98974055425272,-164.07250916328667,39.8689881846214,1.2417876918026638,0.01597374165106164,-1,-0.08228753943460089
XLK,day_350,-0.006371651115378962,0.021128352152998575,-0.014448259953690923,47.334028164609094,-129.8968054104085,61.631034900941884,0.890734812776486,0.01394350915234058,0,-0.00841026547693834
XLK,day_400,0.008753613336483168,-0.005966951070862425,-0.007942723643379557,25.05975662396048,-119.14135293592243,13.470287475011064,0.8237830120807846,0.014429873844580297,0,0.0004192168090860673
XLK,day_450,-0.008680322898154125,-0.01294454395122746,-0.00662122438639845,52.457092383356695,-114.71219812905433,45.744730986812286,0.9578627449391388,0.01400262746484485,-1,-0.03480236131614625
XLK,day_50,-0.04609380366657623,-0.09371359088841524,0.13255982832832736,55.43030593962513,-165.25712657808558,57.25009803804376,0.9769808834141833,0.028320778839561377,-1,-0.0460719452653366
XLK,day_100,-0.008550489411892181,-0.008276704637383614,-0.017983199582128573,35.346800857955216,-185.74981511370672,26.200042230472338,1.1991395100324613,0.02805720591577261,1,0.04102096705081369
XLK,day_150,0.0513248628535905,0.11660775620616537,0.009729715379167558,42.41715865018811,-166.88347508050936,34.03249437321885,1.0698940314366434,0.030246691773395906,1,0.07371102983556449
XLK,day_200,0.0024140415982372154,0.0081050346445517,0.12591506112584594,62.311146994568176,-238.4346036811725,56.22200375671959,0.7619096866173438,0.030022789841951846,-1,-0.02915320531703777
XLK,day_250,-0.055910982773326956,-0.057667630851741536,-0.0012784120266005061,57.9529599551697,-270.3301032574546,56.89893429798608,0.5696922632528789,0.03368527380817712,1,0.06425683928558179
XLK,day_300,-0.0065019385899690585,-0.106459707074402,0.010498733184219677,53.62092734795142,-372.47256900929125,43.866830498963495,0.8120970678391056,0.026426680215462447,0,0.006774630109470336
XLK,day_350,0.011061148460230097,-0.038405715977698374,-0.024752131506978303,36.13955164542082,-295.6444167944453,11.780833176459918,1.0524945673371326,0.02616860078878672,-1,-0.09921574276861514
XLK,day_400,0.03285272515535986,0.10684240169214299,-0.10396409676553531,36.29779478315766,-226.15928110760032,36.05325733261501,0.7536619803516381,0.03206040854732061,-1,-0.08033264508418818
XLK,day_450,-0.0320114769850357,0.016391828119149077,0.018666597676693986,44.37769771388147,-195.4131334376482,39.81984415922096,0.8818508280759995,0.03052684963001449,-1,-0.03774975777791388
XLK,day_50,-0.0058480674760773566,0.08241076918634094,-0.1103535572752069,36.9139657074174,-386.7413356921402,35.16052016803862,0.837392259889817,0.037391216431623055,-1,-0.04750235765949255
XLK,day_100,0.025615573991994323,0.05546064385012217,-0.006705595013322019,49.229659443882746,-374.63692028268565,48.18737066542072,0.7360752406325599,0.03690070959913795,1,0.04688366698266273
XLK,day_150,-0.016009019144703318,0.07337939921114534,0.06501366907879658,62.213169533360364,-456.9801540075383,82.20676520156513,0.743018504893583,0.03731175691019072,-1,-0.02574213343579959
XLK,day_200,0.04399101435524155,-0.11916892897886766,-0.07631671071491852,28.87310782703389,-439.8869204338877,-15.638924922940129,0.9118305457964001,0.03266917281442958,1,0.03571997974538908
XLK,day_250,-0.06056873331822099,-0.037455166836849796,-0.0010324067220609523,39.41489237062823,-409.0428630484731,33.742211091802716,0.8118419659682012,0.03826261610468667,-1,-0.01725651177137054
XLK,day_300,-0.03004956930099656,-0.21810522284449307,-0.338872671650305,27.885141155179014,-264.8997626997318,-11.407537072707457,1.3396479370721524,0.045556568361763014,1,0.07061734605891243
XLK,day_350,-0.031335923464996474,-0.06196328654593963,0.24374433437276388,62.326446781355436,-201.17919778879983,62.250597421063055,1.2089744274187129,0.038007532192942596,1,0.07580646041614118
XLK,day_400,-0.04655159668046893,0.09964035121391479,-0.03932066263848488,62.450991301903656,-156.61760892116615,91.1739003479543,0.7580339975620809,0.04520698010308504,-1,-0.041121667232408815
XLK,day_450,0.020395722114847192,0.044780295594718966,0.18641466725435651,68.23940911080862,-131.27319480637112,79.06320014801244,1.1414858058364432,0.037241864374985736,1,0.04296129156473
XLK,day_50,0.0036636773457572325,-0.03496660322420875,0.02414602696138135,54.460198475874286,-482.8152177610689,37.17441940597093,0.8597913028004874,0.013546633355209805,-1,-0.010347661517846813
XLK,day_100,0.008807923717090382,-0.010950191129860287,0.006096839715740154,57.41580835997649,-512.8263602193975,39.909250158931734,1.235647432489227,0.011825148962840358,-1,-0.025728094568505323
XLK,day_150,0.007176445843395163,0.008820692200699476,-0.056294375343156955,38.917363261862214,-477.19241864588065,29.033172936837786,1.1232596197098124,0.011416011531447025,1,0.012563173841292706
XLK,day_200,-0.0035071643299873223,-0.02523424865267143,0.011159466997610279,42.6803092725394,-501.8850426977006,20.755967857933356,0.8650695815317593,0.01251021158043951,1,0.04758517268485144
XLK,day_250,-0.015801785528248624,-0.04437415740583517,0.061233648752067715,43.806140853504196,-593.3124934658565,42.28529397366336,1.0259625264536187,0.014296452281845536,-1,-0.03494719426906028
XLK,day_300,0.004727648658332972,0.0057780342049307265,0.027092429100611604,50.67321437941343,-594.859967151239,66.70097555694147,1.0827039598054027,0.01436041633786631,1,0.040885004703356015
XLK,day_350,-0.006572895085339869,-0.021055066293853453,-0.0563814043099895,18.919723184837522,-582.3937695181374,10.308400556080125,0.8378919536298473,0.012336124514109384,1,0.021726918571881467
XLK,day_400,-0.014104682033383664,-0.014604549216306495,-0.07515711548663706,35.62590835506806,-630.3120001409949,24.462673147504297,1.0002969012291254,0.011244296288414125,1,0.020304529957172374
XLK,day_450,-0.019180425156757108,-0.059497269428597455,0.04415313602741011,73.12702848069263,-650.4817643155851,67.42991791956953,1.0402885218405729,0.014754680442643222,-1,-0.02055814510029741
XLK,day_50,-0.021219466111263796,-0.10972690849840805,-0.2600528751372092,24.327108950188972,-324.0447031163602,20.37880241890926,0.8128118882554819,0.03925236418583166,-1,-0.09448678306673462
XLK,day_100,0.03892123628850763,0.01174566614212158,-0.15173012293308874,27.086012650625193,-223.9385810588621,13.52403770303309,0.7495566495914787,0.028439361095488315,-1,-0.21485063340453264
XLK,day_150,-0.01743661038455291,-0.04308003535476079,0.0013685667987091144,52.51179104835306,-168.93449964189494,54.61193598838031,0.8848497701945003,0.03253451305515947,0,0.00531268704952436
XLK,day_200,0.04396361411958538,0.011326864393047975,-0.10384188112407677,22.728874214110732,-242.47874689693367,14.753708395129445,0.9265220286654504,0.03548745342037253,-1,-0.015367599004806108
XLK,day_250,0.04833345830329905,0.06081963428722559,-0.005778820457285616,42.918971807219044,-259.7973179350287,43.713550771194015,0.9849893253676598,0.03652510713914087,-1,-0.08590595699512564
XLK,day_300,-0.0008623128782672129,0.060699069091642244,0.028869612121911414,51.685126563065275,-223.7384445689676,74.19491074941556,0.6476231888271534,0.03765255894873494,1,0.07585651610114075
XLK,day_350,0.040492127330181704,-0.01651721485340174,0.231885769168799,65.48420844043514,-305.97243090169195,62.651200129809794,0.9824093906798071,0.03300907398821562,1,0.061023248718904376
XLK,day_400,-0.009468984951901738,0.09230239792255168,0.14797189908805564,52.090114968334824,-353.4651234574252,88.87858344758949,0.817393831253998,0.03423985614911697,1,0.030703156772585474
XLK,day_450,-0.013824650903225044,-0.09874977463592516,0.0637729186537106,56.570017019270146,-285.0605318385056,52.056982583784425,0.7686581707718577,0.032260772005180245,0,-0.007305535507111215
XLK,day_50,-0.04629879990276198,-0.008381165600683138,0.16914793357669722,73.0108441165666,-240.02666387025744,87.46169944303188,0.8627894507393664,0.01824449468047731,1,0.08035723720105373
XLK,day_100,0.025670753115263123,0.019975698071060366,-0.14707498137922093,16.55099284727291,-274.9007055849012,15.36820946562259,1.0527351789910773,0.02621688009840356,0,0.0006104728007879327
XLK,day_150,0.04318326833722885,0.07186245501664534,0.04047742640604102,59.540382156846704,-253.0631324099937,76.64366557457281,1.4642264197634065,0.02290236320032282,-1,-0.0268170969253166
XLK,day_200,-0.02338604000313249,-0.0525743840040761,-0.10177717930729036,38.92368076658863,-240.16605441008352,12.231028994151403,0.8004608970932244,0.02471762732257226,1,0.023130194112765692
XLK,day_250,-0.0021529745421714486,-0.05485835041056519,-0.15541384031149064,36.832743580180235,-168.9810224169722,6.285856047714647,1.1385727146848879,0.02610372559174025,1,0.06661955124231027
XLK,day_300,-0.03190885963423018,0.005797976576861874,-0.09104589505672123,46.20494535165508,-135.52336302117368,35.6260150841813,1.026210176473554,0.024141750061721992,1,0.04180287101782468
XLK,day_350,0.01038596121211044,-0.057472902387197156,-0.12042242076523202,12.04670430777162,-101.38022847097692,-2.0388212827223877,0.9677788658347858,0.021227655427045074,-1,-0.1040092277052653
XLK,day_400,0.012298686023385796,0.01806790188973406,0.07857084480312815,59.516459853502155,-71.76969612250281,72.57568264009798,1.5662210264012064,0.026796528559742606,-1,-0.03545290952470242
XLK,day_450,0.009683425083307329,0.10729273918479709,0.1275912890189721,68.67470085955402,-78.03414923041343,97.6684939565957,1.3986779960182745,0.025580932463382184,1,0.04281470817377905
XLK,day_50,0.029038550162785004,0.08323115664396652,0.008142150219887956,49.13312328847883,-54.987062163252624,44.483899306576234,0.8835142623379142,0.03130649497624791,-1,-0.03917874161709185
XLK,day_100,0.006075536349419375,0.012815501848746802,0.057171846693591544,57.37079435922809,-49.38771193843974,62.61049972937557,1.2734554937835385,0.026091915161203263,-1,-0.019670840500345923
XLK,day_150,-0.02929097593203389,-0.11601544690962184,0.020242953151956344,44.681720850572475,-51.855257040168986,33.1489392782033,0.9601732239907722,0.02856834890619468,-1,-0.10927764303343243
XLK,day_200,0.035427129289972825,0.06268085715255123,-0.05591557766668431,32.54484161972587,-43.04835379893209,22.54903262645552,0.7673896126907521,0.02984394304566394,-1,-0.02008883150801723
XLK,day_250,0.02089387754494476,0.06471058040727562,0.0057474548093097155,52.79606431597503,-38.58768351902171,54.50706665049571,1.122620860165624,0.03441535056806194,-1,-0.02500998526883209
XLK,day_300,-0.02233586813377164,-0.16311594612680747,-0.1970855198371233,28.320677084002142,-38.30944231011633,-12.015947903858166,0.7379400449188929,0.03164783186892067,0,0.008613810692622023
XLK,day_350,-0.012367421056128203,-0.0856458183226676,-0.1901918304185628,31.664954545151843,-31.909178764728367,3.9683320106991355,0.8352155317825518,0.03130937338716147,0,-0.006244386771072187
XLK,day_400,0.06153187524639647,0.09740127192960601,0.1172127516937056,60.745549909460465,-26.937444434560163,79.38975610953523,0.9967241861459805,0.02369100378362314,1,0.12146687554016393
XLK,day_450,0.00046962677174167133,-0.04670181794900674,-0.13163897670472768,31.411177861146868,-34.68867207865848,10.399690108385286,0.9389634881014902,0.03247620978179115,1,0.07341517834460337
XLK,day_50,-0.04504018337794835,-0.011242812052311368,0.13159358384124387,65.22640434549372,-369.0611318320362,91.33911319889194,1.2656061306789617,0.020594021860442593,1,0.14556643142450545
XLK,day_100,0.00480503297912982,-0.022507105849112308,0.1626156799122105,59.68436351616427,-544.6737926746697,69.1012870354517,1.2911524145663211,0.025275976374432917,0,-0.006144837606159738
XLK,day_150,-0.022660703563462947,0.007308171279506004,-0.08874473319745091,48.59316241754951,-581.4747538081,55.34922838480531,1.0816596542102583,0.02416599495343186,0,0.006682986395346032
XLK,day_200,-0.015224733658757539,-0.007583902385093766,-0.019360452764764058,48.07921201998544,-611.8035303762599,40.034470902572764,1.1750147241969284,0.025895634775045345,0,0.0009766596137156514
XLK,day_250,0.03693399562413813,0.08786286719530634,-0.028770290366031737,49.0263088364065,-630.2109073009342,57.89227675013586,0.7945609484865085,0.02288905582621279,-1,-0.028034984735150658
XLK,day_300,-0.0021194849237881064,0.09778194544719931,0.10336463171424848,81.74644905843917,-586.8345766321008,125.9843668711483,0.7890714315581508,0.022738430264146643,0,-0.004206459143315817
XLK,day_350,0.07583751624496693,-0.04873581641524505,-0.08266370548330004,28.281405581834065,-565.4368638679995,-11.672479248024391,0.9470315246764889,0.02412398664955343,1,0.025903496034146108
XLK,day_400,-0.01090984547553464,-0.04718836583617436,-0.03451431722359222,19.31534913141445,-541.0217759942274,-2.4655686229182927,1.0226892888712062,0.0207726511319812,0,-0.009721531340022137
XLK,day_450,0.008015053125325355,0.019975697593030528,0.16808688185143628,76.09557717028058,-572.6445440642086,81.22806323633073,0.7946238899338537,0.02520832850360154,1,0.017912526212890995
XLK,day_50,0.011382092318308557,-0.07230984858871325,-0.1669695180161469,20.68224744048416,-394.01052253142075,-0.47037905508345396,1.410905054820376,0.0164686412527932,1,0.07995511565339561
XLK,day_100,-0.04628159197250237,-0.016325006813335707,0.018267355272307606,41.90531467118676,-347.05099054518314,50.661955290631646,1.1266804866596547,0.0236811940772613,1,0.018993352659267226
XLK,day_150,0.02383167726664559,0.04194034521685941,0.1669407289020517,70.15102917525937,-385.0773103185249,89.09943630688275,1.0278439586319952,0.01836842992198168,1,0.03262945941495359
XLK,day_200,0.007910138889672735,0.0010208645051954512,-0.025977689939763238,33.49130971629518,-473.6186631455202,9.998128664444437,0.8398111683973013,0.017765497067926763,-1,-0.01255415156706144
XLK,day_250,-0.01195115092099397,-0.01824500150167807,-0.024939381145784312,57.88611742353294,-526.3615187174937,54.89410710206888,0.9237891979009731,0.016996523393001953,0,-0.009168406371542738
XLK,day_300,-0.00605784559696898,-0.01808468881460068,0.12259200343471455,49.15087381473534,-541.8060319896343,59.99397013240168,1.0594061736622669,0.019594403949426922,-1,-0.044191313363799126
XLK,day_350,0.0015060156264923297,0.061543343094107916,0.2232012304367248,88.8786088112236,-566.6548080496253,100.08337633079694,1.048666854495837,0.020467911971922617,1,0.03723258274465701
XLK,day_400,-0.009436185437357691,-0.042656195908470584,-0.023639461998131495,29.92073909084975,-672.7208518603171,7.8920426130402825,1.2835882047634612,0.018308274529699076,-1,-0.044008050510508115
XLK,day_450,0.008242204538357223,0.06961467926472453,0.22840487787306163,72.58642828957446,-672.2796236314969,94.80142145436474,1.3075559859861703,0.020521745645526227,1,0.011485740514330368
XLK,day_50,-0.035067456454957346,-0.16613899139364974,-0.21434793349506587,23.030571039907457,-106.50777314923636,5.603094405498344,0.7447828268267632,0.040448144147302405,0,-0.007276984379443167
XLK,day_100,-0.015628402206663727,-0.08549113772543782,-0.04725279895126433,47.59456003627674,-91.21771680312882,46.20873280574103,1.2584419753308527,0.03596657490097346,1,0.09233905259401454
XLK,day_150,-0.07378387515720453,-0.13673630616656418,-0.2103260952224112,28.56451592730602,-81.03503785093595,-11.273085071484415,1.154472218199437,0.0345868659044947,-1,-0.05436893200193349
XLK,day_200,-0.015796267099459138,0.048855385579811283,-0.05071106887992349,49.89801976004348,-42.957088399559616,56.06873752605508,0.6119603007622384,0.03457431378884748,-1,-0.02755780439107083
XLK,day_250,-0.052432834267035044,-0.025703297606311182,-0.027820815910443164,48.78140932719352,-35.93500384433523,58.98040936490453,0.9041995018220386,0.02907649908663962,1,0.023490679415032654
XLK,day_300,-0.002831636624412881,-0.11628864246813075,-0.037087295079052285,48.64448100625835,-33.19797926434523,14.759100601685079,0.7957584980502118,0.031965120259151124,-1,-0.15589286112735654
XLK,day_350,0.008663555905238152,0.010456395580968447,-0.18795829896922278,33.376918807958674,-15.370885188694244,30.40668632818273,1.3267390872683107,0.03422533243215091,1,0.08928493111129503
XLK,day_400,0.06447911130067419,0.07713862989782871,0.12648348180999291,42.38244283541929,-15.852941953110662,43.67629566685329,1.1933212261605577,0.02892615119930917,-1,-0.11390817286401847
XLK,day_450,-0.08004087233033863,-0.1607705838998934,-0.2969909330030718,16.942824283995904,-13.003136518242174,18.298010132411736,1.0764864767891666,0.03954371246702929,-1,-0.027884004667550824
XLK,day_50,0.02241643199950838,0.011749185717956134,0.0992774563818839,51.25098904048142,-178.07176221883313,47.78837938649589,0.8886879490380871,0.017934446913705986,0,0.0034798047144524243
XLK,day_100,-0.03011686361220045,-0.048750331046132134,-0.10994130444459616,29.692761394218323,-171.4052117130526,16.71916213920656,1.0165825115165301,0.01860742474334659,-1,-0.018738663839736814
XLK,day_150,-0.008019278155159348,-0.033067605177295234,-0.03674291195562451,46.62241663603349,-157.73181774314932,8.946861962627771,1.009022820467856,0.015869754184722216,-1,-0.05694913372185254
XLK,day_200,-0.0292752947193764,-0.043770157545104604,-0.040254152223475725,38.48951138721783,-146.96495145005522,15.214916123819112,0.9225805114684807,0.013179631446183575,-1,-0.07622036536154643
XLK,day_250,-0.05188605127143331,-0.012668817882545147,-0.15682190776574434,41.533802495162995,-114.85950271700456,39.81705302585154,1.0049485475401854,0.01958606890470755,0,0.004495265946538543
XLK,day_300,-0.006101337717737576,0.06358127191154983,-0.0595300872738137,35.01141667994237,-108.88801764311698,44.29096689641524,0.942509308494316,0.01629446693006053,1,0.10825523867554894
XLK,day_350,0.017753289454794263,0.054455084906810614,0.10497665247565657,61.81049262727328,-116.78456096413008,91.75311491583393,0.7479773453377718,0.01567942723088675,1,0.09930851359304961
XLK,day_400,-0.00491036194742156,-0.003211737480765531,0.01617525176644774,66.21769937170538,-159.37662183705464,70.2620328752676,1.0771547778313015,0.017703608069852994,1,0.020398931879919906
XLK,day_450,0.009116602543705277,-0.026451499009972568,-0.05249697906159645,30.940297831115174,-160.7988351678959,-7.250556970955158,1.0403285928409094,0.018983819641735643,0,0.005790203710014046
XLK,day_50,0.004887788731416709,0.003481842533616497,-0.019497126350738858,44.38430327229342,-419.7296043144894,40.17243660316929,1.1808541585710404,0.01262830654100414,-1,-0.025244895652252988
XLK,day_100,-0.022433344019689216,-0.016047900283747363,-0.019559432725162584,56.4680726681113,-474.4607343398631,68.73774562952588,1.1403414046765465,0.01154281757446947,-1,-0.050726831029421444
XLK,day_150,-0.001206534151093952,-0.008261798195437264,0.05420270757874346,59.975270820890756,-471.08393447693993,75.75620770251275,0.9268856010790051,0.01389188580578096,0,0.008324994110636202
XLK,day_200,-0.006756744921205482,-0.047807728297810326,-0.13356626115309445,20.559550121970616,-439.5761209335719,5.899410840409865,0.7114716243722407,0.014720985418012849,-1,-0.02635216192774779
XLK,day_250,-0.020937120603335746,-0.04246922533487962,0.004779355153563758,63.600860440158264,-398.33604357341653,65.11157461967083,0.8799184467838298,0.014020104811967282,1,0.010743490419815122
XLK,day_300,-0.01329649380115172,-0.032070795912736094,-0.046169913539821805,42.84934611979616,-374.8977862308169,11.367743769181862,0.9673905286625258,0.014224005980243844,-1,-0.010975407780255768
XLK,day_350,0.014499041449568706,-0.029375116982333083,-0.02040439956004203,33.42362596280083,-334.1572170091283,2.354508445877748,0.9652867487054678,0.014306438539096852,0,-0.008728278256614517
XLK,day_400,0.002871317300646492,0.02031688236494178,0.014982310985525604,55.61021954599056,-304.71837250599293,87.7357083810819,1.067679053382521,0.013420029362702198,0,0.003988099149572126
XLK,day_450,-0.005765079722513722,0.015534206773320625,-0.027649875561848947,60.730978329142616,-292.0514619490073,74.85323273474545,0.7709287055003181,0.012740072669865122,1,0.040125342378323055
XLK,day_50,-0.053612246956814213,0.020110790521528532,0.3218107346438108,82.55755534342964,-211.74934322947473,88.59458648269887,1.3132696600603853,0.02926402513164443,1,0.07732634966660008
XLK,day_100,-0.01675011124428294,-0.016608047569064754,0.003951758135856354,51.216140821576616,-298.3370201869385,65.65274892590122,0.8693679790421591,0.031058142330373597,1,0.03331885899197522
XLK,day_150,0.014623607814620021,0.025016584048744184,-0.08702009827505885,35.48886973135025,-328.75418091166495,18.159402542900096,0.7066381310040983,0.028933151089158757,0,-0.009197875034114757
XLK,day_200,0.022012147729569387,-0.05690284941324597,-0.04075827639982743,40.27783106654747,-295.24619566164785,9.41909274886702,1.336000833965322,0.032289623375149054,1,0.10386328025043051
XLK,day_250,0.06421203506039141,0.06780449220412121,0.20327981531934847,52.96891545551489,-308.83043544758414,60.44034233192056,1.1595964604065807,0.032345818273900394,-1,-0.08127064944548827
XLK,day_300,0.04129661677220242,-0.04030202391121229,-0.26438306389846356,16.310621084759873,-249.08423787176116,15.151438441766373,1.0223164819598234,0.03739365342058092,-1,-0.03582225194312498
XLK,day_350,-0.05188699018804077,0.09134645235710859,-0.07185721859720395,65.61356743155554,-171.33434319635086,94.33631549012863,0.6923567826839941,0.03536852020854664,-1,-0.0737961579831412
XLK,day_400,-0.039283948879560104,-0.018476086465964325,-0.23103132335002774,31.562892707128583,-157.32233817735946,27.200982836035063,0.7084130727915429,0.03369353663453672,-1,-0.06931395059515924
XLK,day_450,0.025126518598591385,0.059419928336389205,-0.18702723992097636,29.759522624691314,-112.93713973940446,32.30579145861508,0.7371890397362977,0.03287543909510807,1,0.03534331257280544
XLK,day_50,0.0317773760193969,-0.006309235209484121,0.01707023538625685,55.03559522953139,-233.75947203431855,58.02295739449548,1.3196411732477824,0.017388442259296866,-1,-0.010313740282015418
XLK,day_100,0.024008182944875944,0.007892344768840598,0.03523690205350549,46.766164358890855,-250.29327642413617,51.10212714084882,1.3338629288653734,0.016927194881727357,0,0.0054381623109770105
XLK,day_150,-0.03221613583256411,-0.021273562278903535,-0.06854977864740108,55.94827885612689,-257.2285926179263,49.656578029282464,0.9001293745122357,0.015296782850614544,0,0.0036983496821979124
XLK,day_200,-0.030734570752698587,-0.058237164238549965,-0.032460684689458286,47.43817675119822,-222.78288604072998,13.827490366692071,0.7797562105732913,0.015717528223061234,-1,-0.034474061955818744
XLK,day_250,-0.002685925167486447,-0.06101354935020831,0.02180216025637227,50.871614190927005,-246.09721871015213,34.244933346704244,1.0387703516625153,0.019894658677444537,0,0.006749050310116483
XLK,day_300,8.188419261090374e-05,0.022497676182215542,0.09335692235041804,75.67773189603027,-237.19537133296782,90.73410340271846,0.9245341417269298,0.014803949095889299,-1,-0.015377361095566245
XLK,day_350,-0.02444803868431411,-0.02634125980767632,0.0027325103218029945,58.93098914923629,-239.6332157527871,81.41149500795241,1.087528335612726,0.016291163344092377,-1,-0.05888232420990498
XLK,day_400,-0.0049571042111087316,-0.006125870446078152,-0.03735583844897239,46.11669027338034,-197.0121913844347,19.292821920176866,0.8417863444139803,0.01699630253787455,1,0.035316976076035664
XLK,day_450,0.012972864396608719,-0.0542215166978518,-0.1102938331247636,18.304093157105086,-200.83980647714537,-11.890335853043613,0.8646671769332162,0.017651925654474276,0,-0.007745358366726837
XLK,day_50,-0.02170312660960827,-0.053990188179379395,0.10447490969064654,58.776896760052026,-381.49773209470044,74.11586024580237,1.1646199391558572,0.024421983636792332,1,0.03933900725995704
XLK,day_100,0.03436387288607623,0.10455858318078248,0.13679726410340232,75.3770700890256,-350.5379238441937,100.87081337739528,1.152466796571718,0.022238446014323645,-1,-0.032943844064046025
XLK,day_150,-0.012966280177515999,-0.02345998662028892,-0.11010497825083687,35.475760933963656,-354.1976099334149,14.905266099735032,1.1874966119230523,0.02184399039802871,-1,-0.12784553819676803
XLK,day_200,0.0038875044947246362,0.020111219411679704,0.016496682556717657,59.60654462348608,-279.9111175795788,62.53869605262336,0.7300617458138423,0.023772867992575115,-1,-0.019634801332278348
XLK,day_250,0.004323858798490177,0.034201004503058074,0.14159009558300184,51.119151477481196,-302.3672613730388,68.64230927653064,0.9457851387837798,0.023692924453759333,0,-0.001296385725946687
XLK,day_300,-0.01853984950759502,-0.017252076229700153,0.14882985448844543,67.10785270015238,-370.80462687417594,85.4783137393086,1.0917724125648631,0.026655708470872442,1,0.04942811126280033
XLK,day_350,-0.01058185278959689,0.021207477578380818,-0.08959541573223795,37.92327812268785,-436.57891169936204,30.51636322624362,1.1001459935549316,0.021665312681908775,-1,-0.05793617099900704
XLK,day_400,0.004376197044966723,-0.04331584974395164,0.09512631347975686,61.45502998449589,-335.50353859605434,63.09119519753076,1.4331857565237363,0.02696270474712828,-1,-0.014030090579948168
XLK,day_450,-0.011704593776758476,0.0009108061847038496,-0.13900036692403417,36.73434756466986,-303.2591601527327,31.167271314156764,0.805125676641073,0.023561258203907677,-1,-0.06767550054095613
XLK,day_50,-0.0386977880462096,-0.13820571820227034,-0.2556428608020579,5.73743676426686,-220.53135257405492,3.178984389351243,1.2451600274836516,0.03114326744612944,0,-0.004054606192707108
XLK,day_100,0.024677886486029976,0.08812870789520555,0.12398857647736339,71.97639067761304,-156.1065398962012,96.73942178303369,1.0188165373355271,0.035874327871218144,-1,-0.08851539230163871
XLK,day_150,0.012317827139205262,-0.08589248210908706,-0.1004860520303269,33.90273119962194,-151.71789241114,-10.73310008433783,0.79660286855604,0.031970304960911675,1,0.07133398848691926
XLK,day_200,-0.02050045565526326,0.035331459718559,-0.14586300141625197,37.733595767869,-199.6567950382913,42.32788434805918,0.8552436785982224,0.039178923701890446,-1,-0.010624197164548783
XLK,day_250,0.03044520572403986,0.10599267514053068,0.07900245456735822,62.58685944695411,-155.2601012183541,106.04812068390737,1.1112298391145676,0.03827203885874838,-1,-0.03485939451615587
XLK,day_300,-0.06765334341688356,-0.035942114332551456,-0.0809992899155253,71.19260776496776,-156.95793447705353,87.83051431151391,1.067295061142415,0.03743637155013313,1,0.1829165065444329
XLK,day_350,-0.005974600146871678,0.005303678006802537,0.18451632915420202,60.91195512794716,-161.84345860453976,61.05591741883673,1.2411964199550196,0.03860688055632661,1,0.026784240744460692
XLK,day_400,-0.00818019711790996,-0.0020437435306176477,0.2568098158098031,87.91587547486716,-212.97016128589658,84.57049155122253,1.08691683854852,0.03599615735876437,-1,-0.05728211441684372
XLK,day_450,0.019777676975332614,0.0038328961282654284,0.09760646265943951,63.02365069754269,-246.37781530905295,62.463808939352674,0.9368137239547375,0.03491674387638485,-1,-0.012388912599797177
XLK,day_50,0.00793897599329707,-0.02413484529665999,0.0876934693521636,51.8060612023947,-459.37179263590207,54.72330112496849,1.1149045360850867,0.042372886766278435,1,0.07592012336304416
XLK,day_100,-0.07133388717206601,-0.04531370216126507,-0.005727702924766431,49.09048356081939,-506.91936497788674,44.59443405617322,1.167134314622984,0.035395986950163556,1,0.12474251170189529
XLK,day_150,0.03123433014636179,0.10177365476837474,0.15224056030518485,40.32758121621786,-403.79564055674484,45.97962658809955,1.0858165633911065,0.03888730816264154,1,0.18633112312025543
XLK,day_200,-0.00797730009752784,0.04615155737043164,-0.06706032294472475,40.9084628147058,-566.9742033991929,42.11813962155585,0.8850828948050595,0.03137396881823587,-1,-0.01831831528466321
XLK,day_250,-0.027853796407095954,0.0025362931379449005,0.337315367843549,74.63438105448468,-637.3928487002249,84.77627055894597,1.0700225628799083,0.0386878572720594,1,0.10339788062870149
XLK,day_300,-0.03606492158027619,-0.05903745129405402,-0.13592641128512972,47.926771656684984,-669.1511263637938,26.269006367481566,1.0050577409742394,0.032900869969933216,1,0.010706890506562228
XLK,day_350,0.03328505391696113,0.07552593690918141,0.16080795061180964,45.001106824979544,-795.8637830009807,69.45241037244023,0.7942815031498377,0.03150166962822324,1,0.0579272663096533
XLK,day_400,-0.04377772324688278,-0.023721100022182418,0.06733080661144619,69.71831130933643,-928.1933233749553,86.26257852692922,1.0564785817035571,0.02700901537352493,1,0.0105162379750644
XLK,day_450,0.002784454488786503,0.10163164156555227,0.24786927635156975,68.7908487988683,-1237.3934588987656,100.05145762181469,0.7533058046678026,0.0308679923075332,-1,-0.053102310535962226
XLK,day_50,0.03314871660208829,0.11775210548081683,0.027135171889764997,75.14485928340332,-293.51576002723493,85.57448805704568,1.3000093177095793,0.03639692667897762,0,0.003776062677728709
XLK,day_100,-0.014770375462064611,-0.01461211036474086,-0.2158076378576812,34.95044221796056,-254.09617280162607,27.866867100880217,0.894208677040782,0.03060910216448963,-1,-0.02577444030193426
XLK,day_150,0.0028180165807016877,0.02246054189433422,0.055765542601203144,50.30912832468968,-199.06251781853183,79.35161249005095,0.6701126125961834,0.035323326767100365,-1,-0.028325534112892577
XLK,day_200,-0.009435941267306958,-0.0831517965808577,0.11795318217590545,63.433687067685675,-221.21783979030465,57.44487777294853,0.917335217262076,0.034443362049773406,-1,-0.01625920067951603
XLK,day_250,0.03997065899369856,0.006349230155698882,-0.18170328971059913,33.688952405860704,-210.400018319951,18.40874674230767,1.0173532005702248,0.03734028898303856,-1,-0.11832191658354442
XLK,day_300,0.02249148978947213,-0.16056756254809645,-0.26848610715635557,24.016148903008514,-156.54198754239144,3.535644580989895,0.6972386468555082,0.039712463502253145,-1,-0.1239379260541765
XLK,day_350,0.04811218579968424,0.027513058255839606,0.03514123753973353,39.02701664963907,-130.99328598278245,25.949272733198654,0.9183775410827253,0.03548131951206338,1,0.10897288371533338
XLK,day_400,0.03557734734366158,0.006635368130901931,0.18187229667266935,64.67729034579098,-217.20886417389568,85.55288024345735,0.8998405777622601,0.04098926021332236,-1,-0.040500004901610605
XLK,day_450,0.11358121794548426,0.08929113950597078,0.048460951819134346,53.836608936044335,-155.8827660958033,51.26636332477934,1.00105315906561,0.04301235937083354,1,0.20038193201952612
XLK,day_50,-0.02808582620630984,-0.10491622951033608,-0.16091770739166633,21.618927208375226,-80.06973025811946,-8.508847690647492,0.6492669560908945,0.028315135512395298,1,0.03147969130258441
XLK,day_100,0.04008025199248233,0.07784242667329089,0.0022121686470757407,49.98576467482475,-67.09479723246596,62.545992280351385,0.9264211106129862,0.023548665082121795,-1,-0.055806162154642895
XLK,day_150,-0.0420145222721483,-0.009970554429350797,0.12663628358203538,82.55510610563265,-88.24074600115908,87.58512638232752,1.0040715584323234,0.02848454867433164,0,0.002182637690994021
XLK,day_200,-0.011932945306934895,0.06062772524619242,-0.1189527421145824,50.8208784071922,-78.49476879993603,41.15251005751732,0.8803511683335761,0.03043393158157551,1,0.05210526020863649
XLK,day_250,-0.06251471501238592,-0.12722613841455588,-0.12105862023491099,28.76792054568014,-75.7207732120541,5.253252055383665,1.133085033500962,0.0258410165371246,-1,-0.10905134342636173
XLK,day_300,-0.02306031744492887,-0.011228800762376534,-0.13072900965612155,46.37312265358128,-56.55037129748394,40.169366178683156,0.9330013699242566,0.027307897980195974,0,-0.007193142721867991
XLK,day_350,-0.02692285489091728,-0.009078235102360721,0.1750172438576374,45.72061902965642,-49.29334368041205,62.72322000175631,0.7685893307950433,0.026934127568967587,0,0.0005011093841857857
XLK,day_400,-0.02565233357486718,0.009691564568898414,-0.0656036079794694,29.11974477768611,-49.591818153271035,39.884034087456826,1.209199442199152,0.027214324693160288,0,-0.005801793081877542
XLK,day_450,-0.011601799950355707,0.023532743860370076,0.24814750162378152,79.01609207983536,-46.05625636057137,97.51344460328909,1.1187069154212284,0.025971072538598133,-1,-0.052469635248473534
XLK,day_50,-0.03448379818950842,-0.06253001786758627,-0.12483060591035766,35.368637244557576,-207.78088089700128,27.147200807458944,0.6792878770170611,0.03523396640089323,1,0.029538011817420995
XLK,day_100,0.04460972608657121,-0.009003624957778733,0.01095548617238351,44.04726561450974,-201.75608696692285,30.22458090923624,1.033546040220957,0.029081983570855896,-1,-0.06461104897968696
XLK,day_150,0.03923609328044231,-0.03573251018696866,0.20272346495461524,63.86242313708581,-279.49761009925453,58.34508855632392,0.8222657565826288,0.028374921651088295,1,0.12631635934865967
XLK,day_200,-0.004893843555206834,-0.002622846770452103,-0.09274192321533636,42.53798701324902,-313.3805906355752,45.65553873463273,1.0789062368189595,0.03239421418290156,-1,-0.08711478155582228
XLK,day_250,-0.004123591674872973,0.142055704362136,0.1307067273009508,71.78397828207027,-222.87523697526058,104.12005570414293,0.8644031492264144,0.03433464319318239,1,0.04144109383843885
XLK,day_300,-0.004193097106314325,0.10289009960227147,-0.1227195605856386,36.824592091117054,-264.2589593434679,40.346691612574546,0.6898026098639158,0.03515613871768691,1,0.10907839098264022
XLK,day_350,-0.08036819855139776,-0.15384610038569535,-0.27572051913328033,25.910776082347894,-236.3757828942128,18.516839488221493,1.2026684381205224,0.02865041522011567,1,0.018323002417106972
XLK,day_400,0.005799471128669298,0.06469681789267456,0.1393415464650687,76.5066307391164,-299.87382475162985,94.9896473521099,1.337618651046744,0.032527305002504565,-1,-0.0646602479476273
XLK,day_450,0.016565332828350154,-0.05722857240721946,0.009882728349490666,42.749048182174626,-272.8652143350659,7.4342468642379105,1.0207034839767595,0.030127974134603823,1,0.041473144846977186
XLK,day_50,0.014454508759897733,-0.0014562913559743595,0.044004770138212246,50.187345247361115,-578.6606371316169,46.06002214370146,0.8638191555960629,0.027315648495745744,1,0.0457241497004268
XLK,day_100,0.0009758302252524942,0.09466341053575378,0.1629831520453866,64.77325419114652,-735.3701776521258,99.60654014707757,0.9740832828784607,0.024542667320373836,1,0.08008308181435436
XLK,day_150,0.01664822997543358,0.16914827899877793,0.2058775196920668,68.84836196251439,-803.5377942036664,116.46760700233074,1.0361999066142666,0.033070519008174794,1,0.07241186956335799
XLK,day_200,-0.018481521824888825,-0.00788346937342399,-0.08233278360893448,38.094300540321925,-894.1098930629954,41.03035539480568,0.9561228491900837,0.027583135657076777,1,0.07073727798346591
XLK,day_250,0.03292777619419596,0.014805529139074514,0.17336221336307367,62.66459640313602,-1017.7980965176599,55.92657829770224,0.9864124933833003,0.02564731468864472,1,0.04974450855490949
XLK,day_300,-0.04530816298434903,-0.012523717418318814,-0.12692024314840678,45.54539179136235,-1050.8902107886252,38.247083556752585,1.3601757860078567,0.022364377578978523,1,0.0818548197808969
XLK,day_350,0.047525302664997104,0.15665799305163386,0.14781981088000795,66.55853864977314,-863.352903958139,108.25472159428307,1.026088706937424,0.030662368297852117,1,0.02199923157659768
XLK,day_400,-0.021160488486572815,-0.0015178567780772534,0.18656568644642335,68.088851082457,-1230.4735217999835,82.42171340367189,1.4522419690579773,0.02419199496632108,1,0.1766164602522082
XLK,day_450,-0.004724133591740953,0.06105863917840337,-0.051339516249818584,57.05052546118012,-2047.4078682895583,49.49505832980787,1.0141224249014533,0.03017324094506174,1,0.12596841453291863
XLK,day_50,-0.011447125936339453,0.01141075204748776,-0.02629368913611274,68.90519819357199,-188.8025080019092,91.49719775349872,0.7668461546703949,0.022546617858488417,1,0.06421192711510781
XLK,day_100,0.009867044668969704,0.07142326519743891,0.1357429867661577,68.87904265244029,-208.7428845952792,118.95138266511817,0.9498034048523871,0.019854715073327624,1,0.024689421213047524
XLK,day_150,-0.02987163389697234,-0.005512679179385249,0.0514854413659831,78.2118993978427,-247.84711804295102,88.85447776227402,1.39231076830259,0.018921781332923368,-1,-0.030512628978249526
XLK,day_200,-0.0016836627634234658,-0.06679800792431656,-0.050112888784693,31.228174579380266,-251.9914048133986,-23.109515298321067,0.8793016287016285,0.019517857247133192,-1,-0.011066325253955386
XLK,day_250,-0.009077411720810669,-0.007068539766967863,-0.09959982228040964,43.10358023366781,-201.96189634572087,33.708364107252464,0.8304685422191633,0.018917693708111524,-1,-0.07222789814830341
XLK,day_300,-0.004324510237836643,-0.021332799177626538,-0.05450094664078764,36.60860462226287,-178.01744352407357,19.003187166506113,1.0202083746602524,0.019480484416051495,-1,-0.03871832672576411
XLK,day_350,-0.04245741863554975,-0.03297941363127521,-0.121605563089908,41.941153378354535,-154.58655326008613,38.889121727220385,1.4111534229467388,0.018782707394677346,-1,-0.04351340907753848
XLK,day_400,0.00738041014904578,0.05380699843131165,0.10989783649105878,67.1947672804089,-130.21657632624928,108.42545381548283,0.9185064711288338,0.01937331283641071,1,0.0534858991034387
XLK,day_450,-0.022966639111898446,0.030154846551458725,-0.008768301854398697,56.23083786270192,-128.1270831804161,101.13641356280614,1.0181192035119793,0.02072052578388039,0,-0.008316640285418397
XLK,day_50,-0.005350637321854368,0.04583980262949594,-0.05875028867693277,47.47870411398783,-450.16240826856347,28.096977014244196,1.3869398300214606,0.019522149374882704,0,-0.004749676364287817
XLK,day_100,-0.030807706846079363,0.014129476638808258,0.07900409901594374,68.10588087274922,-534.1749625769961,83.94483179072454,0.6470935378159273,0.024234906508256146,1,0.05445181103560414
XLK,day_150,0.04351225977697726,0.08752475547810779,0.005582401686595073,48.63828317817208,-507.3267840633962,43.07012506801718,0.9498259197302925,0.0232796524432496,1,0.03769463930079278
XLK,day_200,-0.0057699728031000985,-0.037711844766951,-0.0116978091026676,49.903673990098014,-603.3646099175153,31.02605881794449,0.7401002210819309,0.024149770101288666,0,-0.008624236106853048
XLK,day_250,-0.015113687076908744,0.008027745218955218,0.003862220316124265,66.12904106735732,-563.3220671163865,101.81804040458636,0.9100961169313784,0.021663858744965174,-1,-0.04036153398138126
XLK,day_300,0.007347485380554186,-0.014225198643134207,0.04881699917072169,46.88731797997729,-629.9930055228492,39.79296497952253,0.8680853735353979,0.017081589524927582,-1,-0.03077002256878335
XLK,day_350,0.012043779353914541,0.0012480552222933206,0.10044973580855632,55.38256612690087,-715.0587573316931,64.94177810434681,1.142678768062743,0.021541970283000804,-1,-0.014324582834553626
XLK,day_400,-0.002959975550777094,0.002813985493684612,-0.1618513985943466,34.22187758276807,-729.8035743912114,26.242189251465835,0.853802412601291,0.022116434108936316,-1,-0.022855270081142656
XLK,day_450,-0.013066905710814258,0.07062670121607995,0.12806343727444203,70.51880580479995,-677.4106980898124,119.86451806138653,0.9761318040091458,0.019981103950626026,0,0.0014236583724479986
XLK,day_50,-0.019639970095259418,0.014828919211280045,0.004221494247607094,43.97181178446599,-446.1216038511762,60.19524540909362,0.9511707229474122,0.04006340433033578,-1,-0.0345536399982749
XLK,day_100,-0.06840034182369414,-0.04333721598333529,-0.025656325387250822,80.73911527000384,-405.6238885034628,89.07740773516309,1.2005117534822067,0.036833300801127566,1,0.1291749789648073
XLK,day_150,0.030963083653228862,0.0899572520774572,0.015804213509254428,46.93044739308707,-331.7559478662383,66.67202246410982,1.0456897644745133,0.038715018277148516,-1,-0.051741373698824276
XLK,day_200,0.013459142584362871,-0.03722091703373842,-0.01889644547121294,23.847415936998942,-377.56262912658696,14.973224683428974,1.0043247418995207,0.034260230597769004,-1,-0.04845317406398268
XLK,day_250,-0.03059209137995622,0.07727499098171586,-0.17083236527703238,27.446124434705183,-321.00483888341347,29.349664653718342,0.7435705270718435,0.04594183416821563,1,0.06002567643962388
XLK,day_300,-0.05407551366503749,-0.1391820331874709,-0.1800745062618465,39.40512820557978,-283.01443467411394,-7.015431648966083,1.014100920668614,0.04040180570194069,-1,-0.05306726321981583
XLK,day_350,0.025933214468699894,0.08480095669260956,0.11294921367399224,76.6111758531333,-259.6083494575985,106.19575907973562,0.9365792145965359,0.04154764015275342,1,0.12177811775180043
XLK,day_400,0.030112264706981584,0.044868814163812054,0.05042037606650962,53.625736213722206,-259.9274655742868,73.54268130804743,0.832544733402286,0.036750957912824136,-1,-0.12038249481332926
XLK,day_450,-0.011480490226538187,-0.0035242933674367594,-0.11833552653292512,30.730620499847745,-300.7463976000191,25.501688288990472,1.200674930930868,0.04311558844790507,1,0.04250719737847928
XLK,day_50,-0.043501443190656186,-0.017584329545582533,0.10013083285364721,40.52638123439577,-465.3018732098044,60.64532521141012,0.7150129074392525,0.03614741052952512,1,0.10221159386130428
XLK,day_100,0.03282145260653402,0.12234817453034275,0.11280409226392107,48.924773802287596,-603.0707577549141,67.21097180480542,1.1625226695691218,0.03779604689126947,1,0.02676326496892583
XLK,day_150,0.02434684487010008,0.023103002789393257,0.05830316089634646,51.69774982626363,-658.3823468557517,62.238008727955155,1.0917534463276444,0.03758188071755424,-1,-0.03355310048936611
XLK,day_200,0.044486501223922836,-0.08417310064687655,0.10415323460521475,53.27155884794144,-690.2410052600211,29.57985155880199,1.1981065584820867,0.03195736243756176,1,0.07136746232074882
XLK,day_250,0.015321503099961165,0.012938055582248698,0.18208562470713807,77.55321974525239,-631.8156730508243,80.07967504272823,1.085675665503075,0.035977163266612065,-1,-0.03475027677414216
XLK,day_300,0.09482243767808263,0.04050975617314756,0.030601977935186042,37.860311444390405,-642.4966919864014,25.900593648766097,1.0788670836994902,0.03374607008761997,-1,-0.058356873262323555
XLK,day_350,-0.014754345626585619,-0.10462989006057044,-0.27336450132178525,27.75367339223611,-623.0472820209675,-0.0730605463070209,1.1558852437702403,0.04403855952042911,0,-0.001799736036897551
XLK,day_400,-0.018913199303058237,0.0012036245457633932,0.02732398588847107,60.18151388557485,-421.2220719624322,92.58054858023614,0.9059277231265421,0.03722853589749972,0,4.166712005570443e-06
XLK,day_450,-0.00458177738887533,-0.06054185645869048,-0.1424057750465001,52.54426773077382,-421.2449029556958,38.38419160303607,1.2341378799684044,0.03757097449318316,-1,-0.016876277575023267
XLK,day_50,0.007238110564513178,0.03602839649362499,0.10000277864804952,78.84953610937364,-498.4917659936036,93.3964638656995,0.9112288403162769,0.027060186108093635,1,0.09096526008127602
XLK,day_100,0.021191174464537665,0.11759318817688946,0.22120633144340784,84.17666659639522,-638.9117186503763,109.58483891610544,1.5841938255772812,0.029644632910329715,-1,-0.07394439534090974
XLK,day_150,0.016702759305789572,0.04201441260566008,0.04753035626679658,49.918108989784784,-609.8130828710903,50.91596246614418,0.8931188820829279,0.031545614913958846,0,0.0050378983444917666
XLK,day_200,-0.007535981414360293,0.04906554707361632,-0.01379298543376084,41.48366788861877,-689.6757441877384,31.398355043094828,0.9681265265185823,0.028934393434339224,-1,-0.08503852351695519
XLK,day_250,0.008425360879973809,0.07724870883430679,-0.030385512167899642,48.870370889310415,-662.7764926346298,60.79406170325357,0.8983403732627525,0.02942934639132504,1,0.06764498502060144
XLK,day_300,0.02796017894422942,0.019793939833705032,-0.19181386731909922,18.039499699044796,-665.2767375642145,16.6855143214254,0.8938873900118038,0.026203078923275655,1,0.08584137012406143
XLK,day_350,-0.005577649566110732,0.02662104366523943,0.05382782515356421,49.45848885767897,-720.4175713860227,71.28594770409076,0.705842620008802,0.029134402305430514,-1,-0.06321223680220588
XLK,day_400,0.013857603568442123,-0.0941224483476295,-0.058619005438754423,47.859856656211214,-790.3594211460685,25.20036162737315,0.9692979137119838,0.03873456734262811,-1,-0.0301930784306492
XLK,day_450,0.02097863067218375,-0.1156020602982516,-0.18625979297812234,13.952093239028798,-678.7788271497685,-4.1143270081817445,0.7792027829448415,0.03283698760609077,-1,-0.053458366825962673
XLK,day_50,-0.037975947315070924,0.006621247642489836,0.2215409075205801,71.39816735071574,-520.4728770288589,94.45621920914263,0.7727908609984099,0.0315180783339333,1,0.014755973198290136
XLK,day_100,0.06225483526272568,0.264357829736108,0.48166324265261684,88.53150817797908,-732.5194677862972,111.25396787899491,1.025419083916663,0.033958592141965,1,0.025447249866781308
XLK,day_150,-0.07487160089092149,-0.16539759087978267,0.10268485548425743,58.59553656071273,-1045.6905540499395,55.57021262233064,0.8717630510311055,0.03128896075258671,1,0.017041871355149063
XLK,day_200,0.04968601574932374,-0.04348571253494582,-0.12934348293139208,37.05612427317584,-712.1182531339995,3.964321106266148,0.9340973363256257,0.03368616824770517,-1,-0.0709560534728587
XLK,day_250,-0.03223393786513218,-0.006119243974440747,-0.15225348473623523,42.222521240033714,-511.4460076606761,37.37928925410617,0.9553979045708969,0.031612538052369306,0,0.00440144532103893
XLK,day_300,0.011161319454227936,0.13184733260856496,0.10924620623689352,65.88543078978122,-518.0819270712769,100.44875900326167,1.2780355666424776,0.029804370772021707,-1,-0.11157895619052277
XLK,day_350,0.057134372473701234,0.020482289929635522,0.12307521027912904,58.659285676098484,-468.83018027466994,63.807058129285764,1.1721543959372813,0.027806903771984418,1,0.07602922277934485
XLK,day_400,-0.02759049842618988,-0.04013795574163004,-0.06616354990580386,38.67001802515085,-577.4144296336168,16.24494859231632,0.7988819792746293,0.03271769343673646,-1,-0.05147655203584683
XLK,day_450,-0.0016865827999238414,0.009195325869548743,-0.0789475157348174,38.882695907079906,-446.79669295056885,34.931361704530936,1.0638277919992893,0.02853167172906885,1,0.13599848770208925
XLK,day_50,-0.011418625064701038,-0.0457433248181639,0.022192628746968035,49.618294915560554,-493.8277291489835,37.31101758632429,1.1581870502888105,0.01691964507229525,1,0.03730847364101189
XLK,day_100,0.03287408974728612,0.04368386062524787,-0.030961906863501865,49.73554107122644,-484.53753122486546,41.114569850775574,0.681650205103517,0.01626541205259855,-1,-0.051863250945897194
XLK,day_150,0.014395266943378893,0.04860933339135398,0.06064870672258493,57.44683699560942,-415.89825320679967,85.81132014540582,1.4856197548182546,0.015010632414335943,-1,-0.022515693366332353
XLK,day_200,-0.002682131281896427,-0.017581476146206976,0.06440720348782558,53.07853833772103,-459.17059773446465,56.76545631076302,0.8493260217552572,0.015012279272740441,-1,-0.030169536055360636
XLK,day_250,0.0116446772394454,0.051590188626290834,0.12464785170845327,82.17759170831488,-518.4707771405538,93.62328203544435,0.9264379871349943,0.013835276617681235,1,0.03313397069081216
XLK,day_300,0.004119359648723897,0.07701536090031258,0.04180775811683124,56.80190019945412,-558.8010222509765,95.34847508199591,1.3495156294996846,0.015849988561269786,-1,-0.011045194719063532
XLK,day_350,-0.005103976609495797,0.008461607671891969,0.10175557729475848,86.25096456148125,-699.3478471039223,83.60063877644582,0.9599989743688325,0.01407856957458488,-1,-0.0276365038134318
XLK,day_400,-0.009706780472284349,-0.0017858116330550233,0.021477771109338573,69.30115477568035,-839.6298670042476,86.46846090654779,0.8695485756824543,0.016379892542289335,1,0.06513124760455732
XLK,day_450,-0.005431439852151221,0.0369124248937065,0.12914820770735824,80.30399742868859,-1052.5961670761487,108.37437032934598,0.9956117809106974,0.014787180482256766,1,0.01630452863483323
XLK,day_50,0.006394987927220708,-0.04539879218818432,-0.1893030652161044,24.40432562672237,-181.2348960112253,8.954563834211323,0.9205513979992181,0.030085525130065835,1,0.14995133667579064
XLK,day_100,-0.06321553621162579,-0.11950998333433205,-0.20693347679072271,20.57668604921787,-201.6064730728681,14.037399132091439,0.7644937394551943,0.03413523472031409,-1,-0.019711816807582702
XLK,day_150,-0.0702189557016869,-0.07521475232523323,-0.13914673776066477,32.97623129671639,-203.4833324814722,15.352040000323552,1.0361160298258283,0.03752122791454232,1,0.13547253907166992
XLK,day_200,-0.00976756561299097,0.0621871164586878,0.0605773281542874,59.89943255552598,-172.66392998294228,87.90671655909867,1.0502856387619846,0.02632784289482569,-1,-0.08765037533292945
XLK,day_250,-0.015435414417511617,0.06693927247372677,0.11430059849921892,59.347120928900075,-131.14701000019386,83.83039924319712,1.1546583278766207,0.03584856367793351,-1,-0.0782932745444477
XLK,day_300,0.017162053668211552,0.0012647450037897023,0.20297787279023582,63.67995429491881,-146.0834112016574,60.24531243203215,0.9743787074467402,0.025674717652625387,1,0.017601309282427133
XLK,day_350,-0.04974013123276555,0.04461884342430111,0.07472503555565724,73.20646631559893,-180.29190936957636,113.4730308730393,0.8727537417051046,0.03241564237002132,-1,-0.026948031231997464
XLK,day_400,-0.023965135618723044,0.010213942966937006,0.010601562113837781,65.21095776354491,-163.85988039839785,87.87726519329273,1.0932992108641533,0.032265246037726084,1,0.12263253497439539
XLK,day_450,0.05426650612557937,0.009889807524742888,-0.10896691104275436,38.814925064849724,-180.73259405452828,5.656690886181205,0.971353698367364,0.030155967402780717,-1,-0.039646005040977525
XLK,day_50,0.02199127701513892,0.01851150506604826,-0.14642445018473393,44.221600266191714,-143.63055761516276,12.52455657189438,0.8760524772904972,0.0306321359366882,0,-0.007047961011457145
XLK,day_100,-0.026782209749594665,0.0693662465719409,0.009543826244884812,42.57905346982801,-118.23512030456686,56.3569397888651,1.13138020248604,0.029723468515276668,-1,-0.09686588594888493
XLK,day_150,-0.02273388771150242,-0.04083785007888141,-0.1738116692522541,35.870281691856675,-107.85252009596209,23.444585282798677,0.668269759757942,0.032512454619480775,-1,-0.02594142012021263
XLK,day_200,0.019196378137352754,-0.006747150842260408,-0.15472467868675455,38.51041932755924,-85.30181348800913,18.55245344436366,0.6495336992197533,0.02824235934359772,-1,-0.08112601854549825
XLK,day_250,-0.035666258357562985,-0.02154642404726559,-0.02336768534126532,55.72266726754019,-73.54373049120004,83.72848088607846,1.1031280608302374,0.02875188690761058,1,0.011169562429146867
XLK,day_300,0.0538760620758838,0.05833021739906119,0.13287080241368043,37.488244198059036,-91.57833060965731,41.35872746902305,1.158583408819215,0.03541987283987065,-1,-0.04273589915186919
XLK,day_350,-0.0264729664732809,0.0026697830445407966,-0.13779190210543413,40.97273282591105,-89.51357703738807,30.905076940927785,0.8512151367325312,0.03278431775060755,1,0.16387941855658295
XLK,day_400,0.04468915343299695,0.07654753798676128,0.020798957367810678,58.01837564723891,-86.01648758216744,62.17075408459868,1.0976923461950832,0.03626278889263273,-1,-0.12454060861101224
XLK,day_450,-0.0019034882576856038,0.06837529913174434,-0.06202499740955547,46.23305475126366,-64.47045800839405,51.370715206819774,1.0383112315394267,0.030784392009026027,0,-0.0015999407507519161
XLK,day_50,-0.0068233280854860245,-0.08250062991132101,-0.044880852099723145,46.81475053277898,-360.52636011570866,16.135133406004314,0.8773663332396686,0.02095352235908208,1,0.06477398036036115
XLK,day_100,0.010329182069934495,-0.04148772227703179,0.0849148979881642,54.27963060706341,-369.7394508103601,61.100102723742744,1.0274768229856701,0.026349493557746517,-1,-0.03525108483150407
XLK,day_150,0.009245880316242294,0.025922083063125045,-0.12998964087912368,29.935785419309838,-330.2914147836968,16.373677330270798,1.2613776569785808,0.022312849074763746,-1,-0.0138800457540413
XLK,day_200,0.0025864104486374995,-0.032493155606257984,-0.07943769314999971,42.0676971050407,-234.40223300953687,14.779793777750506,0.8551346075852458,0.024791709395013274,1,0.014891281503318842
XLK,day_250,0.05038264530615155,0.048109591574232446,-0.005315286533585373,28.606419671006535,-197.24893712611936,20.422800903467255,0.993718943524489,0.02165127542793443,-1,-0.07667809737698224
XLK,day_300,-0.03367033149759813,-0.02765682086351051,0.13067169887544305,79.07636607632105,-236.31595845759534,76.7594158601071,0.9330187584503469,0.02474841447629492,1,0.04294232105005564
XLK,day_350,-0.011169646436702929,-0.027884289113950023,0.10472245574931627,66.26290678303087,-284.19601444926894,71.58064985106957,0.9789723505662543,0.024898060713080924,1,0.02565192648499485
XLK,day_400,-0.028392160266079824,0.021182195306593377,0.0006481493260976912,62.151326372443776,-307.8089987147529,103.8489049521649,1.115995912086678,0.018628097102310295,-1,-0.048143923964499506
XLK,day_450,0.012278977170593341,-0.052491048123802675,0.1376570407453177,57.311085286160136,-315.0256200616604,55.36179214252562,0.8311641013082913,0.023043046862371214,1,0.03435852151778326
XLK,day_50,0.0023932826220243175,0.019400715177421812,0.041793370904562144,52.853417301820684,-396.89389647457375,52.271010615082105,0.8945152741871375,0.010514052688621238,0,-0.0020014836357952
XLK,day_100,-0.0035853213328604916,0.00024236815135414425,-0.05059176758759454,59.801820367023545,-373.7430616011739,40.46992778687829,1.0079797041838403,0.011192536767567337,1,0.032801449047651685
XLK,day_150,0.006054700474247721,0.014137647922223495,0.050433414957939515,75.4499356875252,-395.6477082752232,83.01772217509665,1.0172199611880823,0.012613374999447629,-1,-0.030811689500405734
XLK,day_200,-0.0006835341109662219,-0.025702048588363113,-0.016138068331019162,36.61350320387035,-426.8187335001304,3.2975666567480717,0.877352636068349,0.012413135824197914,-1,-0.012695526412568095
XLK,day_250,-0.007710753492566669,-0.08740391041480688,-0.13695343783215141,9.77979458150655,-360.441486217153,-10.569143868227178,1.0170114530608436,0.012168710642708068,-1,-0.041912052510110175
XLK,day_300,0.016035194576474954,0.006491988373942936,-0.007235928157089178,44.5001104437669,-328.6626475041699,20.823898967798808,0.8884533336696081,0.013228580176791177,-1,-0.010111035679110446
XLK,day_350,-0.017068640797547996,0.009553434366003755,0.012440075960954866,51.98422039006986,-313.90166664116606,84.7680123721094,1.0825648069365827,0.013743232291888754,1,0.012083460753276532
XLK,day_400,0.018007381128225974,0.046668748432336704,-0.00487548249572034,48.69926041175159,-299.31622221823056,51.933327767780014,1.2406690602765773,0.013855450004901616,-1,-0.01769544824072962
XLK,day_450,0.002045743844915515,0.0002579951639665179,0.05315920174238542,54.469313624100174,-324.164543208595,57.66137416328503,0.7990357991623418,0.012144164806163017,0,-0.0035971433868810542
